p.Lys1Gln,Lys,1,Gln,AAG,CAG
p.Lys1Glu,Lys,1,Glu,AAG,GAG
p.Lys1Asn,Lys,1,Asn,AAG,AAT
p.Lys1Thr,Lys,1,Thr,AAG,ACG
p.Lys1Ter,Lys,1,Ter,AAG,TAG
p.Lys1Met,Lys,1,Met,AAG,ATG
p.Lys1Arg,Lys,1,Arg,AAG,AGG
p.Leu2Ile,Leu,2,Ile,CTA,ATA
p.Leu2Gln,Leu,2,Gln,CTA,CAA
p.Leu2Arg,Leu,2,Arg,CTA,CGA
p.Leu2Val,Leu,2,Val,CTA,GTA
p.Leu2Pro,Leu,2,Pro,CTA,CCA
p.Leu3Gln,Leu,3,Gln,CTG,CAG
p.Leu3Pro,Leu,3,Pro,CTG,CCG
p.Leu3Val,Leu,3,Val,CTG,GTG
p.Leu3Met,Leu,3,Met,CTG,ATG
p.Leu3Arg,Leu,3,Arg,CTG,CGG
p.Ser4Ala,Ser,4,Ala,TCT,GCT
p.Ser4Cys,Ser,4,Cys,TCT,TGT
p.Ser4Pro,Ser,4,Pro,TCT,CCT
p.Ser4Phe,Ser,4,Phe,TCT,TTT
p.Ser4Tyr,Ser,4,Tyr,TCT,TAT
p.Ser4Thr,Ser,4,Thr,TCT,ACT
p.Ser5Ala,Ser,5,Ala,TCT,GCT
p.Ser5Cys,Ser,5,Cys,TCT,TGT
p.Ser5Pro,Ser,5,Pro,TCT,CCT
p.Ser5Phe,Ser,5,Phe,TCT,TTT
p.Ser5Tyr,Ser,5,Tyr,TCT,TAT
p.Ser5Thr,Ser,5,Thr,TCT,ACT
p.Ile6Asn,Ile,6,Asn,ATC,AAC
p.Ile6Thr,Ile,6,Thr,ATC,ACC
p.Ile6Phe,Ile,6,Phe,ATC,TTC
p.Ile6Met,Ile,6,Met,ATC,ATG
p.Ile6Val,Ile,6,Val,ATC,GTC
p.Ile6Ser,Ile,6,Ser,ATC,AGC
p.Ile6Leu,Ile,6,Leu,ATC,CTC
p.Glu7Gly,Glu,7,Gly,GAA,GGA
p.Glu7Ala,Glu,7,Ala,GAA,GCA
p.Glu7Asp,Glu,7,Asp,GAA,GAT
p.Glu7Lys,Glu,7,Lys,GAA,AAA
p.Glu7Gln,Glu,7,Gln,GAA,CAA
p.Glu7Val,Glu,7,Val,GAA,GTA
p.Glu7Ter,Glu,7,Ter,GAA,TAA
p.Gln8Lys,Gln,8,Lys,CAA,AAA
p.Gln8Glu,Gln,8,Glu,CAA,GAA
p.Gln8His,Gln,8,His,CAA,CAT
p.Gln8Arg,Gln,8,Arg,CAA,CGA
p.Gln8Leu,Gln,8,Leu,CAA,CTA
p.Gln8Ter,Gln,8,Ter,CAA,TAA
p.Gln8Pro,Gln,8,Pro,CAA,CCA
p.Ala9Gly,Ala,9,Gly,GCA,GGA
p.Ala9Glu,Ala,9,Glu,GCA,GAA
p.Ala9Ser,Ala,9,Ser,GCA,TCA
p.Ala9Val,Ala,9,Val,GCA,GTA
p.Ala9Thr,Ala,9,Thr,GCA,ACA
p.Ala9Pro,Ala,9,Pro,GCA,CCA
p.Cys10Ter,Cys,10,Ter,TGC,TGA
p.Cys10Arg,Cys,10,Arg,TGC,CGC
p.Cys10Phe,Cys,10,Phe,TGC,TTC
p.Cys10Trp,Cys,10,Trp,TGC,TGG
p.Cys10Tyr,Cys,10,Tyr,TGC,TAC
p.Cys10Gly,Cys,10,Gly,TGC,GGC
p.Cys10Ser,Cys,10,Ser,TGC,AGC
p.Asp11Glu,Asp,11,Glu,GAT,GAA
p.Asp11Ala,Asp,11,Ala,GAT,GCT
p.Asp11Asn,Asp,11,Asn,GAT,AAT
p.Asp11His,Asp,11,His,GAT,CAT
p.Asp11Val,Asp,11,Val,GAT,GTT
p.Asp11Gly,Asp,11,Gly,GAT,GGT
p.Asp11Tyr,Asp,11,Tyr,GAT,TAT
p.Ile12Asn,Ile,12,Asn,ATT,AAT
p.Ile12Leu,Ile,12,Leu,ATT,CTT
p.Ile12Met,Ile,12,Met,ATT,ATG
p.Ile12Val,Ile,12,Val,ATT,GTT
p.Ile12Ser,Ile,12,Ser,ATT,AGT
p.Ile12Phe,Ile,12,Phe,ATT,TTT
p.Ile12Thr,Ile,12,Thr,ATT,ACT
p.Cys13Ter,Cys,13,Ter,TGC,TGA
p.Cys13Arg,Cys,13,Arg,TGC,CGC
p.Cys13Phe,Cys,13,Phe,TGC,TTC
p.Cys13Trp,Cys,13,Trp,TGC,TGG
p.Cys13Tyr,Cys,13,Tyr,TGC,TAC
p.Cys13Gly,Cys,13,Gly,TGC,GGC
p.Cys13Ser,Cys,13,Ser,TGC,AGC
p.Arg14Gly,Arg,14,Gly,CGA,GGA
p.Arg14Ter,Arg,14,Ter,CGA,TGA
p.Arg14Gln,Arg,14,Gln,CGA,CAA
p.Arg14Leu,Arg,14,Leu,CGA,CTA
p.Arg14Pro,Arg,14,Pro,CGA,CCA
p.Leu15His,Leu,15,His,CTT,CAT
p.Leu15Ile,Leu,15,Ile,CTT,ATT
p.Leu15Pro,Leu,15,Pro,CTT,CCT
p.Leu15Val,Leu,15,Val,CTT,GTT
p.Leu15Phe,Leu,15,Phe,CTT,TTT
p.Leu15Arg,Leu,15,Arg,CTT,CGT
p.Lys16Ile,Lys,16,Ile,AAA,ATA
p.Lys16Glu,Lys,16,Glu,AAA,GAA
p.Lys16Asn,Lys,16,Asn,AAA,AAT
p.Lys16Gln,Lys,16,Gln,AAA,CAA
p.Lys16Arg,Lys,16,Arg,AAA,AGA
p.Lys16Thr,Lys,16,Thr,AAA,ACA
p.Lys16Ter,Lys,16,Ter,AAA,TAA
p.Lys17Gln,Lys,17,Gln,AAG,CAG
p.Lys17Glu,Lys,17,Glu,AAG,GAG
p.Lys17Asn,Lys,17,Asn,AAG,AAT
p.Lys17Thr,Lys,17,Thr,AAG,ACG
p.Lys17Ter,Lys,17,Ter,AAG,TAG
p.Lys17Met,Lys,17,Met,AAG,ATG
p.Lys17Arg,Lys,17,Arg,AAG,AGG
p.Leu18His,Leu,18,His,CTC,CAC
p.Leu18Arg,Leu,18,Arg,CTC,CGC
p.Leu18Phe,Leu,18,Phe,CTC,TTC
p.Leu18Pro,Leu,18,Pro,CTC,CCC
p.Leu18Ile,Leu,18,Ile,CTC,ATC
p.Leu18Val,Leu,18,Val,CTC,GTC
p.Lys19Gln,Lys,19,Gln,AAG,CAG
p.Lys19Glu,Lys,19,Glu,AAG,GAG
p.Lys19Asn,Lys,19,Asn,AAG,AAT
p.Lys19Thr,Lys,19,Thr,AAG,ACG
p.Lys19Ter,Lys,19,Ter,AAG,TAG
p.Lys19Met,Lys,19,Met,AAG,ATG
p.Lys19Arg,Lys,19,Arg,AAG,AGG
p.Cys20Ter,Cys,20,Ter,TGC,TGA
p.Cys20Arg,Cys,20,Arg,TGC,CGC
p.Cys20Phe,Cys,20,Phe,TGC,TTC
p.Cys20Trp,Cys,20,Trp,TGC,TGG
p.Cys20Tyr,Cys,20,Tyr,TGC,TAC
p.Cys20Gly,Cys,20,Gly,TGC,GGC
p.Cys20Ser,Cys,20,Ser,TGC,AGC
p.Ser21Thr,Ser,21,Thr,TCC,ACC
p.Ser21Cys,Ser,21,Cys,TCC,TGC
p.Ser21Phe,Ser,21,Phe,TCC,TTC
p.Ser21Pro,Ser,21,Pro,TCC,CCC
p.Ser21Ala,Ser,21,Ala,TCC,GCC
p.Ser21Tyr,Ser,21,Tyr,TCC,TAC
p.Lys22Ile,Lys,22,Ile,AAA,ATA
p.Lys22Glu,Lys,22,Glu,AAA,GAA
p.Lys22Asn,Lys,22,Asn,AAA,AAT
p.Lys22Gln,Lys,22,Gln,AAA,CAA
p.Lys22Arg,Lys,22,Arg,AAA,AGA
p.Lys22Thr,Lys,22,Thr,AAA,ACA
p.Lys22Ter,Lys,22,Ter,AAA,TAA
p.Glu23Gly,Glu,23,Gly,GAA,GGA
p.Glu23Ala,Glu,23,Ala,GAA,GCA
p.Glu23Asp,Glu,23,Asp,GAA,GAT
p.Glu23Lys,Glu,23,Lys,GAA,AAA
p.Glu23Gln,Glu,23,Gln,GAA,CAA
p.Glu23Val,Glu,23,Val,GAA,GTA
p.Glu23Ter,Glu,23,Ter,GAA,TAA
p.Lys24Ile,Lys,24,Ile,AAA,ATA
p.Lys24Glu,Lys,24,Glu,AAA,GAA
p.Lys24Asn,Lys,24,Asn,AAA,AAT
p.Lys24Gln,Lys,24,Gln,AAA,CAA
p.Lys24Arg,Lys,24,Arg,AAA,AGA
p.Lys24Thr,Lys,24,Thr,AAA,ACA
p.Lys24Ter,Lys,24,Ter,AAA,TAA
p.Pro25Gln,Pro,25,Gln,CCG,CAG
p.Pro25Thr,Pro,25,Thr,CCG,ACG
p.Pro25Arg,Pro,25,Arg,CCG,CGG
p.Pro25Leu,Pro,25,Leu,CCG,CTG
p.Pro25Ala,Pro,25,Ala,CCG,GCG
p.Pro25Ser,Pro,25,Ser,CCG,TCG
p.Lys26Gln,Lys,26,Gln,AAG,CAG
p.Lys26Glu,Lys,26,Glu,AAG,GAG
p.Lys26Asn,Lys,26,Asn,AAG,AAT
p.Lys26Thr,Lys,26,Thr,AAG,ACG
p.Lys26Ter,Lys,26,Ter,AAG,TAG
p.Lys26Met,Lys,26,Met,AAG,ATG
p.Lys26Arg,Lys,26,Arg,AAG,AGG
p.Cys27Ter,Cys,27,Ter,TGC,TGA
p.Cys27Arg,Cys,27,Arg,TGC,CGC
p.Cys27Phe,Cys,27,Phe,TGC,TTC
p.Cys27Trp,Cys,27,Trp,TGC,TGG
p.Cys27Tyr,Cys,27,Tyr,TGC,TAC
p.Cys27Gly,Cys,27,Gly,TGC,GGC
p.Cys27Ser,Cys,27,Ser,TGC,AGC
p.Ala28Ser,Ala,28,Ser,GCC,TCC
p.Ala28Thr,Ala,28,Thr,GCC,ACC
p.Ala28Asp,Ala,28,Asp,GCC,GAC
p.Ala28Pro,Ala,28,Pro,GCC,CCC
p.Ala28Gly,Ala,28,Gly,GCC,GGC
p.Ala28Val,Ala,28,Val,GCC,GTC
p.Lys29Gln,Lys,29,Gln,AAG,CAG
p.Lys29Glu,Lys,29,Glu,AAG,GAG
p.Lys29Asn,Lys,29,Asn,AAG,AAT
p.Lys29Thr,Lys,29,Thr,AAG,ACG
p.Lys29Ter,Lys,29,Ter,AAG,TAG
p.Lys29Met,Lys,29,Met,AAG,ATG
p.Lys29Arg,Lys,29,Arg,AAG,AGG
p.Cys30Ter,Cys,30,Ter,TGT,TGA
p.Cys30Trp,Cys,30,Trp,TGT,TGG
p.Cys30Ser,Cys,30,Ser,TGT,AGT
p.Cys30Gly,Cys,30,Gly,TGT,GGT
p.Cys30Phe,Cys,30,Phe,TGT,TTT
p.Cys30Arg,Cys,30,Arg,TGT,CGT
p.Cys30Tyr,Cys,30,Tyr,TGT,TAT
p.Leu31Gln,Leu,31,Gln,CTG,CAG
p.Leu31Pro,Leu,31,Pro,CTG,CCG
p.Leu31Val,Leu,31,Val,CTG,GTG
p.Leu31Met,Leu,31,Met,CTG,ATG
p.Leu31Arg,Leu,31,Arg,CTG,CGG
p.Lys32Gln,Lys,32,Gln,AAG,CAG
p.Lys32Glu,Lys,32,Glu,AAG,GAG
p.Lys32Asn,Lys,32,Asn,AAG,AAT
p.Lys32Thr,Lys,32,Thr,AAG,ACG
p.Lys32Ter,Lys,32,Ter,AAG,TAG
p.Lys32Met,Lys,32,Met,AAG,ATG
p.Lys32Arg,Lys,32,Arg,AAG,AGG
p.Asn33Thr,Asn,33,Thr,AAC,ACC
p.Asn33Lys,Asn,33,Lys,AAC,AAA
p.Asn33Asp,Asn,33,Asp,AAC,GAC
p.Asn33Tyr,Asn,33,Tyr,AAC,TAC
p.Asn33Ile,Asn,33,Ile,AAC,ATC
p.Asn33His,Asn,33,His,AAC,CAC
p.Asn33Ser,Asn,33,Ser,AAC,AGC
p.Asn34Thr,Asn,34,Thr,AAC,ACC
p.Asn34Lys,Asn,34,Lys,AAC,AAA
p.Asn34Asp,Asn,34,Asp,AAC,GAC
p.Asn34Tyr,Asn,34,Tyr,AAC,TAC
p.Asn34Ile,Asn,34,Ile,AAC,ATC
p.Asn34His,Asn,34,His,AAC,CAC
p.Asn34Ser,Asn,34,Ser,AAC,AGC
p.Trp35Cys,Trp,35,Cys,TGG,TGT
p.Trp35Ter,Trp,35,Ter,TGG,TAG
p.Trp35Leu,Trp,35,Leu,TGG,TTG
p.Trp35Arg,Trp,35,Arg,TGG,CGG
p.Trp35Ser,Trp,35,Ser,TGG,TCG
p.Trp35Gly,Trp,35,Gly,TGG,GGG
p.Glu36Lys,Glu,36,Lys,GAG,AAG
p.Glu36Gln,Glu,36,Gln,GAG,CAG
p.Glu36Asp,Glu,36,Asp,GAG,GAT
p.Glu36Ter,Glu,36,Ter,GAG,TAG
p.Glu36Val,Glu,36,Val,GAG,GTG
p.Glu36Ala,Glu,36,Ala,GAG,GCG
p.Glu36Gly,Glu,36,Gly,GAG,GGG
p.Cys37Ter,Cys,37,Ter,TGT,TGA
p.Cys37Trp,Cys,37,Trp,TGT,TGG
p.Cys37Ser,Cys,37,Ser,TGT,AGT
p.Cys37Gly,Cys,37,Gly,TGT,GGT
p.Cys37Phe,Cys,37,Phe,TGT,TTT
p.Cys37Arg,Cys,37,Arg,TGT,CGT
p.Cys37Tyr,Cys,37,Tyr,TGT,TAT
p.Arg38Cys,Arg,38,Cys,CGC,TGC
p.Arg38His,Arg,38,His,CGC,CAC
p.Arg38Pro,Arg,38,Pro,CGC,CCC
p.Arg38Gly,Arg,38,Gly,CGC,GGC
p.Arg38Ser,Arg,38,Ser,CGC,AGC
p.Arg38Leu,Arg,38,Leu,CGC,CTC
p.Tyr39Asn,Tyr,39,Asn,TAC,AAC
p.Tyr39Ser,Tyr,39,Ser,TAC,TCC
p.Tyr39Cys,Tyr,39,Cys,TAC,TGC
p.Tyr39Phe,Tyr,39,Phe,TAC,TTC
p.Tyr39Asp,Tyr,39,Asp,TAC,GAC
p.Tyr39Ter,Tyr,39,Ter,TAC,TAA
p.Tyr39His,Tyr,39,His,TAC,CAC
p.Ser40Ala,Ser,40,Ala,TCT,GCT
p.Ser40Cys,Ser,40,Cys,TCT,TGT
p.Ser40Pro,Ser,40,Pro,TCT,CCT
p.Ser40Phe,Ser,40,Phe,TCT,TTT
p.Ser40Tyr,Ser,40,Tyr,TCT,TAT
p.Ser40Thr,Ser,40,Thr,TCT,ACT
p.Pro41Ser,Pro,41,Ser,CCC,TCC
p.Pro41Thr,Pro,41,Thr,CCC,ACC
p.Pro41Arg,Pro,41,Arg,CCC,CGC
p.Pro41Ala,Pro,41,Ala,CCC,GCC
p.Pro41His,Pro,41,His,CCC,CAC
p.Pro41Leu,Pro,41,Leu,CCC,CTC
p.Lys42Ile,Lys,42,Ile,AAA,ATA
p.Lys42Glu,Lys,42,Glu,AAA,GAA
p.Lys42Asn,Lys,42,Asn,AAA,AAT
p.Lys42Gln,Lys,42,Gln,AAA,CAA
p.Lys42Arg,Lys,42,Arg,AAA,AGA
p.Lys42Thr,Lys,42,Thr,AAA,ACA
p.Lys42Ter,Lys,42,Ter,AAA,TAA
p.Thr43Asn,Thr,43,Asn,ACC,AAC
p.Thr43Ser,Thr,43,Ser,ACC,TCC
p.Thr43Pro,Thr,43,Pro,ACC,CCC
p.Thr43Ala,Thr,43,Ala,ACC,GCC
p.Thr43Ile,Thr,43,Ile,ACC,ATC
p.Lys44Ile,Lys,44,Ile,AAA,ATA
p.Lys44Glu,Lys,44,Glu,AAA,GAA
p.Lys44Asn,Lys,44,Asn,AAA,AAT
p.Lys44Gln,Lys,44,Gln,AAA,CAA
p.Lys44Arg,Lys,44,Arg,AAA,AGA
p.Lys44Thr,Lys,44,Thr,AAA,ACA
p.Lys44Ter,Lys,44,Ter,AAA,TAA
p.Arg45Lys,Arg,45,Lys,AGG,AAG
p.Arg45Thr,Arg,45,Thr,AGG,ACG
p.Arg45Trp,Arg,45,Trp,AGG,TGG
p.Arg45Met,Arg,45,Met,AGG,ATG
p.Arg45Ser,Arg,45,Ser,AGG,AGT
p.Arg45Gly,Arg,45,Gly,AGG,GGG
p.Ser46Ala,Ser,46,Ala,TCT,GCT
p.Ser46Cys,Ser,46,Cys,TCT,TGT
p.Ser46Pro,Ser,46,Pro,TCT,CCT
p.Ser46Phe,Ser,46,Phe,TCT,TTT
p.Ser46Tyr,Ser,46,Tyr,TCT,TAT
p.Ser46Thr,Ser,46,Thr,TCT,ACT
p.Pro47Gln,Pro,47,Gln,CCG,CAG
p.Pro47Thr,Pro,47,Thr,CCG,ACG
p.Pro47Arg,Pro,47,Arg,CCG,CGG
p.Pro47Leu,Pro,47,Leu,CCG,CTG
p.Pro47Ala,Pro,47,Ala,CCG,GCG
p.Pro47Ser,Pro,47,Ser,CCG,TCG
p.Leu48Gln,Leu,48,Gln,CTG,CAG
p.Leu48Pro,Leu,48,Pro,CTG,CCG
p.Leu48Val,Leu,48,Val,CTG,GTG
p.Leu48Met,Leu,48,Met,CTG,ATG
p.Leu48Arg,Leu,48,Arg,CTG,CGG
p.Thr49Ser,Thr,49,Ser,ACT,TCT
p.Thr49Ala,Thr,49,Ala,ACT,GCT
p.Thr49Asn,Thr,49,Asn,ACT,AAT
p.Thr49Ile,Thr,49,Ile,ACT,ATT
p.Thr49Pro,Thr,49,Pro,ACT,CCT
p.Arg50Lys,Arg,50,Lys,AGG,AAG
p.Arg50Thr,Arg,50,Thr,AGG,ACG
p.Arg50Trp,Arg,50,Trp,AGG,TGG
p.Arg50Met,Arg,50,Met,AGG,ATG
p.Arg50Ser,Arg,50,Ser,AGG,AGT
p.Arg50Gly,Arg,50,Gly,AGG,GGG
p.Ala51Gly,Ala,51,Gly,GCA,GGA
p.Ala51Glu,Ala,51,Glu,GCA,GAA
p.Ala51Ser,Ala,51,Ser,GCA,TCA
p.Ala51Val,Ala,51,Val,GCA,GTA
p.Ala51Thr,Ala,51,Thr,GCA,ACA
p.Ala51Pro,Ala,51,Pro,GCA,CCA
p.His52Asn,His,52,Asn,CAT,AAT
p.His52Gln,His,52,Gln,CAT,CAA
p.His52Leu,His,52,Leu,CAT,CTT
p.His52Pro,His,52,Pro,CAT,CCT
p.His52Asp,His,52,Asp,CAT,GAT
p.His52Arg,His,52,Arg,CAT,CGT
p.His52Tyr,His,52,Tyr,CAT,TAT
p.Leu53Gln,Leu,53,Gln,CTG,CAG
p.Leu53Pro,Leu,53,Pro,CTG,CCG
p.Leu53Val,Leu,53,Val,CTG,GTG
p.Leu53Met,Leu,53,Met,CTG,ATG
p.Leu53Arg,Leu,53,Arg,CTG,CGG
p.Thr54Ile,Thr,54,Ile,ACA,ATA
p.Thr54Ala,Thr,54,Ala,ACA,GCA
p.Thr54Lys,Thr,54,Lys,ACA,AAA
p.Thr54Ser,Thr,54,Ser,ACA,TCA
p.Thr54Arg,Thr,54,Arg,ACA,AGA
p.Thr54Pro,Thr,54,Pro,ACA,CCA
p.Glu55Gly,Glu,55,Gly,GAA,GGA
p.Glu55Ala,Glu,55,Ala,GAA,GCA
p.Glu55Asp,Glu,55,Asp,GAA,GAT
p.Glu55Lys,Glu,55,Lys,GAA,AAA
p.Glu55Gln,Glu,55,Gln,GAA,CAA
p.Glu55Val,Glu,55,Val,GAA,GTA
p.Glu55Ter,Glu,55,Ter,GAA,TAA
p.Val56Glu,Val,56,Glu,GTG,GAG
p.Val56Leu,Val,56,Leu,GTG,TTG
p.Val56Met,Val,56,Met,GTG,ATG
p.Val56Ala,Val,56,Ala,GTG,GCG
p.Val56Gly,Val,56,Gly,GTG,GGG
p.Glu57Gly,Glu,57,Gly,GAA,GGA
p.Glu57Ala,Glu,57,Ala,GAA,GCA
p.Glu57Asp,Glu,57,Asp,GAA,GAT
p.Glu57Lys,Glu,57,Lys,GAA,AAA
p.Glu57Gln,Glu,57,Gln,GAA,CAA
p.Glu57Val,Glu,57,Val,GAA,GTA
p.Glu57Ter,Glu,57,Ter,GAA,TAA
p.Ser58Ala,Ser,58,Ala,TCA,GCA
p.Ser58Thr,Ser,58,Thr,TCA,ACA
p.Ser58Ter,Ser,58,Ter,TCA,TAA
p.Ser58Pro,Ser,58,Pro,TCA,CCA
p.Ser58Leu,Ser,58,Leu,TCA,TTA
p.Arg59Lys,Arg,59,Lys,AGG,AAG
p.Arg59Thr,Arg,59,Thr,AGG,ACG
p.Arg59Trp,Arg,59,Trp,AGG,TGG
p.Arg59Met,Arg,59,Met,AGG,ATG
p.Arg59Ser,Arg,59,Ser,AGG,AGT
p.Arg59Gly,Arg,59,Gly,AGG,GGG
p.Leu60Ile,Leu,60,Ile,CTA,ATA
p.Leu60Gln,Leu,60,Gln,CTA,CAA
p.Leu60Arg,Leu,60,Arg,CTA,CGA
p.Leu60Val,Leu,60,Val,CTA,GTA
p.Leu60Pro,Leu,60,Pro,CTA,CCA
p.Glu61Gly,Glu,61,Gly,GAA,GGA
p.Glu61Ala,Glu,61,Ala,GAA,GCA
p.Glu61Asp,Glu,61,Asp,GAA,GAT
p.Glu61Lys,Glu,61,Lys,GAA,AAA
p.Glu61Gln,Glu,61,Gln,GAA,CAA
p.Glu61Val,Glu,61,Val,GAA,GTA
p.Glu61Ter,Glu,61,Ter,GAA,TAA
p.Arg62Gly,Arg,62,Gly,AGA,GGA
p.Arg62Ile,Arg,62,Ile,AGA,ATA
p.Arg62Lys,Arg,62,Lys,AGA,AAA
p.Arg62Ter,Arg,62,Ter,AGA,TGA
p.Arg62Ser,Arg,62,Ser,AGA,AGT
p.Arg62Thr,Arg,62,Thr,AGA,ACA
p.Leu63Gln,Leu,63,Gln,CTG,CAG
p.Leu63Pro,Leu,63,Pro,CTG,CCG
p.Leu63Val,Leu,63,Val,CTG,GTG
p.Leu63Met,Leu,63,Met,CTG,ATG
p.Leu63Arg,Leu,63,Arg,CTG,CGG
p.Glu64Gly,Glu,64,Gly,GAA,GGA
p.Glu64Ala,Glu,64,Ala,GAA,GCA
p.Glu64Asp,Glu,64,Asp,GAA,GAT
p.Glu64Lys,Glu,64,Lys,GAA,AAA
p.Glu64Gln,Glu,64,Gln,GAA,CAA
p.Glu64Val,Glu,64,Val,GAA,GTA
p.Glu64Ter,Glu,64,Ter,GAA,TAA
