p.Thr1Asn,Thr,1,Asn,ACC,AAC
p.Thr1Ser,Thr,1,Ser,ACC,TCC
p.Thr1Pro,Thr,1,Pro,ACC,CCC
p.Thr1Ala,Thr,1,Ala,ACC,GCC
p.Thr1Ile,Thr,1,Ile,ACC,ATC
p.Glu2Lys,Glu,2,Lys,GAG,AAG
p.Glu2Gln,Glu,2,Gln,GAG,CAG
p.Glu2Asp,Glu,2,Asp,GAG,GAT
p.Glu2Ter,Glu,2,Ter,GAG,TAG
p.Glu2Val,Glu,2,Val,GAG,GTG
p.Glu2Ala,Glu,2,Ala,GAG,GCG
p.Glu2Gly,Glu,2,Gly,GAG,GGG
p.Thr3Asn,Thr,3,Asn,ACC,AAC
p.Thr3Ser,Thr,3,Ser,ACC,TCC
p.Thr3Pro,Thr,3,Pro,ACC,CCC
p.Thr3Ala,Thr,3,Ala,ACC,GCC
p.Thr3Ile,Thr,3,Ile,ACC,ATC
p.Ala4Ser,Ala,4,Ser,GCC,TCC
p.Ala4Thr,Ala,4,Thr,GCC,ACC
p.Ala4Asp,Ala,4,Asp,GCC,GAC
p.Ala4Pro,Ala,4,Pro,GCC,CCC
p.Ala4Gly,Ala,4,Gly,GCC,GGC
p.Ala4Val,Ala,4,Val,GCC,GTC
p.Trp5Cys,Trp,5,Cys,TGG,TGT
p.Trp5Ter,Trp,5,Ter,TGG,TAG
p.Trp5Leu,Trp,5,Leu,TGG,TTG
p.Trp5Arg,Trp,5,Arg,TGG,CGG
p.Trp5Ser,Trp,5,Ser,TGG,TCG
p.Trp5Gly,Trp,5,Gly,TGG,GGG
p.Ile6Asn,Ile,6,Asn,ATC,AAC
p.Ile6Thr,Ile,6,Thr,ATC,ACC
p.Ile6Phe,Ile,6,Phe,ATC,TTC
p.Ile6Met,Ile,6,Met,ATC,ATG
p.Ile6Val,Ile,6,Val,ATC,GTC
p.Ile6Ser,Ile,6,Ser,ATC,AGC
p.Ile6Leu,Ile,6,Leu,ATC,CTC
p.Ser7Thr,Ser,7,Thr,TCC,ACC
p.Ser7Cys,Ser,7,Cys,TCC,TGC
p.Ser7Phe,Ser,7,Phe,TCC,TTC
p.Ser7Pro,Ser,7,Pro,TCC,CCC
p.Ser7Ala,Ser,7,Ala,TCC,GCC
p.Ser7Tyr,Ser,7,Tyr,TCC,TAC
p.Leu8Ter,Leu,8,Ter,TTG,TAG
p.Leu8Trp,Leu,8,Trp,TTG,TGG
p.Leu8Met,Leu,8,Met,TTG,ATG
p.Leu8Val,Leu,8,Val,TTG,GTG
p.Leu8Phe,Leu,8,Phe,TTG,TTT
p.Leu8Ser,Leu,8,Ser,TTG,TCG
p.Val9Glu,Val,9,Glu,GTG,GAG
p.Val9Leu,Val,9,Leu,GTG,TTG
p.Val9Met,Val,9,Met,GTG,ATG
p.Val9Ala,Val,9,Ala,GTG,GCG
p.Val9Gly,Val,9,Gly,GTG,GGG
p.Thr10Asn,Thr,10,Asn,ACC,AAC
p.Thr10Ser,Thr,10,Ser,ACC,TCC
p.Thr10Pro,Thr,10,Pro,ACC,CCC
p.Thr10Ala,Thr,10,Ala,ACC,GCC
p.Thr10Ile,Thr,10,Ile,ACC,ATC
p.Ala11Ser,Ala,11,Ser,GCT,TCT
p.Ala11Pro,Ala,11,Pro,GCT,CCT
p.Ala11Val,Ala,11,Val,GCT,GTT
p.Ala11Gly,Ala,11,Gly,GCT,GGT
p.Ala11Asp,Ala,11,Asp,GCT,GAT
p.Ala11Thr,Ala,11,Thr,GCT,ACT
p.Leu12Gln,Leu,12,Gln,CTG,CAG
p.Leu12Pro,Leu,12,Pro,CTG,CCG
p.Leu12Val,Leu,12,Val,CTG,GTG
p.Leu12Met,Leu,12,Met,CTG,ATG
p.Leu12Arg,Leu,12,Arg,CTG,CGG
p.His13Asn,His,13,Asn,CAT,AAT
p.His13Gln,His,13,Gln,CAT,CAA
p.His13Leu,His,13,Leu,CAT,CTT
p.His13Pro,His,13,Pro,CAT,CCT
p.His13Asp,His,13,Asp,CAT,GAT
p.His13Arg,His,13,Arg,CAT,CGT
p.His13Tyr,His,13,Tyr,CAT,TAT
p.Leu14Ile,Leu,14,Ile,CTA,ATA
p.Leu14Gln,Leu,14,Gln,CTA,CAA
p.Leu14Arg,Leu,14,Arg,CTA,CGA
p.Leu14Val,Leu,14,Val,CTA,GTA
p.Leu14Pro,Leu,14,Pro,CTA,CCA
p.Val15Glu,Val,15,Glu,GTG,GAG
p.Val15Leu,Val,15,Leu,GTG,TTG
p.Val15Met,Val,15,Met,GTG,ATG
p.Val15Ala,Val,15,Ala,GTG,GCG
p.Val15Gly,Val,15,Gly,GTG,GGG
p.Leu16Gln,Leu,16,Gln,CTG,CAG
p.Leu16Pro,Leu,16,Pro,CTG,CCG
p.Leu16Val,Leu,16,Val,CTG,GTG
p.Leu16Met,Leu,16,Met,CTG,ATG
p.Leu16Arg,Leu,16,Arg,CTG,CGG
p.Gly17Cys,Gly,17,Cys,GGC,TGC
p.Gly17Arg,Gly,17,Arg,GGC,CGC
p.Gly17Asp,Gly,17,Asp,GGC,GAC
p.Gly17Ala,Gly,17,Ala,GGC,GCC
p.Gly17Val,Gly,17,Val,GGC,GTC
p.Gly17Ser,Gly,17,Ser,GGC,AGC
p.Leu18His,Leu,18,His,CTC,CAC
p.Leu18Arg,Leu,18,Arg,CTC,CGC
p.Leu18Phe,Leu,18,Phe,CTC,TTC
p.Leu18Pro,Leu,18,Pro,CTC,CCC
p.Leu18Ile,Leu,18,Ile,CTC,ATC
p.Leu18Val,Leu,18,Val,CTC,GTC
p.Asn19Thr,Asn,19,Thr,AAC,ACC
p.Asn19Lys,Asn,19,Lys,AAC,AAA
p.Asn19Asp,Asn,19,Asp,AAC,GAC
p.Asn19Tyr,Asn,19,Tyr,AAC,TAC
p.Asn19Ile,Asn,19,Ile,AAC,ATC
p.Asn19His,Asn,19,His,AAC,CAC
p.Asn19Ser,Asn,19,Ser,AAC,AGC
p.Ala20Ser,Ala,20,Ser,GCC,TCC
p.Ala20Thr,Ala,20,Thr,GCC,ACC
p.Ala20Asp,Ala,20,Asp,GCC,GAC
p.Ala20Pro,Ala,20,Pro,GCC,CCC
p.Ala20Gly,Ala,20,Gly,GCC,GGC
p.Ala20Val,Ala,20,Val,GCC,GTC
p.Val21Asp,Val,21,Asp,GTC,GAC
p.Val21Ala,Val,21,Ala,GTC,GCC
p.Val21Phe,Val,21,Phe,GTC,TTC
p.Val21Ile,Val,21,Ile,GTC,ATC
p.Val21Gly,Val,21,Gly,GTC,GGC
p.Val21Leu,Val,21,Leu,GTC,CTC
p.Leu22Gln,Leu,22,Gln,CTG,CAG
p.Leu22Pro,Leu,22,Pro,CTG,CCG
p.Leu22Val,Leu,22,Val,CTG,GTG
p.Leu22Met,Leu,22,Met,CTG,ATG
p.Leu22Arg,Leu,22,Arg,CTG,CGG
p.Gly23Cys,Gly,23,Cys,GGC,TGC
p.Gly23Arg,Gly,23,Arg,GGC,CGC
p.Gly23Asp,Gly,23,Asp,GGC,GAC
p.Gly23Ala,Gly,23,Ala,GGC,GCC
p.Gly23Val,Gly,23,Val,GGC,GTC
p.Gly23Ser,Gly,23,Ser,GGC,AGC
p.Leu24Gln,Leu,24,Gln,CTG,CAG
p.Leu24Pro,Leu,24,Pro,CTG,CCG
p.Leu24Val,Leu,24,Val,CTG,GTG
p.Leu24Met,Leu,24,Met,CTG,ATG
p.Leu24Arg,Leu,24,Arg,CTG,CGG
p.Leu25Gln,Leu,25,Gln,CTG,CAG
p.Leu25Pro,Leu,25,Pro,CTG,CCG
p.Leu25Val,Leu,25,Val,CTG,GTG
p.Leu25Met,Leu,25,Met,CTG,ATG
p.Leu25Arg,Leu,25,Arg,CTG,CGG
p.Leu26Gln,Leu,26,Gln,CTG,CAG
p.Leu26Pro,Leu,26,Pro,CTG,CCG
p.Leu26Val,Leu,26,Val,CTG,GTG
p.Leu26Met,Leu,26,Met,CTG,ATG
p.Leu26Arg,Leu,26,Arg,CTG,CGG
p.Leu27Gln,Leu,27,Gln,CTG,CAG
p.Leu27Pro,Leu,27,Pro,CTG,CCG
p.Leu27Val,Leu,27,Val,CTG,GTG
p.Leu27Met,Leu,27,Met,CTG,ATG
p.Leu27Arg,Leu,27,Arg,CTG,CGG
p.Arg28Lys,Arg,28,Lys,AGG,AAG
p.Arg28Thr,Arg,28,Thr,AGG,ACG
p.Arg28Trp,Arg,28,Trp,AGG,TGG
p.Arg28Met,Arg,28,Met,AGG,ATG
p.Arg28Ser,Arg,28,Ser,AGG,AGT
p.Arg28Gly,Arg,28,Gly,AGG,GGG
p.Trp29Cys,Trp,29,Cys,TGG,TGT
p.Trp29Ter,Trp,29,Ter,TGG,TAG
p.Trp29Leu,Trp,29,Leu,TGG,TTG
p.Trp29Arg,Trp,29,Arg,TGG,CGG
p.Trp29Ser,Trp,29,Ser,TGG,TCG
p.Trp29Gly,Trp,29,Gly,TGG,GGG
p.Gln30Lys,Gln,30,Lys,CAG,AAG
p.Gln30Glu,Gln,30,Glu,CAG,GAG
p.Gln30Pro,Gln,30,Pro,CAG,CCG
p.Gln30His,Gln,30,His,CAG,CAT
p.Gln30Ter,Gln,30,Ter,CAG,TAG
p.Gln30Arg,Gln,30,Arg,CAG,CGG
p.Gln30Leu,Gln,30,Leu,CAG,CTG
p.Phe31Ser,Phe,31,Ser,TTT,TCT
p.Phe31Cys,Phe,31,Cys,TTT,TGT
p.Phe31Leu,Phe,31,Leu,TTT,CTT
p.Phe31Ile,Phe,31,Ile,TTT,ATT
p.Phe31Val,Phe,31,Val,TTT,GTT
p.Phe31Tyr,Phe,31,Tyr,TTT,TAT
