p.Asp1Glu,Asp,1,Glu,GAT,GAA
p.Asp1Ala,Asp,1,Ala,GAT,GCT
p.Asp1Asn,Asp,1,Asn,GAT,AAT
p.Asp1His,Asp,1,His,GAT,CAT
p.Asp1Val,Asp,1,Val,GAT,GTT
p.Asp1Gly,Asp,1,Gly,GAT,GGT
p.Asp1Tyr,Asp,1,Tyr,GAT,TAT
p.Leu2Ile,Leu,2,Ile,TTA,ATA
p.Leu2Ser,Leu,2,Ser,TTA,TCA
p.Leu2Val,Leu,2,Val,TTA,GTA
p.Leu2Ter,Leu,2,Ter,TTA,TAA
p.Leu2Phe,Leu,2,Phe,TTA,TTT
p.Ser3Ala,Ser,3,Ala,TCT,GCT
p.Ser3Cys,Ser,3,Cys,TCT,TGT
p.Ser3Pro,Ser,3,Pro,TCT,CCT
p.Ser3Phe,Ser,3,Phe,TCT,TTT
p.Ser3Tyr,Ser,3,Tyr,TCT,TAT
p.Ser3Thr,Ser,3,Thr,TCT,ACT
p.Ala4Ser,Ala,4,Ser,GCT,TCT
p.Ala4Pro,Ala,4,Pro,GCT,CCT
p.Ala4Val,Ala,4,Val,GCT,GTT
p.Ala4Gly,Ala,4,Gly,GCT,GGT
p.Ala4Asp,Ala,4,Asp,GCT,GAT
p.Ala4Thr,Ala,4,Thr,GCT,ACT
p.Leu5His,Leu,5,His,CTT,CAT
p.Leu5Ile,Leu,5,Ile,CTT,ATT
p.Leu5Pro,Leu,5,Pro,CTT,CCT
p.Leu5Val,Leu,5,Val,CTT,GTT
p.Leu5Phe,Leu,5,Phe,CTT,TTT
p.Leu5Arg,Leu,5,Arg,CTT,CGT
p.Arg6Cys,Arg,6,Cys,CGC,TGC
p.Arg6His,Arg,6,His,CGC,CAC
p.Arg6Pro,Arg,6,Pro,CGC,CCC
p.Arg6Gly,Arg,6,Gly,CGC,GGC
p.Arg6Ser,Arg,6,Ser,CGC,AGC
p.Arg6Leu,Arg,6,Leu,CGC,CTC
p.Val7Ala,Val,7,Ala,GTT,GCT
p.Val7Leu,Val,7,Leu,GTT,CTT
p.Val7Ile,Val,7,Ile,GTT,ATT
p.Val7Gly,Val,7,Gly,GTT,GGT
p.Val7Asp,Val,7,Asp,GTT,GAT
p.Val7Phe,Val,7,Phe,GTT,TTT
p.Glu8Gly,Glu,8,Gly,GAA,GGA
p.Glu8Ala,Glu,8,Ala,GAA,GCA
p.Glu8Asp,Glu,8,Asp,GAA,GAT
p.Glu8Lys,Glu,8,Lys,GAA,AAA
p.Glu8Gln,Glu,8,Gln,GAA,CAA
p.Glu8Val,Glu,8,Val,GAA,GTA
p.Glu8Ter,Glu,8,Ter,GAA,TAA
p.Glu9Gly,Glu,9,Gly,GAA,GGA
p.Glu9Ala,Glu,9,Ala,GAA,GCA
p.Glu9Asp,Glu,9,Asp,GAA,GAT
p.Glu9Lys,Glu,9,Lys,GAA,AAA
p.Glu9Gln,Glu,9,Gln,GAA,CAA
p.Glu9Val,Glu,9,Val,GAA,GTA
p.Glu9Ter,Glu,9,Ter,GAA,TAA
p.Val10Ile,Val,10,Ile,GTA,ATA
p.Val10Ala,Val,10,Ala,GTA,GCA
p.Val10Gly,Val,10,Gly,GTA,GGA
p.Val10Glu,Val,10,Glu,GTA,GAA
p.Val10Leu,Val,10,Leu,GTA,TTA
p.Gln11Lys,Gln,11,Lys,CAA,AAA
p.Gln11Glu,Gln,11,Glu,CAA,GAA
p.Gln11His,Gln,11,His,CAA,CAT
p.Gln11Arg,Gln,11,Arg,CAA,CGA
p.Gln11Leu,Gln,11,Leu,CAA,CTA
p.Gln11Ter,Gln,11,Ter,CAA,TAA
p.Gln11Pro,Gln,11,Pro,CAA,CCA
p.Asn12Lys,Asn,12,Lys,AAT,AAA
p.Asn12His,Asn,12,His,AAT,CAT
p.Asn12Ile,Asn,12,Ile,AAT,ATT
p.Asn12Ser,Asn,12,Ser,AAT,AGT
p.Asn12Asp,Asn,12,Asp,AAT,GAT
p.Asn12Tyr,Asn,12,Tyr,AAT,TAT
p.Asn12Thr,Asn,12,Thr,AAT,ACT
p.Val13Asp,Val,13,Asp,GTC,GAC
p.Val13Ala,Val,13,Ala,GTC,GCC
p.Val13Phe,Val,13,Phe,GTC,TTC
p.Val13Ile,Val,13,Ile,GTC,ATC
p.Val13Gly,Val,13,Gly,GTC,GGC
p.Val13Leu,Val,13,Leu,GTC,CTC
p.Ile14Asn,Ile,14,Asn,ATT,AAT
p.Ile14Leu,Ile,14,Leu,ATT,CTT
p.Ile14Met,Ile,14,Met,ATT,ATG
p.Ile14Val,Ile,14,Val,ATT,GTT
p.Ile14Ser,Ile,14,Ser,ATT,AGT
p.Ile14Phe,Ile,14,Phe,ATT,TTT
p.Ile14Thr,Ile,14,Thr,ATT,ACT
p.Asn15Lys,Asn,15,Lys,AAT,AAA
p.Asn15His,Asn,15,His,AAT,CAT
p.Asn15Ile,Asn,15,Ile,AAT,ATT
p.Asn15Ser,Asn,15,Ser,AAT,AGT
p.Asn15Asp,Asn,15,Asp,AAT,GAT
p.Asn15Tyr,Asn,15,Tyr,AAT,TAT
p.Asn15Thr,Asn,15,Thr,AAT,ACT
p.Ala16Ser,Ala,16,Ser,GCT,TCT
p.Ala16Pro,Ala,16,Pro,GCT,CCT
p.Ala16Val,Ala,16,Val,GCT,GTT
p.Ala16Gly,Ala,16,Gly,GCT,GGT
p.Ala16Asp,Ala,16,Asp,GCT,GAT
p.Ala16Thr,Ala,16,Thr,GCT,ACT
p.Met17Lys,Met,17,Lys,ATG,AAG
p.Met17Thr,Met,17,Thr,ATG,ACG
p.Met17Leu,Met,17,Leu,ATG,TTG
p.Met17Ile,Met,17,Ile,ATG,ATT
p.Met17Val,Met,17,Val,ATG,GTG
p.Met17Arg,Met,17,Arg,ATG,AGG
p.Gln18Lys,Gln,18,Lys,CAG,AAG
p.Gln18Glu,Gln,18,Glu,CAG,GAG
p.Gln18Pro,Gln,18,Pro,CAG,CCG
p.Gln18His,Gln,18,His,CAG,CAT
p.Gln18Ter,Gln,18,Ter,CAG,TAG
p.Gln18Arg,Gln,18,Arg,CAG,CGG
p.Gln18Leu,Gln,18,Leu,CAG,CTG
p.Lys19Ile,Lys,19,Ile,AAA,ATA
p.Lys19Glu,Lys,19,Glu,AAA,GAA
p.Lys19Asn,Lys,19,Asn,AAA,AAT
p.Lys19Gln,Lys,19,Gln,AAA,CAA
p.Lys19Arg,Lys,19,Arg,AAA,AGA
p.Lys19Thr,Lys,19,Thr,AAA,ACA
p.Lys19Ter,Lys,19,Ter,AAA,TAA
p.Ile20Asn,Ile,20,Asn,ATC,AAC
p.Ile20Thr,Ile,20,Thr,ATC,ACC
p.Ile20Phe,Ile,20,Phe,ATC,TTC
p.Ile20Met,Ile,20,Met,ATC,ATG
p.Ile20Val,Ile,20,Val,ATC,GTC
p.Ile20Ser,Ile,20,Ser,ATC,AGC
p.Ile20Leu,Ile,20,Leu,ATC,CTC
p.Leu21Ile,Leu,21,Ile,TTA,ATA
p.Leu21Ser,Leu,21,Ser,TTA,TCA
p.Leu21Val,Leu,21,Val,TTA,GTA
p.Leu21Ter,Leu,21,Ter,TTA,TAA
p.Leu21Phe,Leu,21,Phe,TTA,TTT
p.Glu22Lys,Glu,22,Lys,GAG,AAG
p.Glu22Gln,Glu,22,Gln,GAG,CAG
p.Glu22Asp,Glu,22,Asp,GAG,GAT
p.Glu22Ter,Glu,22,Ter,GAG,TAG
p.Glu22Val,Glu,22,Val,GAG,GTG
p.Glu22Ala,Glu,22,Ala,GAG,GCG
p.Glu22Gly,Glu,22,Gly,GAG,GGG
p.Cys23Ter,Cys,23,Ter,TGT,TGA
p.Cys23Trp,Cys,23,Trp,TGT,TGG
p.Cys23Ser,Cys,23,Ser,TGT,AGT
p.Cys23Gly,Cys,23,Gly,TGT,GGT
p.Cys23Phe,Cys,23,Phe,TGT,TTT
p.Cys23Arg,Cys,23,Arg,TGT,CGT
p.Cys23Tyr,Cys,23,Tyr,TGT,TAT
p.Pro24Ser,Pro,24,Ser,CCC,TCC
p.Pro24Thr,Pro,24,Thr,CCC,ACC
p.Pro24Arg,Pro,24,Arg,CCC,CGC
p.Pro24Ala,Pro,24,Ala,CCC,GCC
p.Pro24His,Pro,24,His,CCC,CAC
p.Pro24Leu,Pro,24,Leu,CCC,CTC
p.Ile25Asn,Ile,25,Asn,ATC,AAC
p.Ile25Thr,Ile,25,Thr,ATC,ACC
p.Ile25Phe,Ile,25,Phe,ATC,TTC
p.Ile25Met,Ile,25,Met,ATC,ATG
p.Ile25Val,Ile,25,Val,ATC,GTC
p.Ile25Ser,Ile,25,Ser,ATC,AGC
p.Ile25Leu,Ile,25,Leu,ATC,CTC
p.Cys26Ter,Cys,26,Ter,TGC,TGA
p.Cys26Arg,Cys,26,Arg,TGC,CGC
p.Cys26Phe,Cys,26,Phe,TGC,TTC
p.Cys26Trp,Cys,26,Trp,TGC,TGG
p.Cys26Tyr,Cys,26,Tyr,TGC,TAC
p.Cys26Gly,Cys,26,Gly,TGC,GGC
p.Cys26Ser,Cys,26,Ser,TGC,AGC
p.Leu27Gln,Leu,27,Gln,CTG,CAG
p.Leu27Pro,Leu,27,Pro,CTG,CCG
p.Leu27Val,Leu,27,Val,CTG,GTG
p.Leu27Met,Leu,27,Met,CTG,ATG
p.Leu27Arg,Leu,27,Arg,CTG,CGG
p.Glu28Lys,Glu,28,Lys,GAG,AAG
p.Glu28Gln,Glu,28,Gln,GAG,CAG
p.Glu28Asp,Glu,28,Asp,GAG,GAT
p.Glu28Ter,Glu,28,Ter,GAG,TAG
p.Glu28Val,Glu,28,Val,GAG,GTG
p.Glu28Ala,Glu,28,Ala,GAG,GCG
p.Glu28Gly,Glu,28,Gly,GAG,GGG
p.Leu29Ter,Leu,29,Ter,TTG,TAG
p.Leu29Trp,Leu,29,Trp,TTG,TGG
p.Leu29Met,Leu,29,Met,TTG,ATG
p.Leu29Val,Leu,29,Val,TTG,GTG
p.Leu29Phe,Leu,29,Phe,TTG,TTT
p.Leu29Ser,Leu,29,Ser,TTG,TCG
p.Ile30Asn,Ile,30,Asn,ATC,AAC
p.Ile30Thr,Ile,30,Thr,ATC,ACC
p.Ile30Phe,Ile,30,Phe,ATC,TTC
p.Ile30Met,Ile,30,Met,ATC,ATG
p.Ile30Val,Ile,30,Val,ATC,GTC
p.Ile30Ser,Ile,30,Ser,ATC,AGC
p.Ile30Leu,Ile,30,Leu,ATC,CTC
p.Lys31Gln,Lys,31,Gln,AAG,CAG
p.Lys31Glu,Lys,31,Glu,AAG,GAG
p.Lys31Asn,Lys,31,Asn,AAG,AAT
p.Lys31Thr,Lys,31,Thr,AAG,ACG
p.Lys31Ter,Lys,31,Ter,AAG,TAG
p.Lys31Met,Lys,31,Met,AAG,ATG
p.Lys31Arg,Lys,31,Arg,AAG,AGG
p.Glu32Gly,Glu,32,Gly,GAA,GGA
p.Glu32Ala,Glu,32,Ala,GAA,GCA
p.Glu32Asp,Glu,32,Asp,GAA,GAT
p.Glu32Lys,Glu,32,Lys,GAA,AAA
p.Glu32Gln,Glu,32,Gln,GAA,CAA
p.Glu32Val,Glu,32,Val,GAA,GTA
p.Glu32Ter,Glu,32,Ter,GAA,TAA
p.Pro33Ser,Pro,33,Ser,CCT,TCT
p.Pro33Ala,Pro,33,Ala,CCT,GCT
p.Pro33His,Pro,33,His,CCT,CAT
p.Pro33Leu,Pro,33,Leu,CCT,CTT
p.Pro33Arg,Pro,33,Arg,CCT,CGT
p.Pro33Thr,Pro,33,Thr,CCT,ACT
p.Val34Asp,Val,34,Asp,GTC,GAC
p.Val34Ala,Val,34,Ala,GTC,GCC
p.Val34Phe,Val,34,Phe,GTC,TTC
p.Val34Ile,Val,34,Ile,GTC,ATC
p.Val34Gly,Val,34,Gly,GTC,GGC
p.Val34Leu,Val,34,Leu,GTC,CTC
p.Ser35Thr,Ser,35,Thr,TCC,ACC
p.Ser35Cys,Ser,35,Cys,TCC,TGC
p.Ser35Phe,Ser,35,Phe,TCC,TTC
p.Ser35Pro,Ser,35,Pro,TCC,CCC
p.Ser35Ala,Ser,35,Ala,TCC,GCC
p.Ser35Tyr,Ser,35,Tyr,TCC,TAC
p.Thr36Ile,Thr,36,Ile,ACA,ATA
p.Thr36Ala,Thr,36,Ala,ACA,GCA
p.Thr36Lys,Thr,36,Lys,ACA,AAA
p.Thr36Ser,Thr,36,Ser,ACA,TCA
p.Thr36Arg,Thr,36,Arg,ACA,AGA
p.Thr36Pro,Thr,36,Pro,ACA,CCA
p.Lys37Gln,Lys,37,Gln,AAG,CAG
p.Lys37Glu,Lys,37,Glu,AAG,GAG
p.Lys37Asn,Lys,37,Asn,AAG,AAT
p.Lys37Thr,Lys,37,Thr,AAG,ACG
p.Lys37Ter,Lys,37,Ter,AAG,TAG
p.Lys37Met,Lys,37,Met,AAG,ATG
p.Lys37Arg,Lys,37,Arg,AAG,AGG
p.Cys38Ter,Cys,38,Ter,TGT,TGA
p.Cys38Trp,Cys,38,Trp,TGT,TGG
p.Cys38Ser,Cys,38,Ser,TGT,AGT
p.Cys38Gly,Cys,38,Gly,TGT,GGT
p.Cys38Phe,Cys,38,Phe,TGT,TTT
p.Cys38Arg,Cys,38,Arg,TGT,CGT
p.Cys38Tyr,Cys,38,Tyr,TGT,TAT
p.Asp39Asn,Asp,39,Asn,GAC,AAC
p.Asp39Glu,Asp,39,Glu,GAC,GAA
p.Asp39Val,Asp,39,Val,GAC,GTC
p.Asp39Ala,Asp,39,Ala,GAC,GCC
p.Asp39Tyr,Asp,39,Tyr,GAC,TAC
p.Asp39His,Asp,39,His,GAC,CAC
p.Asp39Gly,Asp,39,Gly,GAC,GGC
p.His40Asn,His,40,Asn,CAC,AAC
p.His40Gln,His,40,Gln,CAC,CAA
p.His40Arg,His,40,Arg,CAC,CGC
p.His40Asp,His,40,Asp,CAC,GAC
p.His40Pro,His,40,Pro,CAC,CCC
p.His40Tyr,His,40,Tyr,CAC,TAC
p.His40Leu,His,40,Leu,CAC,CTC
p.Ile41Lys,Ile,41,Lys,ATA,AAA
p.Ile41Arg,Ile,41,Arg,ATA,AGA
p.Ile41Val,Ile,41,Val,ATA,GTA
p.Ile41Met,Ile,41,Met,ATA,ATG
p.Ile41Thr,Ile,41,Thr,ATA,ACA
p.Ile41Leu,Ile,41,Leu,ATA,TTA
p.Phe42Ser,Phe,42,Ser,TTT,TCT
p.Phe42Cys,Phe,42,Cys,TTT,TGT
p.Phe42Leu,Phe,42,Leu,TTT,CTT
p.Phe42Ile,Phe,42,Ile,TTT,ATT
p.Phe42Val,Phe,42,Val,TTT,GTT
p.Phe42Tyr,Phe,42,Tyr,TTT,TAT
p.Cys43Ter,Cys,43,Ter,TGC,TGA
p.Cys43Arg,Cys,43,Arg,TGC,CGC
p.Cys43Phe,Cys,43,Phe,TGC,TTC
p.Cys43Trp,Cys,43,Trp,TGC,TGG
p.Cys43Tyr,Cys,43,Tyr,TGC,TAC
p.Cys43Gly,Cys,43,Gly,TGC,GGC
p.Cys43Ser,Cys,43,Ser,TGC,AGC
p.Lys44Ile,Lys,44,Ile,AAA,ATA
p.Lys44Glu,Lys,44,Glu,AAA,GAA
p.Lys44Asn,Lys,44,Asn,AAA,AAT
p.Lys44Gln,Lys,44,Gln,AAA,CAA
p.Lys44Arg,Lys,44,Arg,AAA,AGA
p.Lys44Thr,Lys,44,Thr,AAA,ACA
p.Lys44Ter,Lys,44,Ter,AAA,TAA
p.Phe45Ser,Phe,45,Ser,TTT,TCT
p.Phe45Cys,Phe,45,Cys,TTT,TGT
p.Phe45Leu,Phe,45,Leu,TTT,CTT
p.Phe45Ile,Phe,45,Ile,TTT,ATT
p.Phe45Val,Phe,45,Val,TTT,GTT
p.Phe45Tyr,Phe,45,Tyr,TTT,TAT
p.Cys46Ter,Cys,46,Ter,TGC,TGA
p.Cys46Arg,Cys,46,Arg,TGC,CGC
p.Cys46Phe,Cys,46,Phe,TGC,TTC
p.Cys46Trp,Cys,46,Trp,TGC,TGG
p.Cys46Tyr,Cys,46,Tyr,TGC,TAC
p.Cys46Gly,Cys,46,Gly,TGC,GGC
p.Cys46Ser,Cys,46,Ser,TGC,AGC
p.Met47Lys,Met,47,Lys,ATG,AAG
p.Met47Thr,Met,47,Thr,ATG,ACG
p.Met47Leu,Met,47,Leu,ATG,TTG
p.Met47Ile,Met,47,Ile,ATG,ATT
p.Met47Val,Met,47,Val,ATG,GTG
p.Met47Arg,Met,47,Arg,ATG,AGG
p.Leu48Gln,Leu,48,Gln,CTG,CAG
p.Leu48Pro,Leu,48,Pro,CTG,CCG
p.Leu48Val,Leu,48,Val,CTG,GTG
p.Leu48Met,Leu,48,Met,CTG,ATG
p.Leu48Arg,Leu,48,Arg,CTG,CGG
p.Lys49Ile,Lys,49,Ile,AAA,ATA
p.Lys49Glu,Lys,49,Glu,AAA,GAA
p.Lys49Asn,Lys,49,Asn,AAA,AAT
p.Lys49Gln,Lys,49,Gln,AAA,CAA
p.Lys49Arg,Lys,49,Arg,AAA,AGA
p.Lys49Thr,Lys,49,Thr,AAA,ACA
p.Lys49Ter,Lys,49,Ter,AAA,TAA
p.Leu50His,Leu,50,His,CTT,CAT
p.Leu50Ile,Leu,50,Ile,CTT,ATT
p.Leu50Pro,Leu,50,Pro,CTT,CCT
p.Leu50Val,Leu,50,Val,CTT,GTT
p.Leu50Phe,Leu,50,Phe,CTT,TTT
p.Leu50Arg,Leu,50,Arg,CTT,CGT
p.Leu51His,Leu,51,His,CTC,CAC
p.Leu51Arg,Leu,51,Arg,CTC,CGC
p.Leu51Phe,Leu,51,Phe,CTC,TTC
p.Leu51Pro,Leu,51,Pro,CTC,CCC
p.Leu51Ile,Leu,51,Ile,CTC,ATC
p.Leu51Val,Leu,51,Val,CTC,GTC
p.Asn52Thr,Asn,52,Thr,AAC,ACC
p.Asn52Lys,Asn,52,Lys,AAC,AAA
p.Asn52Asp,Asn,52,Asp,AAC,GAC
p.Asn52Tyr,Asn,52,Tyr,AAC,TAC
p.Asn52Ile,Asn,52,Ile,AAC,ATC
p.Asn52His,Asn,52,His,AAC,CAC
p.Asn52Ser,Asn,52,Ser,AAC,AGC
p.Gln53Lys,Gln,53,Lys,CAG,AAG
p.Gln53Glu,Gln,53,Glu,CAG,GAG
p.Gln53Pro,Gln,53,Pro,CAG,CCG
p.Gln53His,Gln,53,His,CAG,CAT
p.Gln53Ter,Gln,53,Ter,CAG,TAG
p.Gln53Arg,Gln,53,Arg,CAG,CGG
p.Gln53Leu,Gln,53,Leu,CAG,CTG
p.Lys54Gln,Lys,54,Gln,AAG,CAG
p.Lys54Glu,Lys,54,Glu,AAG,GAG
p.Lys54Asn,Lys,54,Asn,AAG,AAT
p.Lys54Thr,Lys,54,Thr,AAG,ACG
p.Lys54Ter,Lys,54,Ter,AAG,TAG
p.Lys54Met,Lys,54,Met,AAG,ATG
p.Lys54Arg,Lys,54,Arg,AAG,AGG
p.Lys55Ile,Lys,55,Ile,AAA,ATA
p.Lys55Glu,Lys,55,Glu,AAA,GAA
p.Lys55Asn,Lys,55,Asn,AAA,AAT
p.Lys55Gln,Lys,55,Gln,AAA,CAA
p.Lys55Arg,Lys,55,Arg,AAA,AGA
p.Lys55Thr,Lys,55,Thr,AAA,ACA
p.Lys55Ter,Lys,55,Ter,AAA,TAA
p.Gly56Glu,Gly,56,Glu,GGG,GAG
p.Gly56Val,Gly,56,Val,GGG,GTG
p.Gly56Trp,Gly,56,Trp,GGG,TGG
p.Gly56Arg,Gly,56,Arg,GGG,CGG
p.Gly56Ala,Gly,56,Ala,GGG,GCG
p.Pro57Ser,Pro,57,Ser,CCT,TCT
p.Pro57Ala,Pro,57,Ala,CCT,GCT
p.Pro57His,Pro,57,His,CCT,CAT
p.Pro57Leu,Pro,57,Leu,CCT,CTT
p.Pro57Arg,Pro,57,Arg,CCT,CGT
p.Pro57Thr,Pro,57,Thr,CCT,ACT
p.Ser58Ala,Ser,58,Ala,TCA,GCA
p.Ser58Thr,Ser,58,Thr,TCA,ACA
p.Ser58Ter,Ser,58,Ter,TCA,TAA
p.Ser58Pro,Ser,58,Pro,TCA,CCA
p.Ser58Leu,Ser,58,Leu,TCA,TTA
p.Gln59Lys,Gln,59,Lys,CAG,AAG
p.Gln59Glu,Gln,59,Glu,CAG,GAG
p.Gln59Pro,Gln,59,Pro,CAG,CCG
p.Gln59His,Gln,59,His,CAG,CAT
p.Gln59Ter,Gln,59,Ter,CAG,TAG
p.Gln59Arg,Gln,59,Arg,CAG,CGG
p.Gln59Leu,Gln,59,Leu,CAG,CTG
p.Cys60Ter,Cys,60,Ter,TGT,TGA
p.Cys60Trp,Cys,60,Trp,TGT,TGG
p.Cys60Ser,Cys,60,Ser,TGT,AGT
p.Cys60Gly,Cys,60,Gly,TGT,GGT
p.Cys60Phe,Cys,60,Phe,TGT,TTT
p.Cys60Arg,Cys,60,Arg,TGT,CGT
p.Cys60Tyr,Cys,60,Tyr,TGT,TAT
p.Pro61Ser,Pro,61,Ser,CCT,TCT
p.Pro61Ala,Pro,61,Ala,CCT,GCT
p.Pro61His,Pro,61,His,CCT,CAT
p.Pro61Leu,Pro,61,Leu,CCT,CTT
p.Pro61Arg,Pro,61,Arg,CCT,CGT
p.Pro61Thr,Pro,61,Thr,CCT,ACT
p.Leu62Ile,Leu,62,Ile,TTA,ATA
p.Leu62Ser,Leu,62,Ser,TTA,TCA
p.Leu62Val,Leu,62,Val,TTA,GTA
p.Leu62Ter,Leu,62,Ter,TTA,TAA
p.Leu62Phe,Leu,62,Phe,TTA,TTT
p.Cys63Ter,Cys,63,Ter,TGT,TGA
p.Cys63Trp,Cys,63,Trp,TGT,TGG
p.Cys63Ser,Cys,63,Ser,TGT,AGT
p.Cys63Gly,Cys,63,Gly,TGT,GGT
p.Cys63Phe,Cys,63,Phe,TGT,TTT
p.Cys63Arg,Cys,63,Arg,TGT,CGT
p.Cys63Tyr,Cys,63,Tyr,TGT,TAT
p.Lys64Gln,Lys,64,Gln,AAG,CAG
p.Lys64Glu,Lys,64,Glu,AAG,GAG
p.Lys64Asn,Lys,64,Asn,AAG,AAT
p.Lys64Thr,Lys,64,Thr,AAG,ACG
p.Lys64Ter,Lys,64,Ter,AAG,TAG
p.Lys64Met,Lys,64,Met,AAG,ATG
p.Lys64Arg,Lys,64,Arg,AAG,AGG
p.Asn65Lys,Asn,65,Lys,AAT,AAA
p.Asn65His,Asn,65,His,AAT,CAT
p.Asn65Ile,Asn,65,Ile,AAT,ATT
p.Asn65Ser,Asn,65,Ser,AAT,AGT
p.Asn65Asp,Asn,65,Asp,AAT,GAT
p.Asn65Tyr,Asn,65,Tyr,AAT,TAT
p.Asn65Thr,Asn,65,Thr,AAT,ACT
p.Asp66Glu,Asp,66,Glu,GAT,GAA
p.Asp66Ala,Asp,66,Ala,GAT,GCT
p.Asp66Asn,Asp,66,Asn,GAT,AAT
p.Asp66His,Asp,66,His,GAT,CAT
p.Asp66Val,Asp,66,Val,GAT,GTT
p.Asp66Gly,Asp,66,Gly,GAT,GGT
p.Asp66Tyr,Asp,66,Tyr,GAT,TAT
p.Ile67Lys,Ile,67,Lys,ATA,AAA
p.Ile67Arg,Ile,67,Arg,ATA,AGA
p.Ile67Val,Ile,67,Val,ATA,GTA
p.Ile67Met,Ile,67,Met,ATA,ATG
p.Ile67Thr,Ile,67,Thr,ATA,ACA
p.Ile67Leu,Ile,67,Leu,ATA,TTA
p.Thr68Asn,Thr,68,Asn,ACC,AAC
p.Thr68Ser,Thr,68,Ser,ACC,TCC
p.Thr68Pro,Thr,68,Pro,ACC,CCC
p.Thr68Ala,Thr,68,Ala,ACC,GCC
p.Thr68Ile,Thr,68,Ile,ACC,ATC
p.Lys69Ile,Lys,69,Ile,AAA,ATA
p.Lys69Glu,Lys,69,Glu,AAA,GAA
p.Lys69Asn,Lys,69,Asn,AAA,AAT
p.Lys69Gln,Lys,69,Gln,AAA,CAA
p.Lys69Arg,Lys,69,Arg,AAA,AGA
p.Lys69Thr,Lys,69,Thr,AAA,ACA
p.Lys69Ter,Lys,69,Ter,AAA,TAA
p.Arg70Lys,Arg,70,Lys,AGG,AAG
p.Arg70Thr,Arg,70,Thr,AGG,ACG
p.Arg70Trp,Arg,70,Trp,AGG,TGG
p.Arg70Met,Arg,70,Met,AGG,ATG
p.Arg70Ser,Arg,70,Ser,AGG,AGT
p.Arg70Gly,Arg,70,Gly,AGG,GGG
p.Ser71Asn,Ser,71,Asn,AGC,AAC
p.Ser71Thr,Ser,71,Thr,AGC,ACC
p.Ser71Cys,Ser,71,Cys,AGC,TGC
p.Ser71Arg,Ser,71,Arg,AGC,CGC
p.Ser71Ile,Ser,71,Ile,AGC,ATC
p.Ser71Gly,Ser,71,Gly,AGC,GGC
p.Leu72Ile,Leu,72,Ile,CTA,ATA
p.Leu72Gln,Leu,72,Gln,CTA,CAA
p.Leu72Arg,Leu,72,Arg,CTA,CGA
p.Leu72Val,Leu,72,Val,CTA,GTA
p.Leu72Pro,Leu,72,Pro,CTA,CCA
p.Gln73Lys,Gln,73,Lys,CAA,AAA
p.Gln73Glu,Gln,73,Glu,CAA,GAA
p.Gln73His,Gln,73,His,CAA,CAT
p.Gln73Arg,Gln,73,Arg,CAA,CGA
p.Gln73Leu,Gln,73,Leu,CAA,CTA
p.Gln73Ter,Gln,73,Ter,CAA,TAA
p.Gln73Pro,Gln,73,Pro,CAA,CCA
p.Glu74Gly,Glu,74,Gly,GAA,GGA
p.Glu74Ala,Glu,74,Ala,GAA,GCA
p.Glu74Asp,Glu,74,Asp,GAA,GAT
p.Glu74Lys,Glu,74,Lys,GAA,AAA
p.Glu74Gln,Glu,74,Gln,GAA,CAA
p.Glu74Val,Glu,74,Val,GAA,GTA
p.Glu74Ter,Glu,74,Ter,GAA,TAA
p.Ser75Asn,Ser,75,Asn,AGT,AAT
p.Ser75Cys,Ser,75,Cys,AGT,TGT
p.Ser75Ile,Ser,75,Ile,AGT,ATT
p.Ser75Gly,Ser,75,Gly,AGT,GGT
p.Ser75Arg,Ser,75,Arg,AGT,CGT
p.Ser75Thr,Ser,75,Thr,AGT,ACT
p.Thr76Lys,Thr,76,Lys,ACG,AAG
p.Thr76Pro,Thr,76,Pro,ACG,CCG
p.Thr76Met,Thr,76,Met,ACG,ATG
p.Thr76Arg,Thr,76,Arg,ACG,AGG
p.Thr76Ala,Thr,76,Ala,ACG,GCG
p.Thr76Ser,Thr,76,Ser,ACG,TCG
p.Arg77Gly,Arg,77,Gly,AGA,GGA
p.Arg77Ile,Arg,77,Ile,AGA,ATA
p.Arg77Lys,Arg,77,Lys,AGA,AAA
p.Arg77Ter,Arg,77,Ter,AGA,TGA
p.Arg77Ser,Arg,77,Ser,AGA,AGT
p.Arg77Thr,Arg,77,Thr,AGA,ACA
p.Phe78Ser,Phe,78,Ser,TTT,TCT
p.Phe78Cys,Phe,78,Cys,TTT,TGT
p.Phe78Leu,Phe,78,Leu,TTT,CTT
p.Phe78Ile,Phe,78,Ile,TTT,ATT
p.Phe78Val,Phe,78,Val,TTT,GTT
p.Phe78Tyr,Phe,78,Tyr,TTT,TAT
p.Ser79Asn,Ser,79,Asn,AGT,AAT
p.Ser79Cys,Ser,79,Cys,AGT,TGT
p.Ser79Ile,Ser,79,Ile,AGT,ATT
p.Ser79Gly,Ser,79,Gly,AGT,GGT
p.Ser79Arg,Ser,79,Arg,AGT,CGT
p.Ser79Thr,Ser,79,Thr,AGT,ACT
p.Gln80Lys,Gln,80,Lys,CAA,AAA
p.Gln80Glu,Gln,80,Glu,CAA,GAA
p.Gln80His,Gln,80,His,CAA,CAT
p.Gln80Arg,Gln,80,Arg,CAA,CGA
p.Gln80Leu,Gln,80,Leu,CAA,CTA
p.Gln80Ter,Gln,80,Ter,CAA,TAA
p.Gln80Pro,Gln,80,Pro,CAA,CCA
p.Leu81His,Leu,81,His,CTT,CAT
p.Leu81Ile,Leu,81,Ile,CTT,ATT
p.Leu81Pro,Leu,81,Pro,CTT,CCT
p.Leu81Val,Leu,81,Val,CTT,GTT
p.Leu81Phe,Leu,81,Phe,CTT,TTT
p.Leu81Arg,Leu,81,Arg,CTT,CGT
p.Val82Ala,Val,82,Ala,GTT,GCT
p.Val82Leu,Val,82,Leu,GTT,CTT
p.Val82Ile,Val,82,Ile,GTT,ATT
p.Val82Gly,Val,82,Gly,GTT,GGT
p.Val82Asp,Val,82,Asp,GTT,GAT
p.Val82Phe,Val,82,Phe,GTT,TTT
p.Glu83Gly,Glu,83,Gly,GAA,GGA
p.Glu83Ala,Glu,83,Ala,GAA,GCA
p.Glu83Asp,Glu,83,Asp,GAA,GAT
p.Glu83Lys,Glu,83,Lys,GAA,AAA
p.Glu83Gln,Glu,83,Gln,GAA,CAA
p.Glu83Val,Glu,83,Val,GAA,GTA
p.Glu83Ter,Glu,83,Ter,GAA,TAA
p.Glu84Lys,Glu,84,Lys,GAG,AAG
p.Glu84Gln,Glu,84,Gln,GAG,CAG
p.Glu84Asp,Glu,84,Asp,GAG,GAT
p.Glu84Ter,Glu,84,Ter,GAG,TAG
p.Glu84Val,Glu,84,Val,GAG,GTG
p.Glu84Ala,Glu,84,Ala,GAG,GCG
p.Glu84Gly,Glu,84,Gly,GAG,GGG
p.Leu85Ile,Leu,85,Ile,CTA,ATA
p.Leu85Gln,Leu,85,Gln,CTA,CAA
p.Leu85Arg,Leu,85,Arg,CTA,CGA
p.Leu85Val,Leu,85,Val,CTA,GTA
p.Leu85Pro,Leu,85,Pro,CTA,CCA
p.Leu86Ter,Leu,86,Ter,TTG,TAG
p.Leu86Trp,Leu,86,Trp,TTG,TGG
p.Leu86Met,Leu,86,Met,TTG,ATG
p.Leu86Val,Leu,86,Val,TTG,GTG
p.Leu86Phe,Leu,86,Phe,TTG,TTT
p.Leu86Ser,Leu,86,Ser,TTG,TCG
p.Lys87Ile,Lys,87,Ile,AAA,ATA
p.Lys87Glu,Lys,87,Glu,AAA,GAA
p.Lys87Asn,Lys,87,Asn,AAA,AAT
p.Lys87Gln,Lys,87,Gln,AAA,CAA
p.Lys87Arg,Lys,87,Arg,AAA,AGA
p.Lys87Thr,Lys,87,Thr,AAA,ACA
p.Lys87Ter,Lys,87,Ter,AAA,TAA
p.Ile88Asn,Ile,88,Asn,ATC,AAC
p.Ile88Thr,Ile,88,Thr,ATC,ACC
p.Ile88Phe,Ile,88,Phe,ATC,TTC
p.Ile88Met,Ile,88,Met,ATC,ATG
p.Ile88Val,Ile,88,Val,ATC,GTC
p.Ile88Ser,Ile,88,Ser,ATC,AGC
p.Ile88Leu,Ile,88,Leu,ATC,CTC
p.Ile89Asn,Ile,89,Asn,ATT,AAT
p.Ile89Leu,Ile,89,Leu,ATT,CTT
p.Ile89Met,Ile,89,Met,ATT,ATG
p.Ile89Val,Ile,89,Val,ATT,GTT
p.Ile89Ser,Ile,89,Ser,ATT,AGT
p.Ile89Phe,Ile,89,Phe,ATT,TTT
p.Ile89Thr,Ile,89,Thr,ATT,ACT
p.Cys90Ter,Cys,90,Ter,TGT,TGA
p.Cys90Trp,Cys,90,Trp,TGT,TGG
p.Cys90Ser,Cys,90,Ser,TGT,AGT
p.Cys90Gly,Cys,90,Gly,TGT,GGT
p.Cys90Phe,Cys,90,Phe,TGT,TTT
p.Cys90Arg,Cys,90,Arg,TGT,CGT
p.Cys90Tyr,Cys,90,Tyr,TGT,TAT
p.Ala91Ser,Ala,91,Ser,GCT,TCT
p.Ala91Pro,Ala,91,Pro,GCT,CCT
p.Ala91Val,Ala,91,Val,GCT,GTT
p.Ala91Gly,Ala,91,Gly,GCT,GGT
p.Ala91Asp,Ala,91,Asp,GCT,GAT
p.Ala91Thr,Ala,91,Thr,GCT,ACT
p.Phe92Ser,Phe,92,Ser,TTT,TCT
p.Phe92Cys,Phe,92,Cys,TTT,TGT
p.Phe92Leu,Phe,92,Leu,TTT,CTT
p.Phe92Ile,Phe,92,Ile,TTT,ATT
p.Phe92Val,Phe,92,Val,TTT,GTT
p.Phe92Tyr,Phe,92,Tyr,TTT,TAT
p.Gln93Lys,Gln,93,Lys,CAG,AAG
p.Gln93Glu,Gln,93,Glu,CAG,GAG
p.Gln93Pro,Gln,93,Pro,CAG,CCG
p.Gln93His,Gln,93,His,CAG,CAT
p.Gln93Ter,Gln,93,Ter,CAG,TAG
p.Gln93Arg,Gln,93,Arg,CAG,CGG
p.Gln93Leu,Gln,93,Leu,CAG,CTG
p.Leu94His,Leu,94,His,CTT,CAT
p.Leu94Ile,Leu,94,Ile,CTT,ATT
p.Leu94Pro,Leu,94,Pro,CTT,CCT
p.Leu94Val,Leu,94,Val,CTT,GTT
p.Leu94Phe,Leu,94,Phe,CTT,TTT
p.Leu94Arg,Leu,94,Arg,CTT,CGT
p.Asp95Asn,Asp,95,Asn,GAC,AAC
p.Asp95Glu,Asp,95,Glu,GAC,GAA
p.Asp95Val,Asp,95,Val,GAC,GTC
p.Asp95Ala,Asp,95,Ala,GAC,GCC
p.Asp95Tyr,Asp,95,Tyr,GAC,TAC
p.Asp95His,Asp,95,His,GAC,CAC
p.Asp95Gly,Asp,95,Gly,GAC,GGC
p.Thr96Ile,Thr,96,Ile,ACA,ATA
p.Thr96Ala,Thr,96,Ala,ACA,GCA
p.Thr96Lys,Thr,96,Lys,ACA,AAA
p.Thr96Ser,Thr,96,Ser,ACA,TCA
p.Thr96Arg,Thr,96,Arg,ACA,AGA
p.Thr96Pro,Thr,96,Pro,ACA,CCA
p.Gly97Ala,Gly,97,Ala,GGT,GCT
p.Gly97Cys,Gly,97,Cys,GGT,TGT
p.Gly97Ser,Gly,97,Ser,GGT,AGT
p.Gly97Val,Gly,97,Val,GGT,GTT
p.Gly97Asp,Gly,97,Asp,GGT,GAT
p.Gly97Arg,Gly,97,Arg,GGT,CGT
p.Leu98Ter,Leu,98,Ter,TTG,TAG
p.Leu98Trp,Leu,98,Trp,TTG,TGG
p.Leu98Met,Leu,98,Met,TTG,ATG
p.Leu98Val,Leu,98,Val,TTG,GTG
p.Leu98Phe,Leu,98,Phe,TTG,TTT
p.Leu98Ser,Leu,98,Ser,TTG,TCG
p.Glu99Lys,Glu,99,Lys,GAG,AAG
p.Glu99Gln,Glu,99,Gln,GAG,CAG
p.Glu99Asp,Glu,99,Asp,GAG,GAT
p.Glu99Ter,Glu,99,Ter,GAG,TAG
p.Glu99Val,Glu,99,Val,GAG,GTG
p.Glu99Ala,Glu,99,Ala,GAG,GCG
p.Glu99Gly,Glu,99,Gly,GAG,GGG
p.Tyr100Ser,Tyr,100,Ser,TAT,TCT
p.Tyr100Asn,Tyr,100,Asn,TAT,AAT
p.Tyr100Cys,Tyr,100,Cys,TAT,TGT
p.Tyr100His,Tyr,100,His,TAT,CAT
p.Tyr100Ter,Tyr,100,Ter,TAT,TAA
p.Tyr100Asp,Tyr,100,Asp,TAT,GAT
p.Tyr100Phe,Tyr,100,Phe,TAT,TTT
p.Ala101Gly,Ala,101,Gly,GCA,GGA
p.Ala101Glu,Ala,101,Glu,GCA,GAA
p.Ala101Ser,Ala,101,Ser,GCA,TCA
p.Ala101Val,Ala,101,Val,GCA,GTA
p.Ala101Thr,Ala,101,Thr,GCA,ACA
p.Ala101Pro,Ala,101,Pro,GCA,CCA
p.Asn102Thr,Asn,102,Thr,AAC,ACC
p.Asn102Lys,Asn,102,Lys,AAC,AAA
p.Asn102Asp,Asn,102,Asp,AAC,GAC
p.Asn102Tyr,Asn,102,Tyr,AAC,TAC
p.Asn102Ile,Asn,102,Ile,AAC,ATC
p.Asn102His,Asn,102,His,AAC,CAC
p.Asn102Ser,Asn,102,Ser,AAC,AGC
p.Ser103Asn,Ser,103,Asn,AGC,AAC
p.Ser103Thr,Ser,103,Thr,AGC,ACC
p.Ser103Cys,Ser,103,Cys,AGC,TGC
p.Ser103Arg,Ser,103,Arg,AGC,CGC
p.Ser103Ile,Ser,103,Ile,AGC,ATC
p.Ser103Gly,Ser,103,Gly,AGC,GGC
p.Tyr104Ser,Tyr,104,Ser,TAT,TCT
p.Tyr104Asn,Tyr,104,Asn,TAT,AAT
p.Tyr104Cys,Tyr,104,Cys,TAT,TGT
p.Tyr104His,Tyr,104,His,TAT,CAT
p.Tyr104Ter,Tyr,104,Ter,TAT,TAA
p.Tyr104Asp,Tyr,104,Asp,TAT,GAT
p.Tyr104Phe,Tyr,104,Phe,TAT,TTT
p.Asn105Lys,Asn,105,Lys,AAT,AAA
p.Asn105His,Asn,105,His,AAT,CAT
p.Asn105Ile,Asn,105,Ile,AAT,ATT
p.Asn105Ser,Asn,105,Ser,AAT,AGT
p.Asn105Asp,Asn,105,Asp,AAT,GAT
p.Asn105Tyr,Asn,105,Tyr,AAT,TAT
p.Asn105Thr,Asn,105,Thr,AAT,ACT
p.Phe106Ser,Phe,106,Ser,TTT,TCT
p.Phe106Cys,Phe,106,Cys,TTT,TGT
p.Phe106Leu,Phe,106,Leu,TTT,CTT
p.Phe106Ile,Phe,106,Ile,TTT,ATT
p.Phe106Val,Phe,106,Val,TTT,GTT
p.Phe106Tyr,Phe,106,Tyr,TTT,TAT
p.Ala107Gly,Ala,107,Gly,GCA,GGA
p.Ala107Glu,Ala,107,Glu,GCA,GAA
p.Ala107Ser,Ala,107,Ser,GCA,TCA
p.Ala107Val,Ala,107,Val,GCA,GTA
p.Ala107Thr,Ala,107,Thr,GCA,ACA
p.Ala107Pro,Ala,107,Pro,GCA,CCA
p.Lys108Ile,Lys,108,Ile,AAA,ATA
p.Lys108Glu,Lys,108,Glu,AAA,GAA
p.Lys108Asn,Lys,108,Asn,AAA,AAT
p.Lys108Gln,Lys,108,Gln,AAA,CAA
p.Lys108Arg,Lys,108,Arg,AAA,AGA
p.Lys108Thr,Lys,108,Thr,AAA,ACA
p.Lys108Ter,Lys,108,Ter,AAA,TAA
p.Lys109Gln,Lys,109,Gln,AAG,CAG
p.Lys109Glu,Lys,109,Glu,AAG,GAG
p.Lys109Asn,Lys,109,Asn,AAG,AAT
p.Lys109Thr,Lys,109,Thr,AAG,ACG
p.Lys109Ter,Lys,109,Ter,AAG,TAG
p.Lys109Met,Lys,109,Met,AAG,ATG
p.Lys109Arg,Lys,109,Arg,AAG,AGG
p.Glu110Gly,Glu,110,Gly,GAA,GGA
p.Glu110Ala,Glu,110,Ala,GAA,GCA
p.Glu110Asp,Glu,110,Asp,GAA,GAT
p.Glu110Lys,Glu,110,Lys,GAA,AAA
p.Glu110Gln,Glu,110,Gln,GAA,CAA
p.Glu110Val,Glu,110,Val,GAA,GTA
p.Glu110Ter,Glu,110,Ter,GAA,TAA
p.Asn111Lys,Asn,111,Lys,AAT,AAA
p.Asn111His,Asn,111,His,AAT,CAT
p.Asn111Ile,Asn,111,Ile,AAT,ATT
p.Asn111Ser,Asn,111,Ser,AAT,AGT
p.Asn111Asp,Asn,111,Asp,AAT,GAT
p.Asn111Tyr,Asn,111,Tyr,AAT,TAT
p.Asn111Thr,Asn,111,Thr,AAT,ACT
p.Asn112Thr,Asn,112,Thr,AAC,ACC
p.Asn112Lys,Asn,112,Lys,AAC,AAA
p.Asn112Asp,Asn,112,Asp,AAC,GAC
p.Asn112Tyr,Asn,112,Tyr,AAC,TAC
p.Asn112Ile,Asn,112,Ile,AAC,ATC
p.Asn112His,Asn,112,His,AAC,CAC
p.Asn112Ser,Asn,112,Ser,AAC,AGC
p.Ser113Ala,Ser,113,Ala,TCT,GCT
p.Ser113Cys,Ser,113,Cys,TCT,TGT
p.Ser113Pro,Ser,113,Pro,TCT,CCT
p.Ser113Phe,Ser,113,Phe,TCT,TTT
p.Ser113Tyr,Ser,113,Tyr,TCT,TAT
p.Ser113Thr,Ser,113,Thr,TCT,ACT
p.Pro114Ser,Pro,114,Ser,CCT,TCT
p.Pro114Ala,Pro,114,Ala,CCT,GCT
p.Pro114His,Pro,114,His,CCT,CAT
p.Pro114Leu,Pro,114,Leu,CCT,CTT
p.Pro114Arg,Pro,114,Arg,CCT,CGT
p.Pro114Thr,Pro,114,Thr,CCT,ACT
p.Glu115Gly,Glu,115,Gly,GAA,GGA
p.Glu115Ala,Glu,115,Ala,GAA,GCA
p.Glu115Asp,Glu,115,Asp,GAA,GAT
p.Glu115Lys,Glu,115,Lys,GAA,AAA
p.Glu115Gln,Glu,115,Gln,GAA,CAA
p.Glu115Val,Glu,115,Val,GAA,GTA
p.Glu115Ter,Glu,115,Ter,GAA,TAA
p.His116Asn,His,116,Asn,CAT,AAT
p.His116Gln,His,116,Gln,CAT,CAA
p.His116Leu,His,116,Leu,CAT,CTT
p.His116Pro,His,116,Pro,CAT,CCT
p.His116Asp,His,116,Asp,CAT,GAT
p.His116Arg,His,116,Arg,CAT,CGT
p.His116Tyr,His,116,Tyr,CAT,TAT
p.Leu117Ile,Leu,117,Ile,CTA,ATA
p.Leu117Gln,Leu,117,Gln,CTA,CAA
p.Leu117Arg,Leu,117,Arg,CTA,CGA
p.Leu117Val,Leu,117,Val,CTA,GTA
p.Leu117Pro,Leu,117,Pro,CTA,CCA
p.Lys118Ile,Lys,118,Ile,AAA,ATA
p.Lys118Glu,Lys,118,Glu,AAA,GAA
p.Lys118Asn,Lys,118,Asn,AAA,AAT
p.Lys118Gln,Lys,118,Gln,AAA,CAA
p.Lys118Arg,Lys,118,Arg,AAA,AGA
p.Lys118Thr,Lys,118,Thr,AAA,ACA
p.Lys118Ter,Lys,118,Ter,AAA,TAA
p.Asp119Glu,Asp,119,Glu,GAT,GAA
p.Asp119Ala,Asp,119,Ala,GAT,GCT
p.Asp119Asn,Asp,119,Asn,GAT,AAT
p.Asp119His,Asp,119,His,GAT,CAT
p.Asp119Val,Asp,119,Val,GAT,GTT
p.Asp119Gly,Asp,119,Gly,GAT,GGT
p.Asp119Tyr,Asp,119,Tyr,GAT,TAT
p.Glu120Gly,Glu,120,Gly,GAA,GGA
p.Glu120Ala,Glu,120,Ala,GAA,GCA
p.Glu120Asp,Glu,120,Asp,GAA,GAT
p.Glu120Lys,Glu,120,Lys,GAA,AAA
p.Glu120Gln,Glu,120,Gln,GAA,CAA
p.Glu120Val,Glu,120,Val,GAA,GTA
p.Glu120Ter,Glu,120,Ter,GAA,TAA
p.Val121Ala,Val,121,Ala,GTT,GCT
p.Val121Leu,Val,121,Leu,GTT,CTT
p.Val121Ile,Val,121,Ile,GTT,ATT
p.Val121Gly,Val,121,Gly,GTT,GGT
p.Val121Asp,Val,121,Asp,GTT,GAT
p.Val121Phe,Val,121,Phe,GTT,TTT
p.Ser122Ala,Ser,122,Ala,TCT,GCT
p.Ser122Cys,Ser,122,Cys,TCT,TGT
p.Ser122Pro,Ser,122,Pro,TCT,CCT
p.Ser122Phe,Ser,122,Phe,TCT,TTT
p.Ser122Tyr,Ser,122,Tyr,TCT,TAT
p.Ser122Thr,Ser,122,Thr,TCT,ACT
p.Ile123Asn,Ile,123,Asn,ATC,AAC
p.Ile123Thr,Ile,123,Thr,ATC,ACC
p.Ile123Phe,Ile,123,Phe,ATC,TTC
p.Ile123Met,Ile,123,Met,ATC,ATG
p.Ile123Val,Ile,123,Val,ATC,GTC
p.Ile123Ser,Ile,123,Ser,ATC,AGC
p.Ile123Leu,Ile,123,Leu,ATC,CTC
p.Ile124Asn,Ile,124,Asn,ATC,AAC
p.Ile124Thr,Ile,124,Thr,ATC,ACC
p.Ile124Phe,Ile,124,Phe,ATC,TTC
p.Ile124Met,Ile,124,Met,ATC,ATG
p.Ile124Val,Ile,124,Val,ATC,GTC
p.Ile124Ser,Ile,124,Ser,ATC,AGC
p.Ile124Leu,Ile,124,Leu,ATC,CTC
p.Gln125Lys,Gln,125,Lys,CAA,AAA
p.Gln125Glu,Gln,125,Glu,CAA,GAA
p.Gln125His,Gln,125,His,CAA,CAT
p.Gln125Arg,Gln,125,Arg,CAA,CGA
p.Gln125Leu,Gln,125,Leu,CAA,CTA
p.Gln125Ter,Gln,125,Ter,CAA,TAA
p.Gln125Pro,Gln,125,Pro,CAA,CCA
p.Ser126Asn,Ser,126,Asn,AGT,AAT
p.Ser126Cys,Ser,126,Cys,AGT,TGT
p.Ser126Ile,Ser,126,Ile,AGT,ATT
p.Ser126Gly,Ser,126,Gly,AGT,GGT
p.Ser126Arg,Ser,126,Arg,AGT,CGT
p.Ser126Thr,Ser,126,Thr,AGT,ACT
p.Met127Lys,Met,127,Lys,ATG,AAG
p.Met127Thr,Met,127,Thr,ATG,ACG
p.Met127Leu,Met,127,Leu,ATG,TTG
p.Met127Ile,Met,127,Ile,ATG,ATT
p.Met127Val,Met,127,Val,ATG,GTG
p.Met127Arg,Met,127,Arg,ATG,AGG
p.Gly128Cys,Gly,128,Cys,GGC,TGC
p.Gly128Arg,Gly,128,Arg,GGC,CGC
p.Gly128Asp,Gly,128,Asp,GGC,GAC
p.Gly128Ala,Gly,128,Ala,GGC,GCC
p.Gly128Val,Gly,128,Val,GGC,GTC
p.Gly128Ser,Gly,128,Ser,GGC,AGC
p.Tyr129Asn,Tyr,129,Asn,TAC,AAC
p.Tyr129Ser,Tyr,129,Ser,TAC,TCC
p.Tyr129Cys,Tyr,129,Cys,TAC,TGC
p.Tyr129Phe,Tyr,129,Phe,TAC,TTC
p.Tyr129Asp,Tyr,129,Asp,TAC,GAC
p.Tyr129Ter,Tyr,129,Ter,TAC,TAA
p.Tyr129His,Tyr,129,His,TAC,CAC
p.Arg130Gly,Arg,130,Gly,AGA,GGA
p.Arg130Ile,Arg,130,Ile,AGA,ATA
p.Arg130Lys,Arg,130,Lys,AGA,AAA
p.Arg130Ter,Arg,130,Ter,AGA,TGA
p.Arg130Ser,Arg,130,Ser,AGA,AGT
p.Arg130Thr,Arg,130,Thr,AGA,ACA
p.Asn131Thr,Asn,131,Thr,AAC,ACC
p.Asn131Lys,Asn,131,Lys,AAC,AAA
p.Asn131Asp,Asn,131,Asp,AAC,GAC
p.Asn131Tyr,Asn,131,Tyr,AAC,TAC
p.Asn131Ile,Asn,131,Ile,AAC,ATC
p.Asn131His,Asn,131,His,AAC,CAC
p.Asn131Ser,Asn,131,Ser,AAC,AGC
p.Arg132Cys,Arg,132,Cys,CGT,TGT
p.Arg132His,Arg,132,His,CGT,CAT
p.Arg132Leu,Arg,132,Leu,CGT,CTT
p.Arg132Pro,Arg,132,Pro,CGT,CCT
p.Arg132Ser,Arg,132,Ser,CGT,AGT
p.Arg132Gly,Arg,132,Gly,CGT,GGT
p.Ala133Ser,Ala,133,Ser,GCC,TCC
p.Ala133Thr,Ala,133,Thr,GCC,ACC
p.Ala133Asp,Ala,133,Asp,GCC,GAC
p.Ala133Pro,Ala,133,Pro,GCC,CCC
p.Ala133Gly,Ala,133,Gly,GCC,GGC
p.Ala133Val,Ala,133,Val,GCC,GTC
p.Lys134Ile,Lys,134,Ile,AAA,ATA
p.Lys134Glu,Lys,134,Glu,AAA,GAA
p.Lys134Asn,Lys,134,Asn,AAA,AAT
p.Lys134Gln,Lys,134,Gln,AAA,CAA
p.Lys134Arg,Lys,134,Arg,AAA,AGA
p.Lys134Thr,Lys,134,Thr,AAA,ACA
p.Lys134Ter,Lys,134,Ter,AAA,TAA
p.Arg135Gly,Arg,135,Gly,AGA,GGA
p.Arg135Ile,Arg,135,Ile,AGA,ATA
p.Arg135Lys,Arg,135,Lys,AGA,AAA
p.Arg135Ter,Arg,135,Ter,AGA,TGA
p.Arg135Ser,Arg,135,Ser,AGA,AGT
p.Arg135Thr,Arg,135,Thr,AGA,ACA
p.Leu136His,Leu,136,His,CTT,CAT
p.Leu136Ile,Leu,136,Ile,CTT,ATT
p.Leu136Pro,Leu,136,Pro,CTT,CCT
p.Leu136Val,Leu,136,Val,CTT,GTT
p.Leu136Phe,Leu,136,Phe,CTT,TTT
p.Leu136Arg,Leu,136,Arg,CTT,CGT
p.Leu137Ile,Leu,137,Ile,CTA,ATA
p.Leu137Gln,Leu,137,Gln,CTA,CAA
p.Leu137Arg,Leu,137,Arg,CTA,CGA
p.Leu137Val,Leu,137,Val,CTA,GTA
p.Leu137Pro,Leu,137,Pro,CTA,CCA
p.Gln138Lys,Gln,138,Lys,CAG,AAG
p.Gln138Glu,Gln,138,Glu,CAG,GAG
p.Gln138Pro,Gln,138,Pro,CAG,CCG
p.Gln138His,Gln,138,His,CAG,CAT
p.Gln138Ter,Gln,138,Ter,CAG,TAG
p.Gln138Arg,Gln,138,Arg,CAG,CGG
p.Gln138Leu,Gln,138,Leu,CAG,CTG
p.Ser139Asn,Ser,139,Asn,AGT,AAT
p.Ser139Cys,Ser,139,Cys,AGT,TGT
p.Ser139Ile,Ser,139,Ile,AGT,ATT
p.Ser139Gly,Ser,139,Gly,AGT,GGT
p.Ser139Arg,Ser,139,Arg,AGT,CGT
p.Ser139Thr,Ser,139,Thr,AGT,ACT
p.Glu140Gly,Glu,140,Gly,GAA,GGA
p.Glu140Ala,Glu,140,Ala,GAA,GCA
p.Glu140Asp,Glu,140,Asp,GAA,GAT
p.Glu140Lys,Glu,140,Lys,GAA,AAA
p.Glu140Gln,Glu,140,Gln,GAA,CAA
p.Glu140Val,Glu,140,Val,GAA,GTA
p.Glu140Ter,Glu,140,Ter,GAA,TAA
p.Pro141Ser,Pro,141,Ser,CCC,TCC
p.Pro141Thr,Pro,141,Thr,CCC,ACC
p.Pro141Arg,Pro,141,Arg,CCC,CGC
p.Pro141Ala,Pro,141,Ala,CCC,GCC
p.Pro141His,Pro,141,His,CCC,CAC
p.Pro141Leu,Pro,141,Leu,CCC,CTC
p.Glu142Gly,Glu,142,Gly,GAA,GGA
p.Glu142Ala,Glu,142,Ala,GAA,GCA
p.Glu142Asp,Glu,142,Asp,GAA,GAT
p.Glu142Lys,Glu,142,Lys,GAA,AAA
p.Glu142Gln,Glu,142,Gln,GAA,CAA
p.Glu142Val,Glu,142,Val,GAA,GTA
p.Glu142Ter,Glu,142,Ter,GAA,TAA
p.Asn143Lys,Asn,143,Lys,AAT,AAA
p.Asn143His,Asn,143,His,AAT,CAT
p.Asn143Ile,Asn,143,Ile,AAT,ATT
p.Asn143Ser,Asn,143,Ser,AAT,AGT
p.Asn143Asp,Asn,143,Asp,AAT,GAT
p.Asn143Tyr,Asn,143,Tyr,AAT,TAT
p.Asn143Thr,Asn,143,Thr,AAT,ACT
p.Pro144Ser,Pro,144,Ser,CCT,TCT
p.Pro144Ala,Pro,144,Ala,CCT,GCT
p.Pro144His,Pro,144,His,CCT,CAT
p.Pro144Leu,Pro,144,Leu,CCT,CTT
p.Pro144Arg,Pro,144,Arg,CCT,CGT
p.Pro144Thr,Pro,144,Thr,CCT,ACT
p.Ser145Thr,Ser,145,Thr,TCC,ACC
p.Ser145Cys,Ser,145,Cys,TCC,TGC
p.Ser145Phe,Ser,145,Phe,TCC,TTC
p.Ser145Pro,Ser,145,Pro,TCC,CCC
p.Ser145Ala,Ser,145,Ala,TCC,GCC
p.Ser145Tyr,Ser,145,Tyr,TCC,TAC
p.Leu146Ter,Leu,146,Ter,TTG,TAG
p.Leu146Trp,Leu,146,Trp,TTG,TGG
p.Leu146Met,Leu,146,Met,TTG,ATG
p.Leu146Val,Leu,146,Val,TTG,GTG
p.Leu146Phe,Leu,146,Phe,TTG,TTT
p.Leu146Ser,Leu,146,Ser,TTG,TCG
p.Gln147Lys,Gln,147,Lys,CAG,AAG
p.Gln147Glu,Gln,147,Glu,CAG,GAG
p.Gln147Pro,Gln,147,Pro,CAG,CCG
p.Gln147His,Gln,147,His,CAG,CAT
p.Gln147Ter,Gln,147,Ter,CAG,TAG
p.Gln147Arg,Gln,147,Arg,CAG,CGG
p.Gln147Leu,Gln,147,Leu,CAG,CTG
p.Glu148Gly,Glu,148,Gly,GAA,GGA
p.Glu148Ala,Glu,148,Ala,GAA,GCA
p.Glu148Asp,Glu,148,Asp,GAA,GAT
p.Glu148Lys,Glu,148,Lys,GAA,AAA
p.Glu148Gln,Glu,148,Gln,GAA,CAA
p.Glu148Val,Glu,148,Val,GAA,GTA
p.Glu148Ter,Glu,148,Ter,GAA,TAA
p.Thr149Asn,Thr,149,Asn,ACC,AAC
p.Thr149Ser,Thr,149,Ser,ACC,TCC
p.Thr149Pro,Thr,149,Pro,ACC,CCC
p.Thr149Ala,Thr,149,Ala,ACC,GCC
p.Thr149Ile,Thr,149,Ile,ACC,ATC
p.Ser150Asn,Ser,150,Asn,AGT,AAT
p.Ser150Cys,Ser,150,Cys,AGT,TGT
p.Ser150Ile,Ser,150,Ile,AGT,ATT
p.Ser150Gly,Ser,150,Gly,AGT,GGT
p.Ser150Arg,Ser,150,Arg,AGT,CGT
p.Ser150Thr,Ser,150,Thr,AGT,ACT
p.Leu151His,Leu,151,His,CTC,CAC
p.Leu151Arg,Leu,151,Arg,CTC,CGC
p.Leu151Phe,Leu,151,Phe,CTC,TTC
p.Leu151Pro,Leu,151,Pro,CTC,CCC
p.Leu151Ile,Leu,151,Ile,CTC,ATC
p.Leu151Val,Leu,151,Val,CTC,GTC
p.Ser152Asn,Ser,152,Asn,AGT,AAT
p.Ser152Cys,Ser,152,Cys,AGT,TGT
p.Ser152Ile,Ser,152,Ile,AGT,ATT
p.Ser152Gly,Ser,152,Gly,AGT,GGT
p.Ser152Arg,Ser,152,Arg,AGT,CGT
p.Ser152Thr,Ser,152,Thr,AGT,ACT
p.Val153Asp,Val,153,Asp,GTC,GAC
p.Val153Ala,Val,153,Ala,GTC,GCC
p.Val153Phe,Val,153,Phe,GTC,TTC
p.Val153Ile,Val,153,Ile,GTC,ATC
p.Val153Gly,Val,153,Gly,GTC,GGC
p.Val153Leu,Val,153,Leu,GTC,CTC
p.Gln154Lys,Gln,154,Lys,CAA,AAA
p.Gln154Glu,Gln,154,Glu,CAA,GAA
p.Gln154His,Gln,154,His,CAA,CAT
p.Gln154Arg,Gln,154,Arg,CAA,CGA
p.Gln154Leu,Gln,154,Leu,CAA,CTA
p.Gln154Ter,Gln,154,Ter,CAA,TAA
p.Gln154Pro,Gln,154,Pro,CAA,CCA
p.Leu155His,Leu,155,His,CTC,CAC
p.Leu155Arg,Leu,155,Arg,CTC,CGC
p.Leu155Phe,Leu,155,Phe,CTC,TTC
p.Leu155Pro,Leu,155,Pro,CTC,CCC
p.Leu155Ile,Leu,155,Ile,CTC,ATC
p.Leu155Val,Leu,155,Val,CTC,GTC
p.Ser156Ala,Ser,156,Ala,TCT,GCT
p.Ser156Cys,Ser,156,Cys,TCT,TGT
p.Ser156Pro,Ser,156,Pro,TCT,CCT
p.Ser156Phe,Ser,156,Phe,TCT,TTT
p.Ser156Tyr,Ser,156,Tyr,TCT,TAT
p.Ser156Thr,Ser,156,Thr,TCT,ACT
p.Asn157Thr,Asn,157,Thr,AAC,ACC
p.Asn157Lys,Asn,157,Lys,AAC,AAA
p.Asn157Asp,Asn,157,Asp,AAC,GAC
p.Asn157Tyr,Asn,157,Tyr,AAC,TAC
p.Asn157Ile,Asn,157,Ile,AAC,ATC
p.Asn157His,Asn,157,His,AAC,CAC
p.Asn157Ser,Asn,157,Ser,AAC,AGC
p.Leu158His,Leu,158,His,CTT,CAT
p.Leu158Ile,Leu,158,Ile,CTT,ATT
p.Leu158Pro,Leu,158,Pro,CTT,CCT
p.Leu158Val,Leu,158,Val,CTT,GTT
p.Leu158Phe,Leu,158,Phe,CTT,TTT
p.Leu158Arg,Leu,158,Arg,CTT,CGT
p.Gly159Ala,Gly,159,Ala,GGA,GCA
p.Gly159Glu,Gly,159,Glu,GGA,GAA
p.Gly159Ter,Gly,159,Ter,GGA,TGA
p.Gly159Arg,Gly,159,Arg,GGA,CGA
p.Gly159Val,Gly,159,Val,GGA,GTA
p.Thr160Ser,Thr,160,Ser,ACT,TCT
p.Thr160Ala,Thr,160,Ala,ACT,GCT
p.Thr160Asn,Thr,160,Asn,ACT,AAT
p.Thr160Ile,Thr,160,Ile,ACT,ATT
p.Thr160Pro,Thr,160,Pro,ACT,CCT
p.Val161Glu,Val,161,Glu,GTG,GAG
p.Val161Leu,Val,161,Leu,GTG,TTG
p.Val161Met,Val,161,Met,GTG,ATG
p.Val161Ala,Val,161,Ala,GTG,GCG
p.Val161Gly,Val,161,Gly,GTG,GGG
p.Arg162Gly,Arg,162,Gly,AGA,GGA
p.Arg162Ile,Arg,162,Ile,AGA,ATA
p.Arg162Lys,Arg,162,Lys,AGA,AAA
p.Arg162Ter,Arg,162,Ter,AGA,TGA
p.Arg162Ser,Arg,162,Ser,AGA,AGT
p.Arg162Thr,Arg,162,Thr,AGA,ACA
p.Thr163Ser,Thr,163,Ser,ACT,TCT
p.Thr163Ala,Thr,163,Ala,ACT,GCT
p.Thr163Asn,Thr,163,Asn,ACT,AAT
p.Thr163Ile,Thr,163,Ile,ACT,ATT
p.Thr163Pro,Thr,163,Pro,ACT,CCT
p.Leu164Gln,Leu,164,Gln,CTG,CAG
p.Leu164Pro,Leu,164,Pro,CTG,CCG
p.Leu164Val,Leu,164,Val,CTG,GTG
p.Leu164Met,Leu,164,Met,CTG,ATG
p.Leu164Arg,Leu,164,Arg,CTG,CGG
p.Arg165Lys,Arg,165,Lys,AGG,AAG
p.Arg165Thr,Arg,165,Thr,AGG,ACG
p.Arg165Trp,Arg,165,Trp,AGG,TGG
p.Arg165Met,Arg,165,Met,AGG,ATG
p.Arg165Ser,Arg,165,Ser,AGG,AGT
p.Arg165Gly,Arg,165,Gly,AGG,GGG
p.Thr166Ile,Thr,166,Ile,ACA,ATA
p.Thr166Ala,Thr,166,Ala,ACA,GCA
p.Thr166Lys,Thr,166,Lys,ACA,AAA
p.Thr166Ser,Thr,166,Ser,ACA,TCA
p.Thr166Arg,Thr,166,Arg,ACA,AGA
p.Thr166Pro,Thr,166,Pro,ACA,CCA
p.Lys167Gln,Lys,167,Gln,AAG,CAG
p.Lys167Glu,Lys,167,Glu,AAG,GAG
p.Lys167Asn,Lys,167,Asn,AAG,AAT
p.Lys167Thr,Lys,167,Thr,AAG,ACG
p.Lys167Ter,Lys,167,Ter,AAG,TAG
p.Lys167Met,Lys,167,Met,AAG,ATG
p.Lys167Arg,Lys,167,Arg,AAG,AGG
p.Gln168Lys,Gln,168,Lys,CAG,AAG
p.Gln168Glu,Gln,168,Glu,CAG,GAG
p.Gln168Pro,Gln,168,Pro,CAG,CCG
p.Gln168His,Gln,168,His,CAG,CAT
p.Gln168Ter,Gln,168,Ter,CAG,TAG
p.Gln168Arg,Gln,168,Arg,CAG,CGG
p.Gln168Leu,Gln,168,Leu,CAG,CTG
p.Arg169Gln,Arg,169,Gln,CGG,CAG
p.Arg169Pro,Arg,169,Pro,CGG,CCG
p.Arg169Trp,Arg,169,Trp,CGG,TGG
p.Arg169Leu,Arg,169,Leu,CGG,CTG
p.Arg169Gly,Arg,169,Gly,CGG,GGG
p.Ile170Lys,Ile,170,Lys,ATA,AAA
p.Ile170Arg,Ile,170,Arg,ATA,AGA
p.Ile170Val,Ile,170,Val,ATA,GTA
p.Ile170Met,Ile,170,Met,ATA,ATG
p.Ile170Thr,Ile,170,Thr,ATA,ACA
p.Ile170Leu,Ile,170,Leu,ATA,TTA
p.Gln171Lys,Gln,171,Lys,CAA,AAA
p.Gln171Glu,Gln,171,Glu,CAA,GAA
p.Gln171His,Gln,171,His,CAA,CAT
p.Gln171Arg,Gln,171,Arg,CAA,CGA
p.Gln171Leu,Gln,171,Leu,CAA,CTA
p.Gln171Ter,Gln,171,Ter,CAA,TAA
p.Gln171Pro,Gln,171,Pro,CAA,CCA
p.Pro172Ser,Pro,172,Ser,CCT,TCT
p.Pro172Ala,Pro,172,Ala,CCT,GCT
p.Pro172His,Pro,172,His,CCT,CAT
p.Pro172Leu,Pro,172,Leu,CCT,CTT
p.Pro172Arg,Pro,172,Arg,CCT,CGT
p.Pro172Thr,Pro,172,Thr,CCT,ACT
p.Gln173Lys,Gln,173,Lys,CAA,AAA
p.Gln173Glu,Gln,173,Glu,CAA,GAA
p.Gln173His,Gln,173,His,CAA,CAT
p.Gln173Arg,Gln,173,Arg,CAA,CGA
p.Gln173Leu,Gln,173,Leu,CAA,CTA
p.Gln173Ter,Gln,173,Ter,CAA,TAA
p.Gln173Pro,Gln,173,Pro,CAA,CCA
p.Arg174Lys,Arg,174,Lys,AGG,AAG
p.Arg174Thr,Arg,174,Thr,AGG,ACG
p.Arg174Trp,Arg,174,Trp,AGG,TGG
p.Arg174Met,Arg,174,Met,AGG,ATG
p.Arg174Ser,Arg,174,Ser,AGG,AGT
p.Arg174Gly,Arg,174,Gly,AGG,GGG
p.Thr175Lys,Thr,175,Lys,ACG,AAG
p.Thr175Pro,Thr,175,Pro,ACG,CCG
p.Thr175Met,Thr,175,Met,ACG,ATG
p.Thr175Arg,Thr,175,Arg,ACG,AGG
p.Thr175Ala,Thr,175,Ala,ACG,GCG
p.Thr175Ser,Thr,175,Ser,ACG,TCG
p.Ser176Ala,Ser,176,Ala,TCT,GCT
p.Ser176Cys,Ser,176,Cys,TCT,TGT
p.Ser176Pro,Ser,176,Pro,TCT,CCT
p.Ser176Phe,Ser,176,Phe,TCT,TTT
p.Ser176Tyr,Ser,176,Tyr,TCT,TAT
p.Ser176Thr,Ser,176,Thr,TCT,ACT
p.Val177Asp,Val,177,Asp,GTC,GAC
p.Val177Ala,Val,177,Ala,GTC,GCC
p.Val177Phe,Val,177,Phe,GTC,TTC
p.Val177Ile,Val,177,Ile,GTC,ATC
p.Val177Gly,Val,177,Gly,GTC,GGC
p.Val177Leu,Val,177,Leu,GTC,CTC
p.Tyr178Asn,Tyr,178,Asn,TAC,AAC
p.Tyr178Ser,Tyr,178,Ser,TAC,TCC
p.Tyr178Cys,Tyr,178,Cys,TAC,TGC
p.Tyr178Phe,Tyr,178,Phe,TAC,TTC
p.Tyr178Asp,Tyr,178,Asp,TAC,GAC
p.Tyr178Ter,Tyr,178,Ter,TAC,TAA
p.Tyr178His,Tyr,178,His,TAC,CAC
p.Ile179Asn,Ile,179,Asn,ATT,AAT
p.Ile179Leu,Ile,179,Leu,ATT,CTT
p.Ile179Met,Ile,179,Met,ATT,ATG
p.Ile179Val,Ile,179,Val,ATT,GTT
p.Ile179Ser,Ile,179,Ser,ATT,AGT
p.Ile179Phe,Ile,179,Phe,ATT,TTT
p.Ile179Thr,Ile,179,Thr,ATT,ACT
p.Glu180Gly,Glu,180,Gly,GAA,GGA
p.Glu180Ala,Glu,180,Ala,GAA,GCA
p.Glu180Asp,Glu,180,Asp,GAA,GAT
p.Glu180Lys,Glu,180,Lys,GAA,AAA
p.Glu180Gln,Glu,180,Gln,GAA,CAA
p.Glu180Val,Glu,180,Val,GAA,GTA
p.Glu180Ter,Glu,180,Ter,GAA,TAA
p.Leu181Ter,Leu,181,Ter,TTG,TAG
p.Leu181Trp,Leu,181,Trp,TTG,TGG
p.Leu181Met,Leu,181,Met,TTG,ATG
p.Leu181Val,Leu,181,Val,TTG,GTG
p.Leu181Phe,Leu,181,Phe,TTG,TTT
p.Leu181Ser,Leu,181,Ser,TTG,TCG
p.Gly182Ala,Gly,182,Ala,GGA,GCA
p.Gly182Glu,Gly,182,Glu,GGA,GAA
p.Gly182Ter,Gly,182,Ter,GGA,TGA
p.Gly182Arg,Gly,182,Arg,GGA,CGA
p.Gly182Val,Gly,182,Val,GGA,GTA
p.Ser183Ala,Ser,183,Ala,TCT,GCT
p.Ser183Cys,Ser,183,Cys,TCT,TGT
p.Ser183Pro,Ser,183,Pro,TCT,CCT
p.Ser183Phe,Ser,183,Phe,TCT,TTT
p.Ser183Tyr,Ser,183,Tyr,TCT,TAT
p.Ser183Thr,Ser,183,Thr,TCT,ACT
p.Asp184Glu,Asp,184,Glu,GAT,GAA
p.Asp184Ala,Asp,184,Ala,GAT,GCT
p.Asp184Asn,Asp,184,Asn,GAT,AAT
p.Asp184His,Asp,184,His,GAT,CAT
p.Asp184Val,Asp,184,Val,GAT,GTT
p.Asp184Gly,Asp,184,Gly,GAT,GGT
p.Asp184Tyr,Asp,184,Tyr,GAT,TAT
p.Ser185Ala,Ser,185,Ala,TCT,GCT
p.Ser185Cys,Ser,185,Cys,TCT,TGT
p.Ser185Pro,Ser,185,Pro,TCT,CCT
p.Ser185Phe,Ser,185,Phe,TCT,TTT
p.Ser185Tyr,Ser,185,Tyr,TCT,TAT
p.Ser185Thr,Ser,185,Thr,TCT,ACT
p.Ser186Ala,Ser,186,Ala,TCT,GCT
p.Ser186Cys,Ser,186,Cys,TCT,TGT
p.Ser186Pro,Ser,186,Pro,TCT,CCT
p.Ser186Phe,Ser,186,Phe,TCT,TTT
p.Ser186Tyr,Ser,186,Tyr,TCT,TAT
p.Ser186Thr,Ser,186,Thr,TCT,ACT
p.Glu187Gly,Glu,187,Gly,GAA,GGA
p.Glu187Ala,Glu,187,Ala,GAA,GCA
p.Glu187Asp,Glu,187,Asp,GAA,GAT
p.Glu187Lys,Glu,187,Lys,GAA,AAA
p.Glu187Gln,Glu,187,Gln,GAA,CAA
p.Glu187Val,Glu,187,Val,GAA,GTA
p.Glu187Ter,Glu,187,Ter,GAA,TAA
p.Asp188Glu,Asp,188,Glu,GAT,GAA
p.Asp188Ala,Asp,188,Ala,GAT,GCT
p.Asp188Asn,Asp,188,Asn,GAT,AAT
p.Asp188His,Asp,188,His,GAT,CAT
p.Asp188Val,Asp,188,Val,GAT,GTT
p.Asp188Gly,Asp,188,Gly,GAT,GGT
p.Asp188Tyr,Asp,188,Tyr,GAT,TAT
p.Thr189Asn,Thr,189,Asn,ACC,AAC
p.Thr189Ser,Thr,189,Ser,ACC,TCC
p.Thr189Pro,Thr,189,Pro,ACC,CCC
p.Thr189Ala,Thr,189,Ala,ACC,GCC
p.Thr189Ile,Thr,189,Ile,ACC,ATC
p.Val190Ala,Val,190,Ala,GTT,GCT
p.Val190Leu,Val,190,Leu,GTT,CTT
p.Val190Ile,Val,190,Ile,GTT,ATT
p.Val190Gly,Val,190,Gly,GTT,GGT
p.Val190Asp,Val,190,Asp,GTT,GAT
p.Val190Phe,Val,190,Phe,GTT,TTT
p.Asn191Lys,Asn,191,Lys,AAT,AAA
p.Asn191His,Asn,191,His,AAT,CAT
p.Asn191Ile,Asn,191,Ile,AAT,ATT
p.Asn191Ser,Asn,191,Ser,AAT,AGT
p.Asn191Asp,Asn,191,Asp,AAT,GAT
p.Asn191Tyr,Asn,191,Tyr,AAT,TAT
p.Asn191Thr,Asn,191,Thr,AAT,ACT
p.Lys192Gln,Lys,192,Gln,AAG,CAG
p.Lys192Glu,Lys,192,Glu,AAG,GAG
p.Lys192Asn,Lys,192,Asn,AAG,AAT
p.Lys192Thr,Lys,192,Thr,AAG,ACG
p.Lys192Ter,Lys,192,Ter,AAG,TAG
p.Lys192Met,Lys,192,Met,AAG,ATG
p.Lys192Arg,Lys,192,Arg,AAG,AGG
p.Ala193Gly,Ala,193,Gly,GCA,GGA
p.Ala193Glu,Ala,193,Glu,GCA,GAA
p.Ala193Ser,Ala,193,Ser,GCA,TCA
p.Ala193Val,Ala,193,Val,GCA,GTA
p.Ala193Thr,Ala,193,Thr,GCA,ACA
p.Ala193Pro,Ala,193,Pro,GCA,CCA
p.Thr194Ser,Thr,194,Ser,ACT,TCT
p.Thr194Ala,Thr,194,Ala,ACT,GCT
p.Thr194Asn,Thr,194,Asn,ACT,AAT
p.Thr194Ile,Thr,194,Ile,ACT,ATT
p.Thr194Pro,Thr,194,Pro,ACT,CCT
p.Tyr195Ser,Tyr,195,Ser,TAT,TCT
p.Tyr195Asn,Tyr,195,Asn,TAT,AAT
p.Tyr195Cys,Tyr,195,Cys,TAT,TGT
p.Tyr195His,Tyr,195,His,TAT,CAT
p.Tyr195Ter,Tyr,195,Ter,TAT,TAA
p.Tyr195Asp,Tyr,195,Asp,TAT,GAT
p.Tyr195Phe,Tyr,195,Phe,TAT,TTT
p.Cys196Ter,Cys,196,Ter,TGC,TGA
p.Cys196Arg,Cys,196,Arg,TGC,CGC
p.Cys196Phe,Cys,196,Phe,TGC,TTC
p.Cys196Trp,Cys,196,Trp,TGC,TGG
p.Cys196Tyr,Cys,196,Tyr,TGC,TAC
p.Cys196Gly,Cys,196,Gly,TGC,GGC
p.Cys196Ser,Cys,196,Ser,TGC,AGC
p.Ser197Asn,Ser,197,Asn,AGT,AAT
p.Ser197Cys,Ser,197,Cys,AGT,TGT
p.Ser197Ile,Ser,197,Ile,AGT,ATT
p.Ser197Gly,Ser,197,Gly,AGT,GGT
p.Ser197Arg,Ser,197,Arg,AGT,CGT
p.Ser197Thr,Ser,197,Thr,AGT,ACT
p.Val198Glu,Val,198,Glu,GTG,GAG
p.Val198Leu,Val,198,Leu,GTG,TTG
p.Val198Met,Val,198,Met,GTG,ATG
p.Val198Ala,Val,198,Ala,GTG,GCG
p.Val198Gly,Val,198,Gly,GTG,GGG
p.Gly199Ala,Gly,199,Ala,GGA,GCA
p.Gly199Glu,Gly,199,Glu,GGA,GAA
p.Gly199Ter,Gly,199,Ter,GGA,TGA
p.Gly199Arg,Gly,199,Arg,GGA,CGA
p.Gly199Val,Gly,199,Val,GGA,GTA
p.Asp200Glu,Asp,200,Glu,GAT,GAA
p.Asp200Ala,Asp,200,Ala,GAT,GCT
p.Asp200Asn,Asp,200,Asn,GAT,AAT
p.Asp200His,Asp,200,His,GAT,CAT
p.Asp200Val,Asp,200,Val,GAT,GTT
p.Asp200Gly,Asp,200,Gly,GAT,GGT
p.Asp200Tyr,Asp,200,Tyr,GAT,TAT
p.Gln201Lys,Gln,201,Lys,CAA,AAA
p.Gln201Glu,Gln,201,Glu,CAA,GAA
p.Gln201His,Gln,201,His,CAA,CAT
p.Gln201Arg,Gln,201,Arg,CAA,CGA
p.Gln201Leu,Gln,201,Leu,CAA,CTA
p.Gln201Ter,Gln,201,Ter,CAA,TAA
p.Gln201Pro,Gln,201,Pro,CAA,CCA
p.Glu202Gly,Glu,202,Gly,GAA,GGA
p.Glu202Ala,Glu,202,Ala,GAA,GCA
p.Glu202Asp,Glu,202,Asp,GAA,GAT
p.Glu202Lys,Glu,202,Lys,GAA,AAA
p.Glu202Gln,Glu,202,Gln,GAA,CAA
p.Glu202Val,Glu,202,Val,GAA,GTA
p.Glu202Ter,Glu,202,Ter,GAA,TAA
p.Leu203Ter,Leu,203,Ter,TTG,TAG
p.Leu203Trp,Leu,203,Trp,TTG,TGG
p.Leu203Met,Leu,203,Met,TTG,ATG
p.Leu203Val,Leu,203,Val,TTG,GTG
p.Leu203Phe,Leu,203,Phe,TTG,TTT
p.Leu203Ser,Leu,203,Ser,TTG,TCG
p.Leu204Ile,Leu,204,Ile,TTA,ATA
p.Leu204Ser,Leu,204,Ser,TTA,TCA
p.Leu204Val,Leu,204,Val,TTA,GTA
p.Leu204Ter,Leu,204,Ter,TTA,TAA
p.Leu204Phe,Leu,204,Phe,TTA,TTT
p.Gln205Lys,Gln,205,Lys,CAA,AAA
p.Gln205Glu,Gln,205,Glu,CAA,GAA
p.Gln205His,Gln,205,His,CAA,CAT
p.Gln205Arg,Gln,205,Arg,CAA,CGA
p.Gln205Leu,Gln,205,Leu,CAA,CTA
p.Gln205Ter,Gln,205,Ter,CAA,TAA
p.Gln205Pro,Gln,205,Pro,CAA,CCA
p.Ile206Asn,Ile,206,Asn,ATC,AAC
p.Ile206Thr,Ile,206,Thr,ATC,ACC
p.Ile206Phe,Ile,206,Phe,ATC,TTC
p.Ile206Met,Ile,206,Met,ATC,ATG
p.Ile206Val,Ile,206,Val,ATC,GTC
p.Ile206Ser,Ile,206,Ser,ATC,AGC
p.Ile206Leu,Ile,206,Leu,ATC,CTC
p.Thr207Asn,Thr,207,Asn,ACC,AAC
p.Thr207Ser,Thr,207,Ser,ACC,TCC
p.Thr207Pro,Thr,207,Pro,ACC,CCC
p.Thr207Ala,Thr,207,Ala,ACC,GCC
p.Thr207Ile,Thr,207,Ile,ACC,ATC
p.Pro208Ser,Pro,208,Ser,CCT,TCT
p.Pro208Ala,Pro,208,Ala,CCT,GCT
p.Pro208His,Pro,208,His,CCT,CAT
p.Pro208Leu,Pro,208,Leu,CCT,CTT
p.Pro208Arg,Pro,208,Arg,CCT,CGT
p.Pro208Thr,Pro,208,Thr,CCT,ACT
p.Gln209Lys,Gln,209,Lys,CAA,AAA
p.Gln209Glu,Gln,209,Glu,CAA,GAA
p.Gln209His,Gln,209,His,CAA,CAT
p.Gln209Arg,Gln,209,Arg,CAA,CGA
p.Gln209Leu,Gln,209,Leu,CAA,CTA
p.Gln209Ter,Gln,209,Ter,CAA,TAA
p.Gln209Pro,Gln,209,Pro,CAA,CCA
p.Gly210Ala,Gly,210,Ala,GGA,GCA
p.Gly210Glu,Gly,210,Glu,GGA,GAA
p.Gly210Ter,Gly,210,Ter,GGA,TGA
p.Gly210Arg,Gly,210,Arg,GGA,CGA
p.Gly210Val,Gly,210,Val,GGA,GTA
p.Thr211Asn,Thr,211,Asn,ACC,AAC
p.Thr211Ser,Thr,211,Ser,ACC,TCC
p.Thr211Pro,Thr,211,Pro,ACC,CCC
p.Thr211Ala,Thr,211,Ala,ACC,GCC
p.Thr211Ile,Thr,211,Ile,ACC,ATC
p.Arg212Lys,Arg,212,Lys,AGG,AAG
p.Arg212Thr,Arg,212,Thr,AGG,ACG
p.Arg212Trp,Arg,212,Trp,AGG,TGG
p.Arg212Met,Arg,212,Met,AGG,ATG
p.Arg212Ser,Arg,212,Ser,AGG,AGT
p.Arg212Gly,Arg,212,Gly,AGG,GGG
p.Asp213Glu,Asp,213,Glu,GAT,GAA
p.Asp213Ala,Asp,213,Ala,GAT,GCT
p.Asp213Asn,Asp,213,Asn,GAT,AAT
p.Asp213His,Asp,213,His,GAT,CAT
p.Asp213Val,Asp,213,Val,GAT,GTT
p.Asp213Gly,Asp,213,Gly,GAT,GGT
p.Asp213Tyr,Asp,213,Tyr,GAT,TAT
p.Glu214Gly,Glu,214,Gly,GAA,GGA
p.Glu214Ala,Glu,214,Ala,GAA,GCA
p.Glu214Asp,Glu,214,Asp,GAA,GAT
p.Glu214Lys,Glu,214,Lys,GAA,AAA
p.Glu214Gln,Glu,214,Gln,GAA,CAA
p.Glu214Val,Glu,214,Val,GAA,GTA
p.Glu214Ter,Glu,214,Ter,GAA,TAA
p.Ile215Asn,Ile,215,Asn,ATC,AAC
p.Ile215Thr,Ile,215,Thr,ATC,ACC
p.Ile215Phe,Ile,215,Phe,ATC,TTC
p.Ile215Met,Ile,215,Met,ATC,ATG
p.Ile215Val,Ile,215,Val,ATC,GTC
p.Ile215Ser,Ile,215,Ser,ATC,AGC
p.Ile215Leu,Ile,215,Leu,ATC,CTC
p.Ser216Asn,Ser,216,Asn,AGT,AAT
p.Ser216Cys,Ser,216,Cys,AGT,TGT
p.Ser216Ile,Ser,216,Ile,AGT,ATT
p.Ser216Gly,Ser,216,Gly,AGT,GGT
p.Ser216Arg,Ser,216,Arg,AGT,CGT
p.Ser216Thr,Ser,216,Thr,AGT,ACT
p.Leu217Ter,Leu,217,Ter,TTG,TAG
p.Leu217Trp,Leu,217,Trp,TTG,TGG
p.Leu217Met,Leu,217,Met,TTG,ATG
p.Leu217Val,Leu,217,Val,TTG,GTG
p.Leu217Phe,Leu,217,Phe,TTG,TTT
p.Leu217Ser,Leu,217,Ser,TTG,TCG
p.Asp218Glu,Asp,218,Glu,GAT,GAA
p.Asp218Ala,Asp,218,Ala,GAT,GCT
p.Asp218Asn,Asp,218,Asn,GAT,AAT
p.Asp218His,Asp,218,His,GAT,CAT
p.Asp218Val,Asp,218,Val,GAT,GTT
p.Asp218Gly,Asp,218,Gly,GAT,GGT
p.Asp218Tyr,Asp,218,Tyr,GAT,TAT
p.Ser219Ala,Ser,219,Ala,TCT,GCT
p.Ser219Cys,Ser,219,Cys,TCT,TGT
p.Ser219Pro,Ser,219,Pro,TCT,CCT
p.Ser219Phe,Ser,219,Phe,TCT,TTT
p.Ser219Tyr,Ser,219,Tyr,TCT,TAT
p.Ser219Thr,Ser,219,Thr,TCT,ACT
p.Ala220Gly,Ala,220,Gly,GCA,GGA
p.Ala220Glu,Ala,220,Glu,GCA,GAA
p.Ala220Ser,Ala,220,Ser,GCA,TCA
p.Ala220Val,Ala,220,Val,GCA,GTA
p.Ala220Thr,Ala,220,Thr,GCA,ACA
p.Ala220Pro,Ala,220,Pro,GCA,CCA
p.Lys221Ile,Lys,221,Ile,AAA,ATA
p.Lys221Glu,Lys,221,Glu,AAA,GAA
p.Lys221Asn,Lys,221,Asn,AAA,AAT
p.Lys221Gln,Lys,221,Gln,AAA,CAA
p.Lys221Arg,Lys,221,Arg,AAA,AGA
p.Lys221Thr,Lys,221,Thr,AAA,ACA
p.Lys221Ter,Lys,221,Ter,AAA,TAA
p.Lys222Gln,Lys,222,Gln,AAG,CAG
p.Lys222Glu,Lys,222,Glu,AAG,GAG
p.Lys222Asn,Lys,222,Asn,AAG,AAT
p.Lys222Thr,Lys,222,Thr,AAG,ACG
p.Lys222Ter,Lys,222,Ter,AAG,TAG
p.Lys222Met,Lys,222,Met,AAG,ATG
p.Lys222Arg,Lys,222,Arg,AAG,AGG
p.Ala223Ser,Ala,223,Ser,GCT,TCT
p.Ala223Pro,Ala,223,Pro,GCT,CCT
p.Ala223Val,Ala,223,Val,GCT,GTT
p.Ala223Gly,Ala,223,Gly,GCT,GGT
p.Ala223Asp,Ala,223,Asp,GCT,GAT
p.Ala223Thr,Ala,223,Thr,GCT,ACT
p.Ala224Ser,Ala,224,Ser,GCT,TCT
p.Ala224Pro,Ala,224,Pro,GCT,CCT
p.Ala224Val,Ala,224,Val,GCT,GTT
p.Ala224Gly,Ala,224,Gly,GCT,GGT
p.Ala224Asp,Ala,224,Asp,GCT,GAT
p.Ala224Thr,Ala,224,Thr,GCT,ACT
p.Cys225Ter,Cys,225,Ter,TGT,TGA
p.Cys225Trp,Cys,225,Trp,TGT,TGG
p.Cys225Ser,Cys,225,Ser,TGT,AGT
p.Cys225Gly,Cys,225,Gly,TGT,GGT
p.Cys225Phe,Cys,225,Phe,TGT,TTT
p.Cys225Arg,Cys,225,Arg,TGT,CGT
p.Cys225Tyr,Cys,225,Tyr,TGT,TAT
p.Glu226Gly,Glu,226,Gly,GAA,GGA
p.Glu226Ala,Glu,226,Ala,GAA,GCA
p.Glu226Asp,Glu,226,Asp,GAA,GAT
p.Glu226Lys,Glu,226,Lys,GAA,AAA
p.Glu226Gln,Glu,226,Gln,GAA,CAA
p.Glu226Val,Glu,226,Val,GAA,GTA
p.Glu226Ter,Glu,226,Ter,GAA,TAA
p.Phe227Ser,Phe,227,Ser,TTT,TCT
p.Phe227Cys,Phe,227,Cys,TTT,TGT
p.Phe227Leu,Phe,227,Leu,TTT,CTT
p.Phe227Ile,Phe,227,Ile,TTT,ATT
p.Phe227Val,Phe,227,Val,TTT,GTT
p.Phe227Tyr,Phe,227,Tyr,TTT,TAT
p.Ser228Ala,Ser,228,Ala,TCT,GCT
p.Ser228Cys,Ser,228,Cys,TCT,TGT
p.Ser228Pro,Ser,228,Pro,TCT,CCT
p.Ser228Phe,Ser,228,Phe,TCT,TTT
p.Ser228Tyr,Ser,228,Tyr,TCT,TAT
p.Ser228Thr,Ser,228,Thr,TCT,ACT
p.Glu229Lys,Glu,229,Lys,GAG,AAG
p.Glu229Gln,Glu,229,Gln,GAG,CAG
p.Glu229Asp,Glu,229,Asp,GAG,GAT
p.Glu229Ter,Glu,229,Ter,GAG,TAG
p.Glu229Val,Glu,229,Val,GAG,GTG
p.Glu229Ala,Glu,229,Ala,GAG,GCG
p.Glu229Gly,Glu,229,Gly,GAG,GGG
p.Thr230Lys,Thr,230,Lys,ACG,AAG
p.Thr230Pro,Thr,230,Pro,ACG,CCG
p.Thr230Met,Thr,230,Met,ACG,ATG
p.Thr230Arg,Thr,230,Arg,ACG,AGG
p.Thr230Ala,Thr,230,Ala,ACG,GCG
p.Thr230Ser,Thr,230,Ser,ACG,TCG
p.Asp231Glu,Asp,231,Glu,GAT,GAA
p.Asp231Ala,Asp,231,Ala,GAT,GCT
p.Asp231Asn,Asp,231,Asn,GAT,AAT
p.Asp231His,Asp,231,His,GAT,CAT
p.Asp231Val,Asp,231,Val,GAT,GTT
p.Asp231Gly,Asp,231,Gly,GAT,GGT
p.Asp231Tyr,Asp,231,Tyr,GAT,TAT
p.Val232Ile,Val,232,Ile,GTA,ATA
p.Val232Ala,Val,232,Ala,GTA,GCA
p.Val232Gly,Val,232,Gly,GTA,GGA
p.Val232Glu,Val,232,Glu,GTA,GAA
p.Val232Leu,Val,232,Leu,GTA,TTA
p.Thr233Ile,Thr,233,Ile,ACA,ATA
p.Thr233Ala,Thr,233,Ala,ACA,GCA
p.Thr233Lys,Thr,233,Lys,ACA,AAA
p.Thr233Ser,Thr,233,Ser,ACA,TCA
p.Thr233Arg,Thr,233,Arg,ACA,AGA
p.Thr233Pro,Thr,233,Pro,ACA,CCA
p.Asn234Lys,Asn,234,Lys,AAT,AAA
p.Asn234His,Asn,234,His,AAT,CAT
p.Asn234Ile,Asn,234,Ile,AAT,ATT
p.Asn234Ser,Asn,234,Ser,AAT,AGT
p.Asn234Asp,Asn,234,Asp,AAT,GAT
p.Asn234Tyr,Asn,234,Tyr,AAT,TAT
p.Asn234Thr,Asn,234,Thr,AAT,ACT
p.Thr235Ser,Thr,235,Ser,ACT,TCT
p.Thr235Ala,Thr,235,Ala,ACT,GCT
p.Thr235Asn,Thr,235,Asn,ACT,AAT
p.Thr235Ile,Thr,235,Ile,ACT,ATT
p.Thr235Pro,Thr,235,Pro,ACT,CCT
p.Glu236Gly,Glu,236,Gly,GAA,GGA
p.Glu236Ala,Glu,236,Ala,GAA,GCA
p.Glu236Asp,Glu,236,Asp,GAA,GAT
p.Glu236Lys,Glu,236,Lys,GAA,AAA
p.Glu236Gln,Glu,236,Gln,GAA,CAA
p.Glu236Val,Glu,236,Val,GAA,GTA
p.Glu236Ter,Glu,236,Ter,GAA,TAA
p.His237Asn,His,237,Asn,CAT,AAT
p.His237Gln,His,237,Gln,CAT,CAA
p.His237Leu,His,237,Leu,CAT,CTT
p.His237Pro,His,237,Pro,CAT,CCT
p.His237Asp,His,237,Asp,CAT,GAT
p.His237Arg,His,237,Arg,CAT,CGT
p.His237Tyr,His,237,Tyr,CAT,TAT
p.His238Asn,His,238,Asn,CAT,AAT
p.His238Gln,His,238,Gln,CAT,CAA
p.His238Leu,His,238,Leu,CAT,CTT
p.His238Pro,His,238,Pro,CAT,CCT
p.His238Asp,His,238,Asp,CAT,GAT
p.His238Arg,His,238,Arg,CAT,CGT
p.His238Tyr,His,238,Tyr,CAT,TAT
p.Gln239Lys,Gln,239,Lys,CAA,AAA
p.Gln239Glu,Gln,239,Glu,CAA,GAA
p.Gln239His,Gln,239,His,CAA,CAT
p.Gln239Arg,Gln,239,Arg,CAA,CGA
p.Gln239Leu,Gln,239,Leu,CAA,CTA
p.Gln239Ter,Gln,239,Ter,CAA,TAA
p.Gln239Pro,Gln,239,Pro,CAA,CCA
p.Pro240Ser,Pro,240,Ser,CCC,TCC
p.Pro240Thr,Pro,240,Thr,CCC,ACC
p.Pro240Arg,Pro,240,Arg,CCC,CGC
p.Pro240Ala,Pro,240,Ala,CCC,GCC
p.Pro240His,Pro,240,His,CCC,CAC
p.Pro240Leu,Pro,240,Leu,CCC,CTC
p.Ser241Asn,Ser,241,Asn,AGT,AAT
p.Ser241Cys,Ser,241,Cys,AGT,TGT
p.Ser241Ile,Ser,241,Ile,AGT,ATT
p.Ser241Gly,Ser,241,Gly,AGT,GGT
p.Ser241Arg,Ser,241,Arg,AGT,CGT
p.Ser241Thr,Ser,241,Thr,AGT,ACT
p.Asn242Lys,Asn,242,Lys,AAT,AAA
p.Asn242His,Asn,242,His,AAT,CAT
p.Asn242Ile,Asn,242,Ile,AAT,ATT
p.Asn242Ser,Asn,242,Ser,AAT,AGT
p.Asn242Asp,Asn,242,Asp,AAT,GAT
p.Asn242Tyr,Asn,242,Tyr,AAT,TAT
p.Asn242Thr,Asn,242,Thr,AAT,ACT
p.Asn243Lys,Asn,243,Lys,AAT,AAA
p.Asn243His,Asn,243,His,AAT,CAT
p.Asn243Ile,Asn,243,Ile,AAT,ATT
p.Asn243Ser,Asn,243,Ser,AAT,AGT
p.Asn243Asp,Asn,243,Asp,AAT,GAT
p.Asn243Tyr,Asn,243,Tyr,AAT,TAT
p.Asn243Thr,Asn,243,Thr,AAT,ACT
p.Asp244Glu,Asp,244,Glu,GAT,GAA
p.Asp244Ala,Asp,244,Ala,GAT,GCT
p.Asp244Asn,Asp,244,Asn,GAT,AAT
p.Asp244His,Asp,244,His,GAT,CAT
p.Asp244Val,Asp,244,Val,GAT,GTT
p.Asp244Gly,Asp,244,Gly,GAT,GGT
p.Asp244Tyr,Asp,244,Tyr,GAT,TAT
p.Leu245Ter,Leu,245,Ter,TTG,TAG
p.Leu245Trp,Leu,245,Trp,TTG,TGG
p.Leu245Met,Leu,245,Met,TTG,ATG
p.Leu245Val,Leu,245,Val,TTG,GTG
p.Leu245Phe,Leu,245,Phe,TTG,TTT
p.Leu245Ser,Leu,245,Ser,TTG,TCG
p.Asn246Thr,Asn,246,Thr,AAC,ACC
p.Asn246Lys,Asn,246,Lys,AAC,AAA
p.Asn246Asp,Asn,246,Asp,AAC,GAC
p.Asn246Tyr,Asn,246,Tyr,AAC,TAC
p.Asn246Ile,Asn,246,Ile,AAC,ATC
p.Asn246His,Asn,246,His,AAC,CAC
p.Asn246Ser,Asn,246,Ser,AAC,AGC
p.Thr247Asn,Thr,247,Asn,ACC,AAC
p.Thr247Ser,Thr,247,Ser,ACC,TCC
p.Thr247Pro,Thr,247,Pro,ACC,CCC
p.Thr247Ala,Thr,247,Ala,ACC,GCC
p.Thr247Ile,Thr,247,Ile,ACC,ATC
p.Thr248Ser,Thr,248,Ser,ACT,TCT
p.Thr248Ala,Thr,248,Ala,ACT,GCT
p.Thr248Asn,Thr,248,Asn,ACT,AAT
p.Thr248Ile,Thr,248,Ile,ACT,ATT
p.Thr248Pro,Thr,248,Pro,ACT,CCT
p.Glu249Lys,Glu,249,Lys,GAG,AAG
p.Glu249Gln,Glu,249,Gln,GAG,CAG
p.Glu249Asp,Glu,249,Asp,GAG,GAT
p.Glu249Ter,Glu,249,Ter,GAG,TAG
p.Glu249Val,Glu,249,Val,GAG,GTG
p.Glu249Ala,Glu,249,Ala,GAG,GCG
p.Glu249Gly,Glu,249,Gly,GAG,GGG
p.Lys250Gln,Lys,250,Gln,AAG,CAG
p.Lys250Glu,Lys,250,Glu,AAG,GAG
p.Lys250Asn,Lys,250,Asn,AAG,AAT
p.Lys250Thr,Lys,250,Thr,AAG,ACG
p.Lys250Ter,Lys,250,Ter,AAG,TAG
p.Lys250Met,Lys,250,Met,AAG,ATG
p.Lys250Arg,Lys,250,Arg,AAG,AGG
p.Arg251Cys,Arg,251,Cys,CGT,TGT
p.Arg251His,Arg,251,His,CGT,CAT
p.Arg251Leu,Arg,251,Leu,CGT,CTT
p.Arg251Pro,Arg,251,Pro,CGT,CCT
p.Arg251Ser,Arg,251,Ser,CGT,AGT
p.Arg251Gly,Arg,251,Gly,CGT,GGT
p.Ala252Gly,Ala,252,Gly,GCA,GGA
p.Ala252Glu,Ala,252,Glu,GCA,GAA
p.Ala252Ser,Ala,252,Ser,GCA,TCA
p.Ala252Val,Ala,252,Val,GCA,GTA
p.Ala252Thr,Ala,252,Thr,GCA,ACA
p.Ala252Pro,Ala,252,Pro,GCA,CCA
p.Ala253Ser,Ala,253,Ser,GCT,TCT
p.Ala253Pro,Ala,253,Pro,GCT,CCT
p.Ala253Val,Ala,253,Val,GCT,GTT
p.Ala253Gly,Ala,253,Gly,GCT,GGT
p.Ala253Asp,Ala,253,Asp,GCT,GAT
p.Ala253Thr,Ala,253,Thr,GCT,ACT
p.Glu254Lys,Glu,254,Lys,GAG,AAG
p.Glu254Gln,Glu,254,Gln,GAG,CAG
p.Glu254Asp,Glu,254,Asp,GAG,GAT
p.Glu254Ter,Glu,254,Ter,GAG,TAG
p.Glu254Val,Glu,254,Val,GAG,GTG
p.Glu254Ala,Glu,254,Ala,GAG,GCG
p.Glu254Gly,Glu,254,Gly,GAG,GGG
p.Arg255Lys,Arg,255,Lys,AGG,AAG
p.Arg255Thr,Arg,255,Thr,AGG,ACG
p.Arg255Trp,Arg,255,Trp,AGG,TGG
p.Arg255Met,Arg,255,Met,AGG,ATG
p.Arg255Ser,Arg,255,Ser,AGG,AGT
p.Arg255Gly,Arg,255,Gly,AGG,GGG
p.His256Asn,His,256,Asn,CAT,AAT
p.His256Gln,His,256,Gln,CAT,CAA
p.His256Leu,His,256,Leu,CAT,CTT
p.His256Pro,His,256,Pro,CAT,CCT
p.His256Asp,His,256,Asp,CAT,GAT
p.His256Arg,His,256,Arg,CAT,CGT
p.His256Tyr,His,256,Tyr,CAT,TAT
p.Pro257Ala,Pro,257,Ala,CCA,GCA
p.Pro257Gln,Pro,257,Gln,CCA,CAA
p.Pro257Ser,Pro,257,Ser,CCA,TCA
p.Pro257Arg,Pro,257,Arg,CCA,CGA
p.Pro257Thr,Pro,257,Thr,CCA,ACA
p.Pro257Leu,Pro,257,Leu,CCA,CTA
p.Glu258Gly,Glu,258,Gly,GAA,GGA
p.Glu258Ala,Glu,258,Ala,GAA,GCA
p.Glu258Asp,Glu,258,Asp,GAA,GAT
p.Glu258Lys,Glu,258,Lys,GAA,AAA
p.Glu258Gln,Glu,258,Gln,GAA,CAA
p.Glu258Val,Glu,258,Val,GAA,GTA
p.Glu258Ter,Glu,258,Ter,GAA,TAA
p.Lys259Gln,Lys,259,Gln,AAG,CAG
p.Lys259Glu,Lys,259,Glu,AAG,GAG
p.Lys259Asn,Lys,259,Asn,AAG,AAT
p.Lys259Thr,Lys,259,Thr,AAG,ACG
p.Lys259Ter,Lys,259,Ter,AAG,TAG
p.Lys259Met,Lys,259,Met,AAG,ATG
p.Lys259Arg,Lys,259,Arg,AAG,AGG
p.Tyr260Ser,Tyr,260,Ser,TAT,TCT
p.Tyr260Asn,Tyr,260,Asn,TAT,AAT
p.Tyr260Cys,Tyr,260,Cys,TAT,TGT
p.Tyr260His,Tyr,260,His,TAT,CAT
p.Tyr260Ter,Tyr,260,Ter,TAT,TAA
p.Tyr260Asp,Tyr,260,Asp,TAT,GAT
p.Tyr260Phe,Tyr,260,Phe,TAT,TTT
p.Gln261Lys,Gln,261,Lys,CAG,AAG
p.Gln261Glu,Gln,261,Glu,CAG,GAG
p.Gln261Pro,Gln,261,Pro,CAG,CCG
p.Gln261His,Gln,261,His,CAG,CAT
p.Gln261Ter,Gln,261,Ter,CAG,TAG
p.Gln261Arg,Gln,261,Arg,CAG,CGG
p.Gln261Leu,Gln,261,Leu,CAG,CTG
p.Gly262Ala,Gly,262,Ala,GGT,GCT
p.Gly262Cys,Gly,262,Cys,GGT,TGT
p.Gly262Ser,Gly,262,Ser,GGT,AGT
p.Gly262Val,Gly,262,Val,GGT,GTT
p.Gly262Asp,Gly,262,Asp,GGT,GAT
p.Gly262Arg,Gly,262,Arg,GGT,CGT
p.Ser263Asn,Ser,263,Asn,AGT,AAT
p.Ser263Cys,Ser,263,Cys,AGT,TGT
p.Ser263Ile,Ser,263,Ile,AGT,ATT
p.Ser263Gly,Ser,263,Gly,AGT,GGT
p.Ser263Arg,Ser,263,Arg,AGT,CGT
p.Ser263Thr,Ser,263,Thr,AGT,ACT
p.Ser264Ala,Ser,264,Ala,TCT,GCT
p.Ser264Cys,Ser,264,Cys,TCT,TGT
p.Ser264Pro,Ser,264,Pro,TCT,CCT
p.Ser264Phe,Ser,264,Phe,TCT,TTT
p.Ser264Tyr,Ser,264,Tyr,TCT,TAT
p.Ser264Thr,Ser,264,Thr,TCT,ACT
p.Val265Ala,Val,265,Ala,GTT,GCT
p.Val265Leu,Val,265,Leu,GTT,CTT
p.Val265Ile,Val,265,Ile,GTT,ATT
p.Val265Gly,Val,265,Gly,GTT,GGT
p.Val265Asp,Val,265,Asp,GTT,GAT
p.Val265Phe,Val,265,Phe,GTT,TTT
p.Ser266Ala,Ser,266,Ala,TCA,GCA
p.Ser266Thr,Ser,266,Thr,TCA,ACA
p.Ser266Ter,Ser,266,Ter,TCA,TAA
p.Ser266Pro,Ser,266,Pro,TCA,CCA
p.Ser266Leu,Ser,266,Leu,TCA,TTA
p.Asn267Thr,Asn,267,Thr,AAC,ACC
p.Asn267Lys,Asn,267,Lys,AAC,AAA
p.Asn267Asp,Asn,267,Asp,AAC,GAC
p.Asn267Tyr,Asn,267,Tyr,AAC,TAC
p.Asn267Ile,Asn,267,Ile,AAC,ATC
p.Asn267His,Asn,267,His,AAC,CAC
p.Asn267Ser,Asn,267,Ser,AAC,AGC
p.Leu268Ter,Leu,268,Ter,TTG,TAG
p.Leu268Trp,Leu,268,Trp,TTG,TGG
p.Leu268Met,Leu,268,Met,TTG,ATG
p.Leu268Val,Leu,268,Val,TTG,GTG
p.Leu268Phe,Leu,268,Phe,TTG,TTT
p.Leu268Ser,Leu,268,Ser,TTG,TCG
p.His269Asn,His,269,Asn,CAT,AAT
p.His269Gln,His,269,Gln,CAT,CAA
p.His269Leu,His,269,Leu,CAT,CTT
p.His269Pro,His,269,Pro,CAT,CCT
p.His269Asp,His,269,Asp,CAT,GAT
p.His269Arg,His,269,Arg,CAT,CGT
p.His269Tyr,His,269,Tyr,CAT,TAT
p.Val270Glu,Val,270,Glu,GTG,GAG
p.Val270Leu,Val,270,Leu,GTG,TTG
p.Val270Met,Val,270,Met,GTG,ATG
p.Val270Ala,Val,270,Ala,GTG,GCG
p.Val270Gly,Val,270,Gly,GTG,GGG
p.Glu271Lys,Glu,271,Lys,GAG,AAG
p.Glu271Gln,Glu,271,Gln,GAG,CAG
p.Glu271Asp,Glu,271,Asp,GAG,GAT
p.Glu271Ter,Glu,271,Ter,GAG,TAG
p.Glu271Val,Glu,271,Val,GAG,GTG
p.Glu271Ala,Glu,271,Ala,GAG,GCG
p.Glu271Gly,Glu,271,Gly,GAG,GGG
p.Pro272Ala,Pro,272,Ala,CCA,GCA
p.Pro272Gln,Pro,272,Gln,CCA,CAA
p.Pro272Ser,Pro,272,Ser,CCA,TCA
p.Pro272Arg,Pro,272,Arg,CCA,CGA
p.Pro272Thr,Pro,272,Thr,CCA,ACA
p.Pro272Leu,Pro,272,Leu,CCA,CTA
p.Cys273Ter,Cys,273,Ter,TGT,TGA
p.Cys273Trp,Cys,273,Trp,TGT,TGG
p.Cys273Ser,Cys,273,Ser,TGT,AGT
p.Cys273Gly,Cys,273,Gly,TGT,GGT
p.Cys273Phe,Cys,273,Phe,TGT,TTT
p.Cys273Arg,Cys,273,Arg,TGT,CGT
p.Cys273Tyr,Cys,273,Tyr,TGT,TAT
p.Gly274Cys,Gly,274,Cys,GGC,TGC
p.Gly274Arg,Gly,274,Arg,GGC,CGC
p.Gly274Asp,Gly,274,Asp,GGC,GAC
p.Gly274Ala,Gly,274,Ala,GGC,GCC
p.Gly274Val,Gly,274,Val,GGC,GTC
p.Gly274Ser,Gly,274,Ser,GGC,AGC
p.Thr275Ile,Thr,275,Ile,ACA,ATA
p.Thr275Ala,Thr,275,Ala,ACA,GCA
p.Thr275Lys,Thr,275,Lys,ACA,AAA
p.Thr275Ser,Thr,275,Ser,ACA,TCA
p.Thr275Arg,Thr,275,Arg,ACA,AGA
p.Thr275Pro,Thr,275,Pro,ACA,CCA
p.Asn276Lys,Asn,276,Lys,AAT,AAA
p.Asn276His,Asn,276,His,AAT,CAT
p.Asn276Ile,Asn,276,Ile,AAT,ATT
p.Asn276Ser,Asn,276,Ser,AAT,AGT
p.Asn276Asp,Asn,276,Asp,AAT,GAT
p.Asn276Tyr,Asn,276,Tyr,AAT,TAT
p.Asn276Thr,Asn,276,Thr,AAT,ACT
p.Thr277Ser,Thr,277,Ser,ACT,TCT
p.Thr277Ala,Thr,277,Ala,ACT,GCT
p.Thr277Asn,Thr,277,Asn,ACT,AAT
p.Thr277Ile,Thr,277,Ile,ACT,ATT
p.Thr277Pro,Thr,277,Pro,ACT,CCT
p.His278Asn,His,278,Asn,CAT,AAT
p.His278Gln,His,278,Gln,CAT,CAA
p.His278Leu,His,278,Leu,CAT,CTT
p.His278Pro,His,278,Pro,CAT,CCT
p.His278Asp,His,278,Asp,CAT,GAT
p.His278Arg,His,278,Arg,CAT,CGT
p.His278Tyr,His,278,Tyr,CAT,TAT
p.Ala279Ser,Ala,279,Ser,GCC,TCC
p.Ala279Thr,Ala,279,Thr,GCC,ACC
p.Ala279Asp,Ala,279,Asp,GCC,GAC
p.Ala279Pro,Ala,279,Pro,GCC,CCC
p.Ala279Gly,Ala,279,Gly,GCC,GGC
p.Ala279Val,Ala,279,Val,GCC,GTC
p.Ser280Asn,Ser,280,Asn,AGC,AAC
p.Ser280Thr,Ser,280,Thr,AGC,ACC
p.Ser280Cys,Ser,280,Cys,AGC,TGC
p.Ser280Arg,Ser,280,Arg,AGC,CGC
p.Ser280Ile,Ser,280,Ile,AGC,ATC
p.Ser280Gly,Ser,280,Gly,AGC,GGC
p.Ser281Ala,Ser,281,Ala,TCA,GCA
p.Ser281Thr,Ser,281,Thr,TCA,ACA
p.Ser281Ter,Ser,281,Ter,TCA,TAA
p.Ser281Pro,Ser,281,Pro,TCA,CCA
p.Ser281Leu,Ser,281,Leu,TCA,TTA
p.Leu282Ile,Leu,282,Ile,TTA,ATA
p.Leu282Ser,Leu,282,Ser,TTA,TCA
p.Leu282Val,Leu,282,Val,TTA,GTA
p.Leu282Ter,Leu,282,Ter,TTA,TAA
p.Leu282Phe,Leu,282,Phe,TTA,TTT
p.Gln283Lys,Gln,283,Lys,CAG,AAG
p.Gln283Glu,Gln,283,Glu,CAG,GAG
p.Gln283Pro,Gln,283,Pro,CAG,CCG
p.Gln283His,Gln,283,His,CAG,CAT
p.Gln283Ter,Gln,283,Ter,CAG,TAG
p.Gln283Arg,Gln,283,Arg,CAG,CGG
p.Gln283Leu,Gln,283,Leu,CAG,CTG
p.His284Asn,His,284,Asn,CAT,AAT
p.His284Gln,His,284,Gln,CAT,CAA
p.His284Leu,His,284,Leu,CAT,CTT
p.His284Pro,His,284,Pro,CAT,CCT
p.His284Asp,His,284,Asp,CAT,GAT
p.His284Arg,His,284,Arg,CAT,CGT
p.His284Tyr,His,284,Tyr,CAT,TAT
p.Glu285Lys,Glu,285,Lys,GAG,AAG
p.Glu285Gln,Glu,285,Gln,GAG,CAG
p.Glu285Asp,Glu,285,Asp,GAG,GAT
p.Glu285Ter,Glu,285,Ter,GAG,TAG
p.Glu285Val,Glu,285,Val,GAG,GTG
p.Glu285Ala,Glu,285,Ala,GAG,GCG
p.Glu285Gly,Glu,285,Gly,GAG,GGG
p.Asn286Thr,Asn,286,Thr,AAC,ACC
p.Asn286Lys,Asn,286,Lys,AAC,AAA
p.Asn286Asp,Asn,286,Asp,AAC,GAC
p.Asn286Tyr,Asn,286,Tyr,AAC,TAC
p.Asn286Ile,Asn,286,Ile,AAC,ATC
p.Asn286His,Asn,286,His,AAC,CAC
p.Asn286Ser,Asn,286,Ser,AAC,AGC
p.Ser287Asn,Ser,287,Asn,AGC,AAC
p.Ser287Thr,Ser,287,Thr,AGC,ACC
p.Ser287Cys,Ser,287,Cys,AGC,TGC
p.Ser287Arg,Ser,287,Arg,AGC,CGC
p.Ser287Ile,Ser,287,Ile,AGC,ATC
p.Ser287Gly,Ser,287,Gly,AGC,GGC
p.Ser288Asn,Ser,288,Asn,AGT,AAT
p.Ser288Cys,Ser,288,Cys,AGT,TGT
p.Ser288Ile,Ser,288,Ile,AGT,ATT
p.Ser288Gly,Ser,288,Gly,AGT,GGT
p.Ser288Arg,Ser,288,Arg,AGT,CGT
p.Ser288Thr,Ser,288,Thr,AGT,ACT
p.Leu289Ile,Leu,289,Ile,TTA,ATA
p.Leu289Ser,Leu,289,Ser,TTA,TCA
p.Leu289Val,Leu,289,Val,TTA,GTA
p.Leu289Ter,Leu,289,Ter,TTA,TAA
p.Leu289Phe,Leu,289,Phe,TTA,TTT
p.Leu290Ile,Leu,290,Ile,TTA,ATA
p.Leu290Ser,Leu,290,Ser,TTA,TCA
p.Leu290Val,Leu,290,Val,TTA,GTA
p.Leu290Ter,Leu,290,Ter,TTA,TAA
p.Leu290Phe,Leu,290,Phe,TTA,TTT
p.Leu291His,Leu,291,His,CTC,CAC
p.Leu291Arg,Leu,291,Arg,CTC,CGC
p.Leu291Phe,Leu,291,Phe,CTC,TTC
p.Leu291Pro,Leu,291,Pro,CTC,CCC
p.Leu291Ile,Leu,291,Ile,CTC,ATC
p.Leu291Val,Leu,291,Val,CTC,GTC
p.Thr292Ser,Thr,292,Ser,ACT,TCT
p.Thr292Ala,Thr,292,Ala,ACT,GCT
p.Thr292Asn,Thr,292,Asn,ACT,AAT
p.Thr292Ile,Thr,292,Ile,ACT,ATT
p.Thr292Pro,Thr,292,Pro,ACT,CCT
p.Lys293Ile,Lys,293,Ile,AAA,ATA
p.Lys293Glu,Lys,293,Glu,AAA,GAA
p.Lys293Asn,Lys,293,Asn,AAA,AAT
p.Lys293Gln,Lys,293,Gln,AAA,CAA
p.Lys293Arg,Lys,293,Arg,AAA,AGA
p.Lys293Thr,Lys,293,Thr,AAA,ACA
p.Lys293Ter,Lys,293,Ter,AAA,TAA
p.Asp294Asn,Asp,294,Asn,GAC,AAC
p.Asp294Glu,Asp,294,Glu,GAC,GAA
p.Asp294Val,Asp,294,Val,GAC,GTC
p.Asp294Ala,Asp,294,Ala,GAC,GCC
p.Asp294Tyr,Asp,294,Tyr,GAC,TAC
p.Asp294His,Asp,294,His,GAC,CAC
p.Asp294Gly,Asp,294,Gly,GAC,GGC
p.Arg295Gly,Arg,295,Gly,AGA,GGA
p.Arg295Ile,Arg,295,Ile,AGA,ATA
p.Arg295Lys,Arg,295,Lys,AGA,AAA
p.Arg295Ter,Arg,295,Ter,AGA,TGA
p.Arg295Ser,Arg,295,Ser,AGA,AGT
p.Arg295Thr,Arg,295,Thr,AGA,ACA
p.Met296Lys,Met,296,Lys,ATG,AAG
p.Met296Thr,Met,296,Thr,ATG,ACG
p.Met296Leu,Met,296,Leu,ATG,TTG
p.Met296Ile,Met,296,Ile,ATG,ATT
p.Met296Val,Met,296,Val,ATG,GTG
p.Met296Arg,Met,296,Arg,ATG,AGG
p.Asn297Lys,Asn,297,Lys,AAT,AAA
p.Asn297His,Asn,297,His,AAT,CAT
p.Asn297Ile,Asn,297,Ile,AAT,ATT
p.Asn297Ser,Asn,297,Ser,AAT,AGT
p.Asn297Asp,Asn,297,Asp,AAT,GAT
p.Asn297Tyr,Asn,297,Tyr,AAT,TAT
p.Asn297Thr,Asn,297,Thr,AAT,ACT
p.Val298Ile,Val,298,Ile,GTA,ATA
p.Val298Ala,Val,298,Ala,GTA,GCA
p.Val298Gly,Val,298,Gly,GTA,GGA
p.Val298Glu,Val,298,Glu,GTA,GAA
p.Val298Leu,Val,298,Leu,GTA,TTA
p.Glu299Gly,Glu,299,Gly,GAA,GGA
p.Glu299Ala,Glu,299,Ala,GAA,GCA
p.Glu299Asp,Glu,299,Asp,GAA,GAT
p.Glu299Lys,Glu,299,Lys,GAA,AAA
p.Glu299Gln,Glu,299,Gln,GAA,CAA
p.Glu299Val,Glu,299,Val,GAA,GTA
p.Glu299Ter,Glu,299,Ter,GAA,TAA
p.Lys300Gln,Lys,300,Gln,AAG,CAG
p.Lys300Glu,Lys,300,Glu,AAG,GAG
p.Lys300Asn,Lys,300,Asn,AAG,AAT
p.Lys300Thr,Lys,300,Thr,AAG,ACG
p.Lys300Ter,Lys,300,Ter,AAG,TAG
p.Lys300Met,Lys,300,Met,AAG,ATG
p.Lys300Arg,Lys,300,Arg,AAG,AGG
p.Ala301Ser,Ala,301,Ser,GCT,TCT
p.Ala301Pro,Ala,301,Pro,GCT,CCT
p.Ala301Val,Ala,301,Val,GCT,GTT
p.Ala301Gly,Ala,301,Gly,GCT,GGT
p.Ala301Asp,Ala,301,Asp,GCT,GAT
p.Ala301Thr,Ala,301,Thr,GCT,ACT
p.Glu302Lys,Glu,302,Lys,GAG,AAG
p.Glu302Gln,Glu,302,Gln,GAG,CAG
p.Glu302Asp,Glu,302,Asp,GAG,GAT
p.Glu302Ter,Glu,302,Ter,GAG,TAG
p.Glu302Val,Glu,302,Val,GAG,GTG
p.Glu302Ala,Glu,302,Ala,GAG,GCG
p.Glu302Gly,Glu,302,Gly,GAG,GGG
p.Phe303Ser,Phe,303,Ser,TTC,TCC
p.Phe303Ile,Phe,303,Ile,TTC,ATC
p.Phe303Cys,Phe,303,Cys,TTC,TGC
p.Phe303Tyr,Phe,303,Tyr,TTC,TAC
p.Phe303Val,Phe,303,Val,TTC,GTC
p.Phe303Leu,Phe,303,Leu,TTC,CTC
