p.Asp1Asn,Asp,1,Asn,GAC,AAC
p.Asp1Glu,Asp,1,Glu,GAC,GAA
p.Asp1Val,Asp,1,Val,GAC,GTC
p.Asp1Ala,Asp,1,Ala,GAC,GCC
p.Asp1Tyr,Asp,1,Tyr,GAC,TAC
p.Asp1His,Asp,1,His,GAC,CAC
p.Asp1Gly,Asp,1,Gly,GAC,GGC
p.Val2Ala,Val,2,Ala,GTT,GCT
p.Val2Leu,Val,2,Leu,GTT,CTT
p.Val2Ile,Val,2,Ile,GTT,ATT
p.Val2Gly,Val,2,Gly,GTT,GGT
p.Val2Asp,Val,2,Asp,GTT,GAT
p.Val2Phe,Val,2,Phe,GTT,TTT
p.Pro3Ala,Pro,3,Ala,CCA,GCA
p.Pro3Gln,Pro,3,Gln,CCA,CAA
p.Pro3Ser,Pro,3,Ser,CCA,TCA
p.Pro3Arg,Pro,3,Arg,CCA,CGA
p.Pro3Thr,Pro,3,Thr,CCA,ACA
p.Pro3Leu,Pro,3,Leu,CCA,CTA
p.Leu4Gln,Leu,4,Gln,CTG,CAG
p.Leu4Pro,Leu,4,Pro,CTG,CCG
p.Leu4Val,Leu,4,Val,CTG,GTG
p.Leu4Met,Leu,4,Met,CTG,ATG
p.Leu4Arg,Leu,4,Arg,CTG,CGG
p.Pro5Gln,Pro,5,Gln,CCG,CAG
p.Pro5Thr,Pro,5,Thr,CCG,ACG
p.Pro5Arg,Pro,5,Arg,CCG,CGG
p.Pro5Leu,Pro,5,Leu,CCG,CTG
p.Pro5Ala,Pro,5,Ala,CCG,GCG
p.Pro5Ser,Pro,5,Ser,CCG,TCG
p.Ala6Ser,Ala,6,Ser,GCT,TCT
p.Ala6Pro,Ala,6,Pro,GCT,CCT
p.Ala6Val,Ala,6,Val,GCT,GTT
p.Ala6Gly,Ala,6,Gly,GCT,GGT
p.Ala6Asp,Ala,6,Asp,GCT,GAT
p.Ala6Thr,Ala,6,Thr,GCT,ACT
p.Gly7Ala,Gly,7,Ala,GGT,GCT
p.Gly7Cys,Gly,7,Cys,GGT,TGT
p.Gly7Ser,Gly,7,Ser,GGT,AGT
p.Gly7Val,Gly,7,Val,GGT,GTT
p.Gly7Asp,Gly,7,Asp,GGT,GAT
p.Gly7Arg,Gly,7,Arg,GGT,CGT
p.Trp8Cys,Trp,8,Cys,TGG,TGT
p.Trp8Ter,Trp,8,Ter,TGG,TAG
p.Trp8Leu,Trp,8,Leu,TGG,TTG
p.Trp8Arg,Trp,8,Arg,TGG,CGG
p.Trp8Ser,Trp,8,Ser,TGG,TCG
p.Trp8Gly,Trp,8,Gly,TGG,GGG
p.Glu9Gly,Glu,9,Gly,GAA,GGA
p.Glu9Ala,Glu,9,Ala,GAA,GCA
p.Glu9Asp,Glu,9,Asp,GAA,GAT
p.Glu9Lys,Glu,9,Lys,GAA,AAA
p.Glu9Gln,Glu,9,Gln,GAA,CAA
p.Glu9Val,Glu,9,Val,GAA,GTA
p.Glu9Ter,Glu,9,Ter,GAA,TAA
p.Met10Lys,Met,10,Lys,ATG,AAG
p.Met10Thr,Met,10,Thr,ATG,ACG
p.Met10Leu,Met,10,Leu,ATG,TTG
p.Met10Ile,Met,10,Ile,ATG,ATT
p.Met10Val,Met,10,Val,ATG,GTG
p.Met10Arg,Met,10,Arg,ATG,AGG
p.Ala11Ser,Ala,11,Ser,GCT,TCT
p.Ala11Pro,Ala,11,Pro,GCT,CCT
p.Ala11Val,Ala,11,Val,GCT,GTT
p.Ala11Gly,Ala,11,Gly,GCT,GGT
p.Ala11Asp,Ala,11,Asp,GCT,GAT
p.Ala11Thr,Ala,11,Thr,GCT,ACT
p.Lys12Ile,Lys,12,Ile,AAA,ATA
p.Lys12Glu,Lys,12,Glu,AAA,GAA
p.Lys12Asn,Lys,12,Asn,AAA,AAT
p.Lys12Gln,Lys,12,Gln,AAA,CAA
p.Lys12Arg,Lys,12,Arg,AAA,AGA
p.Lys12Thr,Lys,12,Thr,AAA,ACA
p.Lys12Ter,Lys,12,Ter,AAA,TAA
p.Thr13Ser,Thr,13,Ser,ACT,TCT
p.Thr13Ala,Thr,13,Ala,ACT,GCT
p.Thr13Asn,Thr,13,Asn,ACT,AAT
p.Thr13Ile,Thr,13,Ile,ACT,ATT
p.Thr13Pro,Thr,13,Pro,ACT,CCT
p.Ser14Asn,Ser,14,Asn,AGT,AAT
p.Ser14Cys,Ser,14,Cys,AGT,TGT
p.Ser14Ile,Ser,14,Ile,AGT,ATT
p.Ser14Gly,Ser,14,Gly,AGT,GGT
p.Ser14Arg,Ser,14,Arg,AGT,CGT
p.Ser14Thr,Ser,14,Thr,AGT,ACT
p.Ser15Ala,Ser,15,Ala,TCT,GCT
p.Ser15Cys,Ser,15,Cys,TCT,TGT
p.Ser15Pro,Ser,15,Pro,TCT,CCT
p.Ser15Phe,Ser,15,Phe,TCT,TTT
p.Ser15Tyr,Ser,15,Tyr,TCT,TAT
p.Ser15Thr,Ser,15,Thr,TCT,ACT
p.Gly16Ala,Gly,16,Ala,GGT,GCT
p.Gly16Cys,Gly,16,Cys,GGT,TGT
p.Gly16Ser,Gly,16,Ser,GGT,AGT
p.Gly16Val,Gly,16,Val,GGT,GTT
p.Gly16Asp,Gly,16,Asp,GGT,GAT
p.Gly16Arg,Gly,16,Arg,GGT,CGT
p.Gln17Lys,Gln,17,Lys,CAG,AAG
p.Gln17Glu,Gln,17,Glu,CAG,GAG
p.Gln17Pro,Gln,17,Pro,CAG,CCG
p.Gln17His,Gln,17,His,CAG,CAT
p.Gln17Ter,Gln,17,Ter,CAG,TAG
p.Gln17Arg,Gln,17,Arg,CAG,CGG
p.Gln17Leu,Gln,17,Leu,CAG,CTG
p.Arg18Cys,Arg,18,Cys,CGT,TGT
p.Arg18His,Arg,18,His,CGT,CAT
p.Arg18Leu,Arg,18,Leu,CGT,CTT
p.Arg18Pro,Arg,18,Pro,CGT,CCT
p.Arg18Ser,Arg,18,Ser,CGT,AGT
p.Arg18Gly,Arg,18,Gly,CGT,GGT
p.Tyr19Asn,Tyr,19,Asn,TAC,AAC
p.Tyr19Ser,Tyr,19,Ser,TAC,TCC
p.Tyr19Cys,Tyr,19,Cys,TAC,TGC
p.Tyr19Phe,Tyr,19,Phe,TAC,TTC
p.Tyr19Asp,Tyr,19,Asp,TAC,GAC
p.Tyr19Ter,Tyr,19,Ter,TAC,TAA
p.Tyr19His,Tyr,19,His,TAC,CAC
p.Phe20Ser,Phe,20,Ser,TTC,TCC
p.Phe20Ile,Phe,20,Ile,TTC,ATC
p.Phe20Cys,Phe,20,Cys,TTC,TGC
p.Phe20Tyr,Phe,20,Tyr,TTC,TAC
p.Phe20Val,Phe,20,Val,TTC,GTC
p.Phe20Leu,Phe,20,Leu,TTC,CTC
p.Leu21Gln,Leu,21,Gln,CTG,CAG
p.Leu21Pro,Leu,21,Pro,CTG,CCG
p.Leu21Val,Leu,21,Val,CTG,GTG
p.Leu21Met,Leu,21,Met,CTG,ATG
p.Leu21Arg,Leu,21,Arg,CTG,CGG
p.Asn22Thr,Asn,22,Thr,AAC,ACC
p.Asn22Lys,Asn,22,Lys,AAC,AAA
p.Asn22Asp,Asn,22,Asp,AAC,GAC
p.Asn22Tyr,Asn,22,Tyr,AAC,TAC
p.Asn22Ile,Asn,22,Ile,AAC,ATC
p.Asn22His,Asn,22,His,AAC,CAC
p.Asn22Ser,Asn,22,Ser,AAC,AGC
p.His23Asn,His,23,Asn,CAC,AAC
p.His23Gln,His,23,Gln,CAC,CAA
p.His23Arg,His,23,Arg,CAC,CGC
p.His23Asp,His,23,Asp,CAC,GAC
p.His23Pro,His,23,Pro,CAC,CCC
p.His23Tyr,His,23,Tyr,CAC,TAC
p.His23Leu,His,23,Leu,CAC,CTC
p.Ile24Asn,Ile,24,Asn,ATC,AAC
p.Ile24Thr,Ile,24,Thr,ATC,ACC
p.Ile24Phe,Ile,24,Phe,ATC,TTC
p.Ile24Met,Ile,24,Met,ATC,ATG
p.Ile24Val,Ile,24,Val,ATC,GTC
p.Ile24Ser,Ile,24,Ser,ATC,AGC
p.Ile24Leu,Ile,24,Leu,ATC,CTC
p.Asp25Asn,Asp,25,Asn,GAC,AAC
p.Asp25Glu,Asp,25,Glu,GAC,GAA
p.Asp25Val,Asp,25,Val,GAC,GTC
p.Asp25Ala,Asp,25,Ala,GAC,GCC
p.Asp25Tyr,Asp,25,Tyr,GAC,TAC
p.Asp25His,Asp,25,His,GAC,CAC
p.Asp25Gly,Asp,25,Gly,GAC,GGC
p.Gln26Lys,Gln,26,Lys,CAG,AAG
p.Gln26Glu,Gln,26,Glu,CAG,GAG
p.Gln26Pro,Gln,26,Pro,CAG,CCG
p.Gln26His,Gln,26,His,CAG,CAT
p.Gln26Ter,Gln,26,Ter,CAG,TAG
p.Gln26Arg,Gln,26,Arg,CAG,CGG
p.Gln26Leu,Gln,26,Leu,CAG,CTG
p.Thr27Asn,Thr,27,Asn,ACC,AAC
p.Thr27Ser,Thr,27,Ser,ACC,TCC
p.Thr27Pro,Thr,27,Pro,ACC,CCC
p.Thr27Ala,Thr,27,Ala,ACC,GCC
p.Thr27Ile,Thr,27,Ile,ACC,ATC
p.Thr28Asn,Thr,28,Asn,ACC,AAC
p.Thr28Ser,Thr,28,Ser,ACC,TCC
p.Thr28Pro,Thr,28,Pro,ACC,CCC
p.Thr28Ala,Thr,28,Ala,ACC,GCC
p.Thr28Ile,Thr,28,Ile,ACC,ATC
p.Thr29Lys,Thr,29,Lys,ACG,AAG
p.Thr29Pro,Thr,29,Pro,ACG,CCG
p.Thr29Met,Thr,29,Met,ACG,ATG
p.Thr29Arg,Thr,29,Arg,ACG,AGG
p.Thr29Ala,Thr,29,Ala,ACG,GCG
p.Thr29Ser,Thr,29,Ser,ACG,TCG
p.Trp30Cys,Trp,30,Cys,TGG,TGT
p.Trp30Ter,Trp,30,Ter,TGG,TAG
p.Trp30Leu,Trp,30,Leu,TGG,TTG
p.Trp30Arg,Trp,30,Arg,TGG,CGG
p.Trp30Ser,Trp,30,Ser,TGG,TCG
p.Trp30Gly,Trp,30,Gly,TGG,GGG
p.Gln31Lys,Gln,31,Lys,CAG,AAG
p.Gln31Glu,Gln,31,Glu,CAG,GAG
p.Gln31Pro,Gln,31,Pro,CAG,CCG
p.Gln31His,Gln,31,His,CAG,CAT
p.Gln31Ter,Gln,31,Ter,CAG,TAG
p.Gln31Arg,Gln,31,Arg,CAG,CGG
p.Gln31Leu,Gln,31,Leu,CAG,CTG
p.Asp32Asn,Asp,32,Asn,GAC,AAC
p.Asp32Glu,Asp,32,Glu,GAC,GAA
p.Asp32Val,Asp,32,Val,GAC,GTC
p.Asp32Ala,Asp,32,Ala,GAC,GCC
p.Asp32Tyr,Asp,32,Tyr,GAC,TAC
p.Asp32His,Asp,32,His,GAC,CAC
p.Asp32Gly,Asp,32,Gly,GAC,GGC
p.Pro33Gln,Pro,33,Gln,CCG,CAG
p.Pro33Thr,Pro,33,Thr,CCG,ACG
p.Pro33Arg,Pro,33,Arg,CCG,CGG
p.Pro33Leu,Pro,33,Leu,CCG,CTG
p.Pro33Ala,Pro,33,Ala,CCG,GCG
p.Pro33Ser,Pro,33,Ser,CCG,TCG
p.Arg34Cys,Arg,34,Cys,CGT,TGT
p.Arg34His,Arg,34,His,CGT,CAT
p.Arg34Leu,Arg,34,Leu,CGT,CTT
p.Arg34Pro,Arg,34,Pro,CGT,CCT
p.Arg34Ser,Arg,34,Ser,CGT,AGT
p.Arg34Gly,Arg,34,Gly,CGT,GGT
