M1V,p.Met1Val,Met,1,Val,ATG,GTG
M1T,p.Met1Thr,Met,1,Thr,ATG,ACG
M1L,p.Met1Leu,Met,1,Leu,ATG,TTG
M1I,p.Met1Ile,Met,1,Ile,ATG,ATT
M1K,p.Met1Lys,Met,1,Lys,ATG,AAG
M1R,p.Met1Arg,Met,1,Arg,ATG,AGG
S2T,p.Ser2Thr,Ser,2,Thr,TCG,ACG
S2W,p.Ser2Trp,Ser,2,Trp,TCG,TGG
S2P,p.Ser2Pro,Ser,2,Pro,TCG,CCG
S2A,p.Ser2Ala,Ser,2,Ala,TCG,GCG
S2L,p.Ser2Leu,Ser,2,Leu,TCG,TTG
S2X,p.Ser2Ter,Ser,2,Ter,TCG,TAG
G3V,p.Gly3Val,Gly,3,Val,GGG,GTG
G3R,p.Gly3Arg,Gly,3,Arg,GGG,CGG
G3W,p.Gly3Trp,Gly,3,Trp,GGG,TGG
G3A,p.Gly3Ala,Gly,3,Ala,GGG,GCG
G3E,p.Gly3Glu,Gly,3,Glu,GGG,GAG
I4N,p.Ile4Asn,Ile,4,Asn,ATC,AAC
I4V,p.Ile4Val,Ile,4,Val,ATC,GTC
I4T,p.Ile4Thr,Ile,4,Thr,ATC,ACC
I4M,p.Ile4Met,Ile,4,Met,ATC,ATG
I4L,p.Ile4Leu,Ile,4,Leu,ATC,CTC
I4F,p.Ile4Phe,Ile,4,Phe,ATC,TTC
I4S,p.Ile4Ser,Ile,4,Ser,ATC,AGC
A5P,p.Ala5Pro,Ala,5,Pro,GCC,CCC
A5V,p.Ala5Val,Ala,5,Val,GCC,GTC
A5G,p.Ala5Gly,Ala,5,Gly,GCC,GGC
A5S,p.Ala5Ser,Ala,5,Ser,GCC,TCC
A5D,p.Ala5Asp,Ala,5,Asp,GCC,GAC
A5T,p.Ala5Thr,Ala,5,Thr,GCC,ACC
L6P,p.Leu6Pro,Leu,6,Pro,CTC,CCC
L6V,p.Leu6Val,Leu,6,Val,CTC,GTC
L6I,p.Leu6Ile,Leu,6,Ile,CTC,ATC
L6H,p.Leu6His,Leu,6,His,CTC,CAC
L6R,p.Leu6Arg,Leu,6,Arg,CTC,CGC
L6F,p.Leu6Phe,Leu,6,Phe,CTC,TTC
S7N,p.Ser7Asn,Ser,7,Asn,AGC,AAC
S7G,p.Ser7Gly,Ser,7,Gly,AGC,GGC
S7I,p.Ser7Ile,Ser,7,Ile,AGC,ATC
S7C,p.Ser7Cys,Ser,7,Cys,AGC,TGC
S7R,p.Ser7Arg,Ser,7,Arg,AGC,CGC
S7T,p.Ser7Thr,Ser,7,Thr,AGC,ACC
R8X,p.Arg8Ter,Arg,8,Ter,AGA,TGA
R8G,p.Arg8Gly,Arg,8,Gly,AGA,GGA
R8I,p.Arg8Ile,Arg,8,Ile,AGA,ATA
R8K,p.Arg8Lys,Arg,8,Lys,AGA,AAA
R8T,p.Arg8Thr,Arg,8,Thr,AGA,ACA
R8S,p.Arg8Ser,Arg,8,Ser,AGA,AGT
L9P,p.Leu9Pro,Leu,9,Pro,CTC,CCC
L9V,p.Leu9Val,Leu,9,Val,CTC,GTC
L9I,p.Leu9Ile,Leu,9,Ile,CTC,ATC
L9H,p.Leu9His,Leu,9,His,CTC,CAC
L9R,p.Leu9Arg,Leu,9,Arg,CTC,CGC
L9F,p.Leu9Phe,Leu,9,Phe,CTC,TTC
A10P,p.Ala10Pro,Ala,10,Pro,GCC,CCC
A10V,p.Ala10Val,Ala,10,Val,GCC,GTC
A10G,p.Ala10Gly,Ala,10,Gly,GCC,GGC
A10S,p.Ala10Ser,Ala,10,Ser,GCC,TCC
A10D,p.Ala10Asp,Ala,10,Asp,GCC,GAC
A10T,p.Ala10Thr,Ala,10,Thr,GCC,ACC
Q11H,p.Gln11His,Gln,11,His,CAG,CAT
Q11R,p.Gln11Arg,Gln,11,Arg,CAG,CGG
Q11P,p.Gln11Pro,Gln,11,Pro,CAG,CCG
Q11L,p.Gln11Leu,Gln,11,Leu,CAG,CTG
Q11X,p.Gln11Ter,Gln,11,Ter,CAG,TAG
Q11E,p.Gln11Glu,Gln,11,Glu,CAG,GAG
Q11K,p.Gln11Lys,Gln,11,Lys,CAG,AAG
E12V,p.Glu12Val,Glu,12,Val,GAG,GTG
E12A,p.Glu12Ala,Glu,12,Ala,GAG,GCG
E12X,p.Glu12Ter,Glu,12,Ter,GAG,TAG
E12D,p.Glu12Asp,Glu,12,Asp,GAG,GAT
E12K,p.Glu12Lys,Glu,12,Lys,GAG,AAG
E12G,p.Glu12Gly,Glu,12,Gly,GAG,GGG
E12Q,p.Glu12Gln,Glu,12,Gln,GAG,CAG
R13T,p.Arg13Thr,Arg,13,Thr,AGG,ACG
R13W,p.Arg13Trp,Arg,13,Trp,AGG,TGG
R13M,p.Arg13Met,Arg,13,Met,AGG,ATG
R13S,p.Arg13Ser,Arg,13,Ser,AGG,AGT
R13K,p.Arg13Lys,Arg,13,Lys,AGG,AAG
R13G,p.Arg13Gly,Arg,13,Gly,AGG,GGG
K14R,p.Lys14Arg,Lys,14,Arg,AAA,AGA
K14I,p.Lys14Ile,Lys,14,Ile,AAA,ATA
K14T,p.Lys14Thr,Lys,14,Thr,AAA,ACA
K14N,p.Lys14Asn,Lys,14,Asn,AAA,AAT
K14E,p.Lys14Glu,Lys,14,Glu,AAA,GAA
K14X,p.Lys14Ter,Lys,14,Ter,AAA,TAA
K14Q,p.Lys14Gln,Lys,14,Gln,AAA,CAA
A15G,p.Ala15Gly,Ala,15,Gly,GCA,GGA
A15V,p.Ala15Val,Ala,15,Val,GCA,GTA
A15T,p.Ala15Thr,Ala,15,Thr,GCA,ACA
A15E,p.Ala15Glu,Ala,15,Glu,GCA,GAA
A15P,p.Ala15Pro,Ala,15,Pro,GCA,CCA
A15S,p.Ala15Ser,Ala,15,Ser,GCA,TCA
W16S,p.Trp16Ser,Trp,16,Ser,TGG,TCG
W16R,p.Trp16Arg,Trp,16,Arg,TGG,CGG
W16C,p.Trp16Cys,Trp,16,Cys,TGG,TGT
W16L,p.Trp16Leu,Trp,16,Leu,TGG,TTG
W16X,p.Trp16Ter,Trp,16,Ter,TGG,TAG
W16G,p.Trp16Gly,Trp,16,Gly,TGG,GGG
R17T,p.Arg17Thr,Arg,17,Thr,AGG,ACG
R17W,p.Arg17Trp,Arg,17,Trp,AGG,TGG
R17M,p.Arg17Met,Arg,17,Met,AGG,ATG
R17S,p.Arg17Ser,Arg,17,Ser,AGG,AGT
R17K,p.Arg17Lys,Arg,17,Lys,AGG,AAG
R17G,p.Arg17Gly,Arg,17,Gly,AGG,GGG
K18R,p.Lys18Arg,Lys,18,Arg,AAA,AGA
K18I,p.Lys18Ile,Lys,18,Ile,AAA,ATA
K18T,p.Lys18Thr,Lys,18,Thr,AAA,ACA
K18N,p.Lys18Asn,Lys,18,Asn,AAA,AAT
K18E,p.Lys18Glu,Lys,18,Glu,AAA,GAA
K18X,p.Lys18Ter,Lys,18,Ter,AAA,TAA
K18Q,p.Lys18Gln,Lys,18,Gln,AAA,CAA
D19N,p.Asp19Asn,Asp,19,Asn,GAC,AAC
D19V,p.Asp19Val,Asp,19,Val,GAC,GTC
D19G,p.Asp19Gly,Asp,19,Gly,GAC,GGC
D19A,p.Asp19Ala,Asp,19,Ala,GAC,GCC
D19H,p.Asp19His,Asp,19,His,GAC,CAC
D19E,p.Asp19Glu,Asp,19,Glu,GAC,GAA
D19Y,p.Asp19Tyr,Asp,19,Tyr,GAC,TAC
H20P,p.His20Pro,His,20,Pro,CAC,CCC
H20N,p.His20Asn,His,20,Asn,CAC,AAC
H20D,p.His20Asp,His,20,Asp,CAC,GAC
H20L,p.His20Leu,His,20,Leu,CAC,CTC
H20R,p.His20Arg,His,20,Arg,CAC,CGC
H20Q,p.His20Gln,His,20,Gln,CAC,CAA
H20Y,p.His20Tyr,His,20,Tyr,CAC,TAC
P21L,p.Pro21Leu,Pro,21,Leu,CCA,CTA
P21T,p.Pro21Thr,Pro,21,Thr,CCA,ACA
P21A,p.Pro21Ala,Pro,21,Ala,CCA,GCA
P21S,p.Pro21Ser,Pro,21,Ser,CCA,TCA
P21R,p.Pro21Arg,Pro,21,Arg,CCA,CGA
P21Q,p.Pro21Gln,Pro,21,Gln,CCA,CAA
F22Y,p.Phe22Tyr,Phe,22,Tyr,TTT,TAT
F22L,p.Phe22Leu,Phe,22,Leu,TTT,CTT
F22V,p.Phe22Val,Phe,22,Val,TTT,GTT
F22C,p.Phe22Cys,Phe,22,Cys,TTT,TGT
F22I,p.Phe22Ile,Phe,22,Ile,TTT,ATT
F22S,p.Phe22Ser,Phe,22,Ser,TTT,TCT
G23V,p.Gly23Val,Gly,23,Val,GGT,GTT
G23C,p.Gly23Cys,Gly,23,Cys,GGT,TGT
G23A,p.Gly23Ala,Gly,23,Ala,GGT,GCT
G23S,p.Gly23Ser,Gly,23,Ser,GGT,AGT
G23D,p.Gly23Asp,Gly,23,Asp,GGT,GAT
G23R,p.Gly23Arg,Gly,23,Arg,GGT,CGT
F24V,p.Phe24Val,Phe,24,Val,TTC,GTC
F24I,p.Phe24Ile,Phe,24,Ile,TTC,ATC
F24S,p.Phe24Ser,Phe,24,Ser,TTC,TCC
F24L,p.Phe24Leu,Phe,24,Leu,TTC,CTC
F24C,p.Phe24Cys,Phe,24,Cys,TTC,TGC
F24Y,p.Phe24Tyr,Phe,24,Tyr,TTC,TAC
V25A,p.Val25Ala,Val,25,Ala,GTG,GCG
V25L,p.Val25Leu,Val,25,Leu,GTG,TTG
V25M,p.Val25Met,Val,25,Met,GTG,ATG
V25E,p.Val25Glu,Val,25,Glu,GTG,GAG
V25G,p.Val25Gly,Val,25,Gly,GTG,GGG
A26V,p.Ala26Val,Ala,26,Val,GCT,GTT
A26G,p.Ala26Gly,Ala,26,Gly,GCT,GGT
A26T,p.Ala26Thr,Ala,26,Thr,GCT,ACT
A26D,p.Ala26Asp,Ala,26,Asp,GCT,GAT
A26P,p.Ala26Pro,Ala,26,Pro,GCT,CCT
A26S,p.Ala26Ser,Ala,26,Ser,GCT,TCT
V27G,p.Val27Gly,Val,27,Gly,GTC,GGC
V27I,p.Val27Ile,Val,27,Ile,GTC,ATC
V27A,p.Val27Ala,Val,27,Ala,GTC,GCC
V27D,p.Val27Asp,Val,27,Asp,GTC,GAC
V27L,p.Val27Leu,Val,27,Leu,GTC,CTC
V27F,p.Val27Phe,Val,27,Phe,GTC,TTC
P28L,p.Pro28Leu,Pro,28,Leu,CCA,CTA
P28T,p.Pro28Thr,Pro,28,Thr,CCA,ACA
P28A,p.Pro28Ala,Pro,28,Ala,CCA,GCA
P28S,p.Pro28Ser,Pro,28,Ser,CCA,TCA
P28R,p.Pro28Arg,Pro,28,Arg,CCA,CGA
P28Q,p.Pro28Gln,Pro,28,Gln,CCA,CAA
T29R,p.Thr29Arg,Thr,29,Arg,ACA,AGA
T29I,p.Thr29Ile,Thr,29,Ile,ACA,ATA
T29K,p.Thr29Lys,Thr,29,Lys,ACA,AAA
T29P,p.Thr29Pro,Thr,29,Pro,ACA,CCA
T29S,p.Thr29Ser,Thr,29,Ser,ACA,TCA
T29A,p.Thr29Ala,Thr,29,Ala,ACA,GCA
K30R,p.Lys30Arg,Lys,30,Arg,AAA,AGA
K30I,p.Lys30Ile,Lys,30,Ile,AAA,ATA
K30T,p.Lys30Thr,Lys,30,Thr,AAA,ACA
K30N,p.Lys30Asn,Lys,30,Asn,AAA,AAT
K30E,p.Lys30Glu,Lys,30,Glu,AAA,GAA
K30X,p.Lys30Ter,Lys,30,Ter,AAA,TAA
K30Q,p.Lys30Gln,Lys,30,Gln,AAA,CAA
N31Y,p.Asn31Tyr,Asn,31,Tyr,AAT,TAT
N31H,p.Asn31His,Asn,31,His,AAT,CAT
N31K,p.Asn31Lys,Asn,31,Lys,AAT,AAA
N31I,p.Asn31Ile,Asn,31,Ile,AAT,ATT
N31T,p.Asn31Thr,Asn,31,Thr,AAT,ACT
N31S,p.Asn31Ser,Asn,31,Ser,AAT,AGT
N31D,p.Asn31Asp,Asn,31,Asp,AAT,GAT
P32A,p.Pro32Ala,Pro,32,Ala,CCC,GCC
P32H,p.Pro32His,Pro,32,His,CCC,CAC
P32S,p.Pro32Ser,Pro,32,Ser,CCC,TCC
P32L,p.Pro32Leu,Pro,32,Leu,CCC,CTC
P32R,p.Pro32Arg,Pro,32,Arg,CCC,CGC
P32T,p.Pro32Thr,Pro,32,Thr,CCC,ACC
D33Y,p.Asp33Tyr,Asp,33,Tyr,GAT,TAT
D33H,p.Asp33His,Asp,33,His,GAT,CAT
D33V,p.Asp33Val,Asp,33,Val,GAT,GTT
D33G,p.Asp33Gly,Asp,33,Gly,GAT,GGT
D33A,p.Asp33Ala,Asp,33,Ala,GAT,GCT
D33N,p.Asp33Asn,Asp,33,Asn,GAT,AAT
D33E,p.Asp33Glu,Asp,33,Glu,GAT,GAA
G34V,p.Gly34Val,Gly,34,Val,GGC,GTC
G34A,p.Gly34Ala,Gly,34,Ala,GGC,GCC
G34D,p.Gly34Asp,Gly,34,Asp,GGC,GAC
G34C,p.Gly34Cys,Gly,34,Cys,GGC,TGC
G34R,p.Gly34Arg,Gly,34,Arg,GGC,CGC
G34S,p.Gly34Ser,Gly,34,Ser,GGC,AGC
T35S,p.Thr35Ser,Thr,35,Ser,ACG,TCG
T35P,p.Thr35Pro,Thr,35,Pro,ACG,CCG
T35A,p.Thr35Ala,Thr,35,Ala,ACG,GCG
T35M,p.Thr35Met,Thr,35,Met,ACG,ATG
T35K,p.Thr35Lys,Thr,35,Lys,ACG,AAG
T35R,p.Thr35Arg,Thr,35,Arg,ACG,AGG
M36V,p.Met36Val,Met,36,Val,ATG,GTG
M36T,p.Met36Thr,Met,36,Thr,ATG,ACG
M36L,p.Met36Leu,Met,36,Leu,ATG,TTG
M36I,p.Met36Ile,Met,36,Ile,ATG,ATT
M36K,p.Met36Lys,Met,36,Lys,ATG,AAG
M36R,p.Met36Arg,Met,36,Arg,ATG,AGG
N37I,p.Asn37Ile,Asn,37,Ile,AAC,ATC
N37H,p.Asn37His,Asn,37,His,AAC,CAC
N37K,p.Asn37Lys,Asn,37,Lys,AAC,AAA
N37D,p.Asn37Asp,Asn,37,Asp,AAC,GAC
N37T,p.Asn37Thr,Asn,37,Thr,AAC,ACC
N37S,p.Asn37Ser,Asn,37,Ser,AAC,AGC
N37Y,p.Asn37Tyr,Asn,37,Tyr,AAC,TAC
L38P,p.Leu38Pro,Leu,38,Pro,CTC,CCC
L38V,p.Leu38Val,Leu,38,Val,CTC,GTC
L38I,p.Leu38Ile,Leu,38,Ile,CTC,ATC
L38H,p.Leu38His,Leu,38,His,CTC,CAC
L38R,p.Leu38Arg,Leu,38,Arg,CTC,CGC
L38F,p.Leu38Phe,Leu,38,Phe,CTC,TTC
M39V,p.Met39Val,Met,39,Val,ATG,GTG
M39T,p.Met39Thr,Met,39,Thr,ATG,ACG
M39L,p.Met39Leu,Met,39,Leu,ATG,TTG
M39I,p.Met39Ile,Met,39,Ile,ATG,ATT
M39K,p.Met39Lys,Met,39,Lys,ATG,AAG
M39R,p.Met39Arg,Met,39,Arg,ATG,AGG
N40I,p.Asn40Ile,Asn,40,Ile,AAC,ATC
N40H,p.Asn40His,Asn,40,His,AAC,CAC
N40K,p.Asn40Lys,Asn,40,Lys,AAC,AAA
N40D,p.Asn40Asp,Asn,40,Asp,AAC,GAC
N40T,p.Asn40Thr,Asn,40,Thr,AAC,ACC
N40S,p.Asn40Ser,Asn,40,Ser,AAC,AGC
N40Y,p.Asn40Tyr,Asn,40,Tyr,AAC,TAC
W41S,p.Trp41Ser,Trp,41,Ser,TGG,TCG
W41R,p.Trp41Arg,Trp,41,Arg,TGG,CGG
W41C,p.Trp41Cys,Trp,41,Cys,TGG,TGT
W41L,p.Trp41Leu,Trp,41,Leu,TGG,TTG
W41X,p.Trp41Ter,Trp,41,Ter,TGG,TAG
W41G,p.Trp41Gly,Trp,41,Gly,TGG,GGG
E42V,p.Glu42Val,Glu,42,Val,GAG,GTG
E42A,p.Glu42Ala,Glu,42,Ala,GAG,GCG
E42X,p.Glu42Ter,Glu,42,Ter,GAG,TAG
E42D,p.Glu42Asp,Glu,42,Asp,GAG,GAT
E42K,p.Glu42Lys,Glu,42,Lys,GAG,AAG
E42G,p.Glu42Gly,Glu,42,Gly,GAG,GGG
E42Q,p.Glu42Gln,Glu,42,Gln,GAG,CAG
C43X,p.Cys43Ter,Cys,43,Ter,TGC,TGA
C43W,p.Cys43Trp,Cys,43,Trp,TGC,TGG
C43G,p.Cys43Gly,Cys,43,Gly,TGC,GGC
C43R,p.Cys43Arg,Cys,43,Arg,TGC,CGC
C43F,p.Cys43Phe,Cys,43,Phe,TGC,TTC
C43S,p.Cys43Ser,Cys,43,Ser,TGC,AGC
C43Y,p.Cys43Tyr,Cys,43,Tyr,TGC,TAC
A44P,p.Ala44Pro,Ala,44,Pro,GCC,CCC
A44V,p.Ala44Val,Ala,44,Val,GCC,GTC
A44G,p.Ala44Gly,Ala,44,Gly,GCC,GGC
A44S,p.Ala44Ser,Ala,44,Ser,GCC,TCC
A44D,p.Ala44Asp,Ala,44,Asp,GCC,GAC
A44T,p.Ala44Thr,Ala,44,Thr,GCC,ACC
I45L,p.Ile45Leu,Ile,45,Leu,ATT,CTT
I45V,p.Ile45Val,Ile,45,Val,ATT,GTT
I45M,p.Ile45Met,Ile,45,Met,ATT,ATG
I45T,p.Ile45Thr,Ile,45,Thr,ATT,ACT
I45N,p.Ile45Asn,Ile,45,Asn,ATT,AAT
I45S,p.Ile45Ser,Ile,45,Ser,ATT,AGT
I45F,p.Ile45Phe,Ile,45,Phe,ATT,TTT
P46L,p.Pro46Leu,Pro,46,Leu,CCA,CTA
P46T,p.Pro46Thr,Pro,46,Thr,CCA,ACA
P46A,p.Pro46Ala,Pro,46,Ala,CCA,GCA
P46S,p.Pro46Ser,Pro,46,Ser,CCA,TCA
P46R,p.Pro46Arg,Pro,46,Arg,CCA,CGA
P46Q,p.Pro46Gln,Pro,46,Gln,CCA,CAA
G47X,p.Gly47Ter,Gly,47,Ter,GGA,TGA
G47V,p.Gly47Val,Gly,47,Val,GGA,GTA
G47E,p.Gly47Glu,Gly,47,Glu,GGA,GAA
G47R,p.Gly47Arg,Gly,47,Arg,GGA,CGA
G47A,p.Gly47Ala,Gly,47,Ala,GGA,GCA
K48T,p.Lys48Thr,Lys,48,Thr,AAG,ACG
K48M,p.Lys48Met,Lys,48,Met,AAG,ATG
K48N,p.Lys48Asn,Lys,48,Asn,AAG,AAT
K48E,p.Lys48Glu,Lys,48,Glu,AAG,GAG
K48X,p.Lys48Ter,Lys,48,Ter,AAG,TAG
K48R,p.Lys48Arg,Lys,48,Arg,AAG,AGG
K48Q,p.Lys48Gln,Lys,48,Gln,AAG,CAG
K49R,p.Lys49Arg,Lys,49,Arg,AAA,AGA
K49I,p.Lys49Ile,Lys,49,Ile,AAA,ATA
K49T,p.Lys49Thr,Lys,49,Thr,AAA,ACA
K49N,p.Lys49Asn,Lys,49,Asn,AAA,AAT
K49E,p.Lys49Glu,Lys,49,Glu,AAA,GAA
K49X,p.Lys49Ter,Lys,49,Ter,AAA,TAA
K49Q,p.Lys49Gln,Lys,49,Gln,AAA,CAA
G50V,p.Gly50Val,Gly,50,Val,GGG,GTG
G50R,p.Gly50Arg,Gly,50,Arg,GGG,CGG
G50W,p.Gly50Trp,Gly,50,Trp,GGG,TGG
G50A,p.Gly50Ala,Gly,50,Ala,GGG,GCG
G50E,p.Gly50Glu,Gly,50,Glu,GGG,GAG
T51A,p.Thr51Ala,Thr,51,Ala,ACT,GCT
T51N,p.Thr51Asn,Thr,51,Asn,ACT,AAT
T51I,p.Thr51Ile,Thr,51,Ile,ACT,ATT
T51P,p.Thr51Pro,Thr,51,Pro,ACT,CCT
T51S,p.Thr51Ser,Thr,51,Ser,ACT,TCT
P52S,p.Pro52Ser,Pro,52,Ser,CCG,TCG
P52R,p.Pro52Arg,Pro,52,Arg,CCG,CGG
P52T,p.Pro52Thr,Pro,52,Thr,CCG,ACG
P52L,p.Pro52Leu,Pro,52,Leu,CCG,CTG
P52A,p.Pro52Ala,Pro,52,Ala,CCG,GCG
P52Q,p.Pro52Gln,Pro,52,Gln,CCG,CAG
W53S,p.Trp53Ser,Trp,53,Ser,TGG,TCG
W53R,p.Trp53Arg,Trp,53,Arg,TGG,CGG
W53C,p.Trp53Cys,Trp,53,Cys,TGG,TGT
W53L,p.Trp53Leu,Trp,53,Leu,TGG,TTG
W53X,p.Trp53Ter,Trp,53,Ter,TGG,TAG
W53G,p.Trp53Gly,Trp,53,Gly,TGG,GGG
E54G,p.Glu54Gly,Glu,54,Gly,GAA,GGA
E54K,p.Glu54Lys,Glu,54,Lys,GAA,AAA
E54V,p.Glu54Val,Glu,54,Val,GAA,GTA
E54D,p.Glu54Asp,Glu,54,Asp,GAA,GAT
E54X,p.Glu54Ter,Glu,54,Ter,GAA,TAA
E54Q,p.Glu54Gln,Glu,54,Gln,GAA,CAA
E54A,p.Glu54Ala,Glu,54,Ala,GAA,GCA
G55X,p.Gly55Ter,Gly,55,Ter,GGA,TGA
G55V,p.Gly55Val,Gly,55,Val,GGA,GTA
G55E,p.Gly55Glu,Gly,55,Glu,GGA,GAA
G55R,p.Gly55Arg,Gly,55,Arg,GGA,CGA
G55A,p.Gly55Ala,Gly,55,Ala,GGA,GCA
G56V,p.Gly56Val,Gly,56,Val,GGC,GTC
G56A,p.Gly56Ala,Gly,56,Ala,GGC,GCC
G56D,p.Gly56Asp,Gly,56,Asp,GGC,GAC
G56C,p.Gly56Cys,Gly,56,Cys,GGC,TGC
G56R,p.Gly56Arg,Gly,56,Arg,GGC,CGC
G56S,p.Gly56Ser,Gly,56,Ser,GGC,AGC
L57V,p.Leu57Val,Leu,57,Val,TTG,GTG
L57S,p.Leu57Ser,Leu,57,Ser,TTG,TCG
L57W,p.Leu57Trp,Leu,57,Trp,TTG,TGG
L57F,p.Leu57Phe,Leu,57,Phe,TTG,TTT
L57M,p.Leu57Met,Leu,57,Met,TTG,ATG
L57X,p.Leu57Ter,Leu,57,Ter,TTG,TAG
F58Y,p.Phe58Tyr,Phe,58,Tyr,TTT,TAT
F58L,p.Phe58Leu,Phe,58,Leu,TTT,CTT
F58V,p.Phe58Val,Phe,58,Val,TTT,GTT
F58C,p.Phe58Cys,Phe,58,Cys,TTT,TGT
F58I,p.Phe58Ile,Phe,58,Ile,TTT,ATT
F58S,p.Phe58Ser,Phe,58,Ser,TTT,TCT
K59R,p.Lys59Arg,Lys,59,Arg,AAA,AGA
K59I,p.Lys59Ile,Lys,59,Ile,AAA,ATA
K59T,p.Lys59Thr,Lys,59,Thr,AAA,ACA
K59N,p.Lys59Asn,Lys,59,Asn,AAA,AAT
K59E,p.Lys59Glu,Lys,59,Glu,AAA,GAA
K59X,p.Lys59Ter,Lys,59,Ter,AAA,TAA
K59Q,p.Lys59Gln,Lys,59,Gln,AAA,CAA
L60I,p.Leu60Ile,Leu,60,Ile,CTA,ATA
L60V,p.Leu60Val,Leu,60,Val,CTA,GTA
L60P,p.Leu60Pro,Leu,60,Pro,CTA,CCA
L60R,p.Leu60Arg,Leu,60,Arg,CTA,CGA
L60Q,p.Leu60Gln,Leu,60,Gln,CTA,CAA
R61W,p.Arg61Trp,Arg,61,Trp,CGG,TGG
R61P,p.Arg61Pro,Arg,61,Pro,CGG,CCG
R61L,p.Arg61Leu,Arg,61,Leu,CGG,CTG
R61G,p.Arg61Gly,Arg,61,Gly,CGG,GGG
R61Q,p.Arg61Gln,Arg,61,Gln,CGG,CAG
M62V,p.Met62Val,Met,62,Val,ATG,GTG
M62T,p.Met62Thr,Met,62,Thr,ATG,ACG
M62L,p.Met62Leu,Met,62,Leu,ATG,TTG
M62I,p.Met62Ile,Met,62,Ile,ATG,ATT
M62K,p.Met62Lys,Met,62,Lys,ATG,AAG
M62R,p.Met62Arg,Met,62,Arg,ATG,AGG
L63H,p.Leu63His,Leu,63,His,CTT,CAT
L63V,p.Leu63Val,Leu,63,Val,CTT,GTT
L63I,p.Leu63Ile,Leu,63,Ile,CTT,ATT
L63F,p.Leu63Phe,Leu,63,Phe,CTT,TTT
L63P,p.Leu63Pro,Leu,63,Pro,CTT,CCT
L63R,p.Leu63Arg,Leu,63,Arg,CTT,CGT
F64V,p.Phe64Val,Phe,64,Val,TTC,GTC
F64I,p.Phe64Ile,Phe,64,Ile,TTC,ATC
F64S,p.Phe64Ser,Phe,64,Ser,TTC,TCC
F64L,p.Phe64Leu,Phe,64,Leu,TTC,CTC
F64C,p.Phe64Cys,Phe,64,Cys,TTC,TGC
F64Y,p.Phe64Tyr,Phe,64,Tyr,TTC,TAC
K65R,p.Lys65Arg,Lys,65,Arg,AAA,AGA
K65I,p.Lys65Ile,Lys,65,Ile,AAA,ATA
K65T,p.Lys65Thr,Lys,65,Thr,AAA,ACA
K65N,p.Lys65Asn,Lys,65,Asn,AAA,AAT
K65E,p.Lys65Glu,Lys,65,Glu,AAA,GAA
K65X,p.Lys65Ter,Lys,65,Ter,AAA,TAA
K65Q,p.Lys65Gln,Lys,65,Gln,AAA,CAA
D66Y,p.Asp66Tyr,Asp,66,Tyr,GAT,TAT
D66H,p.Asp66His,Asp,66,His,GAT,CAT
D66V,p.Asp66Val,Asp,66,Val,GAT,GTT
D66G,p.Asp66Gly,Asp,66,Gly,GAT,GGT
D66A,p.Asp66Ala,Asp,66,Ala,GAT,GCT
D66N,p.Asp66Asn,Asp,66,Asn,GAT,AAT
D66E,p.Asp66Glu,Asp,66,Glu,GAT,GAA
D67Y,p.Asp67Tyr,Asp,67,Tyr,GAT,TAT
D67H,p.Asp67His,Asp,67,His,GAT,CAT
D67V,p.Asp67Val,Asp,67,Val,GAT,GTT
D67G,p.Asp67Gly,Asp,67,Gly,GAT,GGT
D67A,p.Asp67Ala,Asp,67,Ala,GAT,GCT
D67N,p.Asp67Asn,Asp,67,Asn,GAT,AAT
D67E,p.Asp67Glu,Asp,67,Glu,GAT,GAA
Y68H,p.Tyr68His,Tyr,68,His,TAT,CAT
Y68C,p.Tyr68Cys,Tyr,68,Cys,TAT,TGT
Y68N,p.Tyr68Asn,Tyr,68,Asn,TAT,AAT
Y68X,p.Tyr68Ter,Tyr,68,Ter,TAT,TAA
Y68D,p.Tyr68Asp,Tyr,68,Asp,TAT,GAT
Y68F,p.Tyr68Phe,Tyr,68,Phe,TAT,TTT
Y68S,p.Tyr68Ser,Tyr,68,Ser,TAT,TCT
P69L,p.Pro69Leu,Pro,69,Leu,CCA,CTA
P69T,p.Pro69Thr,Pro,69,Thr,CCA,ACA
P69A,p.Pro69Ala,Pro,69,Ala,CCA,GCA
P69S,p.Pro69Ser,Pro,69,Ser,CCA,TCA
P69R,p.Pro69Arg,Pro,69,Arg,CCA,CGA
P69Q,p.Pro69Gln,Pro,69,Gln,CCA,CAA
S70Y,p.Ser70Tyr,Ser,70,Tyr,TCT,TAT
S70C,p.Ser70Cys,Ser,70,Cys,TCT,TGT
S70T,p.Ser70Thr,Ser,70,Thr,TCT,ACT
S70A,p.Ser70Ala,Ser,70,Ala,TCT,GCT
S70F,p.Ser70Phe,Ser,70,Phe,TCT,TTT
S70P,p.Ser70Pro,Ser,70,Pro,TCT,CCT
S71T,p.Ser71Thr,Ser,71,Thr,TCG,ACG
S71W,p.Ser71Trp,Ser,71,Trp,TCG,TGG
S71P,p.Ser71Pro,Ser,71,Pro,TCG,CCG
S71A,p.Ser71Ala,Ser,71,Ala,TCG,GCG
S71L,p.Ser71Leu,Ser,71,Leu,TCG,TTG
S71X,p.Ser71Ter,Ser,71,Ter,TCG,TAG
P72L,p.Pro72Leu,Pro,72,Leu,CCA,CTA
P72T,p.Pro72Thr,Pro,72,Thr,CCA,ACA
P72A,p.Pro72Ala,Pro,72,Ala,CCA,GCA
P72S,p.Pro72Ser,Pro,72,Ser,CCA,TCA
P72R,p.Pro72Arg,Pro,72,Arg,CCA,CGA
P72Q,p.Pro72Gln,Pro,72,Gln,CCA,CAA
P73L,p.Pro73Leu,Pro,73,Leu,CCA,CTA
P73T,p.Pro73Thr,Pro,73,Thr,CCA,ACA
P73A,p.Pro73Ala,Pro,73,Ala,CCA,GCA
P73S,p.Pro73Ser,Pro,73,Ser,CCA,TCA
P73R,p.Pro73Arg,Pro,73,Arg,CCA,CGA
P73Q,p.Pro73Gln,Pro,73,Gln,CCA,CAA
K74R,p.Lys74Arg,Lys,74,Arg,AAA,AGA
K74I,p.Lys74Ile,Lys,74,Ile,AAA,ATA
K74T,p.Lys74Thr,Lys,74,Thr,AAA,ACA
K74N,p.Lys74Asn,Lys,74,Asn,AAA,AAT
K74E,p.Lys74Glu,Lys,74,Glu,AAA,GAA
K74X,p.Lys74Ter,Lys,74,Ter,AAA,TAA
K74Q,p.Lys74Gln,Lys,74,Gln,AAA,CAA
C75Y,p.Cys75Tyr,Cys,75,Tyr,TGT,TAT
C75X,p.Cys75Ter,Cys,75,Ter,TGT,TGA
C75W,p.Cys75Trp,Cys,75,Trp,TGT,TGG
C75G,p.Cys75Gly,Cys,75,Gly,TGT,GGT
C75S,p.Cys75Ser,Cys,75,Ser,TGT,AGT
C75F,p.Cys75Phe,Cys,75,Phe,TGT,TTT
C75R,p.Cys75Arg,Cys,75,Arg,TGT,CGT
K76R,p.Lys76Arg,Lys,76,Arg,AAA,AGA
K76I,p.Lys76Ile,Lys,76,Ile,AAA,ATA
K76T,p.Lys76Thr,Lys,76,Thr,AAA,ACA
K76N,p.Lys76Asn,Lys,76,Asn,AAA,AAT
K76E,p.Lys76Glu,Lys,76,Glu,AAA,GAA
K76X,p.Lys76Ter,Lys,76,Ter,AAA,TAA
K76Q,p.Lys76Gln,Lys,76,Gln,AAA,CAA
F77V,p.Phe77Val,Phe,77,Val,TTC,GTC
F77I,p.Phe77Ile,Phe,77,Ile,TTC,ATC
F77S,p.Phe77Ser,Phe,77,Ser,TTC,TCC
F77L,p.Phe77Leu,Phe,77,Leu,TTC,CTC
F77C,p.Phe77Cys,Phe,77,Cys,TTC,TGC
F77Y,p.Phe77Tyr,Phe,77,Tyr,TTC,TAC
E78G,p.Glu78Gly,Glu,78,Gly,GAA,GGA
E78K,p.Glu78Lys,Glu,78,Lys,GAA,AAA
E78V,p.Glu78Val,Glu,78,Val,GAA,GTA
E78D,p.Glu78Asp,Glu,78,Asp,GAA,GAT
E78X,p.Glu78Ter,Glu,78,Ter,GAA,TAA
E78Q,p.Glu78Gln,Glu,78,Gln,GAA,CAA
E78A,p.Glu78Ala,Glu,78,Ala,GAA,GCA
P79L,p.Pro79Leu,Pro,79,Leu,CCA,CTA
P79T,p.Pro79Thr,Pro,79,Thr,CCA,ACA
P79A,p.Pro79Ala,Pro,79,Ala,CCA,GCA
P79S,p.Pro79Ser,Pro,79,Ser,CCA,TCA
P79R,p.Pro79Arg,Pro,79,Arg,CCA,CGA
P79Q,p.Pro79Gln,Pro,79,Gln,CCA,CAA
P80L,p.Pro80Leu,Pro,80,Leu,CCA,CTA
P80T,p.Pro80Thr,Pro,80,Thr,CCA,ACA
P80A,p.Pro80Ala,Pro,80,Ala,CCA,GCA
P80S,p.Pro80Ser,Pro,80,Ser,CCA,TCA
P80R,p.Pro80Arg,Pro,80,Arg,CCA,CGA
P80Q,p.Pro80Gln,Pro,80,Gln,CCA,CAA
L81F,p.Leu81Phe,Leu,81,Phe,TTA,TTT
L81I,p.Leu81Ile,Leu,81,Ile,TTA,ATA
L81V,p.Leu81Val,Leu,81,Val,TTA,GTA
L81X,p.Leu81Ter,Leu,81,Ter,TTA,TAA
L81S,p.Leu81Ser,Leu,81,Ser,TTA,TCA
F82Y,p.Phe82Tyr,Phe,82,Tyr,TTT,TAT
F82L,p.Phe82Leu,Phe,82,Leu,TTT,CTT
F82V,p.Phe82Val,Phe,82,Val,TTT,GTT
F82C,p.Phe82Cys,Phe,82,Cys,TTT,TGT
F82I,p.Phe82Ile,Phe,82,Ile,TTT,ATT
F82S,p.Phe82Ser,Phe,82,Ser,TTT,TCT
H83P,p.His83Pro,His,83,Pro,CAC,CCC
H83N,p.His83Asn,His,83,Asn,CAC,AAC
H83D,p.His83Asp,His,83,Asp,CAC,GAC
H83L,p.His83Leu,His,83,Leu,CAC,CTC
H83R,p.His83Arg,His,83,Arg,CAC,CGC
H83Q,p.His83Gln,His,83,Gln,CAC,CAA
H83Y,p.His83Tyr,His,83,Tyr,CAC,TAC
P84S,p.Pro84Ser,Pro,84,Ser,CCG,TCG
P84R,p.Pro84Arg,Pro,84,Arg,CCG,CGG
P84T,p.Pro84Thr,Pro,84,Thr,CCG,ACG
P84L,p.Pro84Leu,Pro,84,Leu,CCG,CTG
P84A,p.Pro84Ala,Pro,84,Ala,CCG,GCG
P84Q,p.Pro84Gln,Pro,84,Gln,CCG,CAG
N85Y,p.Asn85Tyr,Asn,85,Tyr,AAT,TAT
N85H,p.Asn85His,Asn,85,His,AAT,CAT
N85K,p.Asn85Lys,Asn,85,Lys,AAT,AAA
N85I,p.Asn85Ile,Asn,85,Ile,AAT,ATT
N85T,p.Asn85Thr,Asn,85,Thr,AAT,ACT
N85S,p.Asn85Ser,Asn,85,Ser,AAT,AGT
N85D,p.Asn85Asp,Asn,85,Asp,AAT,GAT
V86A,p.Val86Ala,Val,86,Ala,GTG,GCG
V86L,p.Val86Leu,Val,86,Leu,GTG,TTG
V86M,p.Val86Met,Val,86,Met,GTG,ATG
V86E,p.Val86Glu,Val,86,Glu,GTG,GAG
V86G,p.Val86Gly,Val,86,Gly,GTG,GGG
Y87N,p.Tyr87Asn,Tyr,87,Asn,TAC,AAC
Y87H,p.Tyr87His,Tyr,87,His,TAC,CAC
Y87S,p.Tyr87Ser,Tyr,87,Ser,TAC,TCC
Y87D,p.Tyr87Asp,Tyr,87,Asp,TAC,GAC
Y87C,p.Tyr87Cys,Tyr,87,Cys,TAC,TGC
Y87X,p.Tyr87Ter,Tyr,87,Ter,TAC,TAA
Y87F,p.Tyr87Phe,Tyr,87,Phe,TAC,TTC
P88H,p.Pro88His,Pro,88,His,CCT,CAT
P88L,p.Pro88Leu,Pro,88,Leu,CCT,CTT
P88A,p.Pro88Ala,Pro,88,Ala,CCT,GCT
P88T,p.Pro88Thr,Pro,88,Thr,CCT,ACT
P88S,p.Pro88Ser,Pro,88,Ser,CCT,TCT
P88R,p.Pro88Arg,Pro,88,Arg,CCT,CGT
S89T,p.Ser89Thr,Ser,89,Thr,TCG,ACG
S89W,p.Ser89Trp,Ser,89,Trp,TCG,TGG
S89P,p.Ser89Pro,Ser,89,Pro,TCG,CCG
S89A,p.Ser89Ala,Ser,89,Ala,TCG,GCG
S89L,p.Ser89Leu,Ser,89,Leu,TCG,TTG
S89X,p.Ser89Ter,Ser,89,Ter,TCG,TAG
G90V,p.Gly90Val,Gly,90,Val,GGG,GTG
G90R,p.Gly90Arg,Gly,90,Arg,GGG,CGG
G90W,p.Gly90Trp,Gly,90,Trp,GGG,TGG
G90A,p.Gly90Ala,Gly,90,Ala,GGG,GCG
G90E,p.Gly90Glu,Gly,90,Glu,GGG,GAG
T91R,p.Thr91Arg,Thr,91,Arg,ACA,AGA
T91I,p.Thr91Ile,Thr,91,Ile,ACA,ATA
T91K,p.Thr91Lys,Thr,91,Lys,ACA,AAA
T91P,p.Thr91Pro,Thr,91,Pro,ACA,CCA
T91S,p.Thr91Ser,Thr,91,Ser,ACA,TCA
T91A,p.Thr91Ala,Thr,91,Ala,ACA,GCA
V92A,p.Val92Ala,Val,92,Ala,GTG,GCG
V92L,p.Val92Leu,Val,92,Leu,GTG,TTG
V92M,p.Val92Met,Val,92,Met,GTG,ATG
V92E,p.Val92Glu,Val,92,Glu,GTG,GAG
V92G,p.Val92Gly,Val,92,Gly,GTG,GGG
C93X,p.Cys93Ter,Cys,93,Ter,TGC,TGA
C93W,p.Cys93Trp,Cys,93,Trp,TGC,TGG
C93G,p.Cys93Gly,Cys,93,Gly,TGC,GGC
C93R,p.Cys93Arg,Cys,93,Arg,TGC,CGC
C93F,p.Cys93Phe,Cys,93,Phe,TGC,TTC
C93S,p.Cys93Ser,Cys,93,Ser,TGC,AGC
C93Y,p.Cys93Tyr,Cys,93,Tyr,TGC,TAC
L94V,p.Leu94Val,Leu,94,Val,CTG,GTG
L94R,p.Leu94Arg,Leu,94,Arg,CTG,CGG
L94P,p.Leu94Pro,Leu,94,Pro,CTG,CCG
L94M,p.Leu94Met,Leu,94,Met,CTG,ATG
L94Q,p.Leu94Gln,Leu,94,Gln,CTG,CAG
S95P,p.Ser95Pro,Ser,95,Pro,TCC,CCC
S95T,p.Ser95Thr,Ser,95,Thr,TCC,ACC
S95A,p.Ser95Ala,Ser,95,Ala,TCC,GCC
S95C,p.Ser95Cys,Ser,95,Cys,TCC,TGC
S95F,p.Ser95Phe,Ser,95,Phe,TCC,TTC
S95Y,p.Ser95Tyr,Ser,95,Tyr,TCC,TAC
I96N,p.Ile96Asn,Ile,96,Asn,ATC,AAC
I96V,p.Ile96Val,Ile,96,Val,ATC,GTC
I96T,p.Ile96Thr,Ile,96,Thr,ATC,ACC
I96M,p.Ile96Met,Ile,96,Met,ATC,ATG
I96L,p.Ile96Leu,Ile,96,Leu,ATC,CTC
I96F,p.Ile96Phe,Ile,96,Phe,ATC,TTC
I96S,p.Ile96Ser,Ile,96,Ser,ATC,AGC
L97F,p.Leu97Phe,Leu,97,Phe,TTA,TTT
L97I,p.Leu97Ile,Leu,97,Ile,TTA,ATA
L97V,p.Leu97Val,Leu,97,Val,TTA,GTA
L97X,p.Leu97Ter,Leu,97,Ter,TTA,TAA
L97S,p.Leu97Ser,Leu,97,Ser,TTA,TCA
E98V,p.Glu98Val,Glu,98,Val,GAG,GTG
E98A,p.Glu98Ala,Glu,98,Ala,GAG,GCG
E98X,p.Glu98Ter,Glu,98,Ter,GAG,TAG
E98D,p.Glu98Asp,Glu,98,Asp,GAG,GAT
E98K,p.Glu98Lys,Glu,98,Lys,GAG,AAG
E98G,p.Glu98Gly,Glu,98,Gly,GAG,GGG
E98Q,p.Glu98Gln,Glu,98,Gln,GAG,CAG
E99V,p.Glu99Val,Glu,99,Val,GAG,GTG
E99A,p.Glu99Ala,Glu,99,Ala,GAG,GCG
E99X,p.Glu99Ter,Glu,99,Ter,GAG,TAG
E99D,p.Glu99Asp,Glu,99,Asp,GAG,GAT
E99K,p.Glu99Lys,Glu,99,Lys,GAG,AAG
E99G,p.Glu99Gly,Glu,99,Gly,GAG,GGG
E99Q,p.Glu99Gln,Glu,99,Gln,GAG,CAG
D100N,p.Asp100Asn,Asp,100,Asn,GAC,AAC
D100V,p.Asp100Val,Asp,100,Val,GAC,GTC
D100G,p.Asp100Gly,Asp,100,Gly,GAC,GGC
D100A,p.Asp100Ala,Asp,100,Ala,GAC,GCC
D100H,p.Asp100His,Asp,100,His,GAC,CAC
D100E,p.Asp100Glu,Asp,100,Glu,GAC,GAA
D100Y,p.Asp100Tyr,Asp,100,Tyr,GAC,TAC
K101T,p.Lys101Thr,Lys,101,Thr,AAG,ACG
K101M,p.Lys101Met,Lys,101,Met,AAG,ATG
K101N,p.Lys101Asn,Lys,101,Asn,AAG,AAT
K101E,p.Lys101Glu,Lys,101,Glu,AAG,GAG
K101X,p.Lys101Ter,Lys,101,Ter,AAG,TAG
K101R,p.Lys101Arg,Lys,101,Arg,AAG,AGG
K101Q,p.Lys101Gln,Lys,101,Gln,AAG,CAG
D102N,p.Asp102Asn,Asp,102,Asn,GAC,AAC
D102V,p.Asp102Val,Asp,102,Val,GAC,GTC
D102G,p.Asp102Gly,Asp,102,Gly,GAC,GGC
D102A,p.Asp102Ala,Asp,102,Ala,GAC,GCC
D102H,p.Asp102His,Asp,102,His,GAC,CAC
D102E,p.Asp102Glu,Asp,102,Glu,GAC,GAA
D102Y,p.Asp102Tyr,Asp,102,Tyr,GAC,TAC
W103S,p.Trp103Ser,Trp,103,Ser,TGG,TCG
W103R,p.Trp103Arg,Trp,103,Arg,TGG,CGG
W103C,p.Trp103Cys,Trp,103,Cys,TGG,TGT
W103L,p.Trp103Leu,Trp,103,Leu,TGG,TTG
W103X,p.Trp103Ter,Trp,103,Ter,TGG,TAG
W103G,p.Trp103Gly,Trp,103,Gly,TGG,GGG
R104T,p.Arg104Thr,Arg,104,Thr,AGG,ACG
R104W,p.Arg104Trp,Arg,104,Trp,AGG,TGG
R104M,p.Arg104Met,Arg,104,Met,AGG,ATG
R104S,p.Arg104Ser,Arg,104,Ser,AGG,AGT
R104K,p.Arg104Lys,Arg,104,Lys,AGG,AAG
R104G,p.Arg104Gly,Arg,104,Gly,AGG,GGG
P105L,p.Pro105Leu,Pro,105,Leu,CCA,CTA
P105T,p.Pro105Thr,Pro,105,Thr,CCA,ACA
P105A,p.Pro105Ala,Pro,105,Ala,CCA,GCA
P105S,p.Pro105Ser,Pro,105,Ser,CCA,TCA
P105R,p.Pro105Arg,Pro,105,Arg,CCA,CGA
P105Q,p.Pro105Gln,Pro,105,Gln,CCA,CAA
A106P,p.Ala106Pro,Ala,106,Pro,GCC,CCC
A106V,p.Ala106Val,Ala,106,Val,GCC,GTC
A106G,p.Ala106Gly,Ala,106,Gly,GCC,GGC
A106S,p.Ala106Ser,Ala,106,Ser,GCC,TCC
A106D,p.Ala106Asp,Ala,106,Asp,GCC,GAC
A106T,p.Ala106Thr,Ala,106,Thr,GCC,ACC
I107N,p.Ile107Asn,Ile,107,Asn,ATC,AAC
I107V,p.Ile107Val,Ile,107,Val,ATC,GTC
I107T,p.Ile107Thr,Ile,107,Thr,ATC,ACC
I107M,p.Ile107Met,Ile,107,Met,ATC,ATG
I107L,p.Ile107Leu,Ile,107,Leu,ATC,CTC
I107F,p.Ile107Phe,Ile,107,Phe,ATC,TTC
I107S,p.Ile107Ser,Ile,107,Ser,ATC,AGC
T108R,p.Thr108Arg,Thr,108,Arg,ACA,AGA
T108I,p.Thr108Ile,Thr,108,Ile,ACA,ATA
T108K,p.Thr108Lys,Thr,108,Lys,ACA,AAA
T108P,p.Thr108Pro,Thr,108,Pro,ACA,CCA
T108S,p.Thr108Ser,Thr,108,Ser,ACA,TCA
T108A,p.Thr108Ala,Thr,108,Ala,ACA,GCA
I109N,p.Ile109Asn,Ile,109,Asn,ATC,AAC
I109V,p.Ile109Val,Ile,109,Val,ATC,GTC
I109T,p.Ile109Thr,Ile,109,Thr,ATC,ACC
I109M,p.Ile109Met,Ile,109,Met,ATC,ATG
I109L,p.Ile109Leu,Ile,109,Leu,ATC,CTC
I109F,p.Ile109Phe,Ile,109,Phe,ATC,TTC
I109S,p.Ile109Ser,Ile,109,Ser,ATC,AGC
K110R,p.Lys110Arg,Lys,110,Arg,AAA,AGA
K110I,p.Lys110Ile,Lys,110,Ile,AAA,ATA
K110T,p.Lys110Thr,Lys,110,Thr,AAA,ACA
K110N,p.Lys110Asn,Lys,110,Asn,AAA,AAT
K110E,p.Lys110Glu,Lys,110,Glu,AAA,GAA
K110X,p.Lys110Ter,Lys,110,Ter,AAA,TAA
K110Q,p.Lys110Gln,Lys,110,Gln,AAA,CAA
Q111H,p.Gln111His,Gln,111,His,CAG,CAT
Q111R,p.Gln111Arg,Gln,111,Arg,CAG,CGG
Q111P,p.Gln111Pro,Gln,111,Pro,CAG,CCG
Q111L,p.Gln111Leu,Gln,111,Leu,CAG,CTG
Q111X,p.Gln111Ter,Gln,111,Ter,CAG,TAG
Q111E,p.Gln111Glu,Gln,111,Glu,CAG,GAG
Q111K,p.Gln111Lys,Gln,111,Lys,CAG,AAG
I112N,p.Ile112Asn,Ile,112,Asn,ATC,AAC
I112V,p.Ile112Val,Ile,112,Val,ATC,GTC
I112T,p.Ile112Thr,Ile,112,Thr,ATC,ACC
I112M,p.Ile112Met,Ile,112,Met,ATC,ATG
I112L,p.Ile112Leu,Ile,112,Leu,ATC,CTC
I112F,p.Ile112Phe,Ile,112,Phe,ATC,TTC
I112S,p.Ile112Ser,Ile,112,Ser,ATC,AGC
L113I,p.Leu113Ile,Leu,113,Ile,CTA,ATA
L113V,p.Leu113Val,Leu,113,Val,CTA,GTA
L113P,p.Leu113Pro,Leu,113,Pro,CTA,CCA
L113R,p.Leu113Arg,Leu,113,Arg,CTA,CGA
L113Q,p.Leu113Gln,Leu,113,Gln,CTA,CAA
L114F,p.Leu114Phe,Leu,114,Phe,TTA,TTT
L114I,p.Leu114Ile,Leu,114,Ile,TTA,ATA
L114V,p.Leu114Val,Leu,114,Val,TTA,GTA
L114X,p.Leu114Ter,Leu,114,Ter,TTA,TAA
L114S,p.Leu114Ser,Leu,114,Ser,TTA,TCA
G115X,p.Gly115Ter,Gly,115,Ter,GGA,TGA
G115V,p.Gly115Val,Gly,115,Val,GGA,GTA
G115E,p.Gly115Glu,Gly,115,Glu,GGA,GAA
G115R,p.Gly115Arg,Gly,115,Arg,GGA,CGA
G115A,p.Gly115Ala,Gly,115,Ala,GGA,GCA
I116R,p.Ile116Arg,Ile,116,Arg,ATA,AGA
I116K,p.Ile116Lys,Ile,116,Lys,ATA,AAA
I116V,p.Ile116Val,Ile,116,Val,ATA,GTA
I116L,p.Ile116Leu,Ile,116,Leu,ATA,TTA
I116M,p.Ile116Met,Ile,116,Met,ATA,ATG
I116T,p.Ile116Thr,Ile,116,Thr,ATA,ACA
Q117H,p.Gln117His,Gln,117,His,CAG,CAT
Q117R,p.Gln117Arg,Gln,117,Arg,CAG,CGG
Q117P,p.Gln117Pro,Gln,117,Pro,CAG,CCG
Q117L,p.Gln117Leu,Gln,117,Leu,CAG,CTG
Q117X,p.Gln117Ter,Gln,117,Ter,CAG,TAG
Q117E,p.Gln117Glu,Gln,117,Glu,CAG,GAG
Q117K,p.Gln117Lys,Gln,117,Lys,CAG,AAG
E118G,p.Glu118Gly,Glu,118,Gly,GAA,GGA
E118K,p.Glu118Lys,Glu,118,Lys,GAA,AAA
E118V,p.Glu118Val,Glu,118,Val,GAA,GTA
E118D,p.Glu118Asp,Glu,118,Asp,GAA,GAT
E118X,p.Glu118Ter,Glu,118,Ter,GAA,TAA
E118Q,p.Glu118Gln,Glu,118,Gln,GAA,CAA
E118A,p.Glu118Ala,Glu,118,Ala,GAA,GCA
L119H,p.Leu119His,Leu,119,His,CTT,CAT
L119V,p.Leu119Val,Leu,119,Val,CTT,GTT
L119I,p.Leu119Ile,Leu,119,Ile,CTT,ATT
L119F,p.Leu119Phe,Leu,119,Phe,CTT,TTT
L119P,p.Leu119Pro,Leu,119,Pro,CTT,CCT
L119R,p.Leu119Arg,Leu,119,Arg,CTT,CGT
L120I,p.Leu120Ile,Leu,120,Ile,CTA,ATA
L120V,p.Leu120Val,Leu,120,Val,CTA,GTA
L120P,p.Leu120Pro,Leu,120,Pro,CTA,CCA
L120R,p.Leu120Arg,Leu,120,Arg,CTA,CGA
L120Q,p.Leu120Gln,Leu,120,Gln,CTA,CAA
N121Y,p.Asn121Tyr,Asn,121,Tyr,AAT,TAT
N121H,p.Asn121His,Asn,121,His,AAT,CAT
N121K,p.Asn121Lys,Asn,121,Lys,AAT,AAA
N121I,p.Asn121Ile,Asn,121,Ile,AAT,ATT
N121T,p.Asn121Thr,Asn,121,Thr,AAT,ACT
N121S,p.Asn121Ser,Asn,121,Ser,AAT,AGT
N121D,p.Asn121Asp,Asn,121,Asp,AAT,GAT
E122G,p.Glu122Gly,Glu,122,Gly,GAA,GGA
E122K,p.Glu122Lys,Glu,122,Lys,GAA,AAA
E122V,p.Glu122Val,Glu,122,Val,GAA,GTA
E122D,p.Glu122Asp,Glu,122,Asp,GAA,GAT
E122X,p.Glu122Ter,Glu,122,Ter,GAA,TAA
E122Q,p.Glu122Gln,Glu,122,Gln,GAA,CAA
E122A,p.Glu122Ala,Glu,122,Ala,GAA,GCA
P123L,p.Pro123Leu,Pro,123,Leu,CCA,CTA
P123T,p.Pro123Thr,Pro,123,Thr,CCA,ACA
P123A,p.Pro123Ala,Pro,123,Ala,CCA,GCA
P123S,p.Pro123Ser,Pro,123,Ser,CCA,TCA
P123R,p.Pro123Arg,Pro,123,Arg,CCA,CGA
P123Q,p.Pro123Gln,Pro,123,Gln,CCA,CAA
N124Y,p.Asn124Tyr,Asn,124,Tyr,AAT,TAT
N124H,p.Asn124His,Asn,124,His,AAT,CAT
N124K,p.Asn124Lys,Asn,124,Lys,AAT,AAA
N124I,p.Asn124Ile,Asn,124,Ile,AAT,ATT
N124T,p.Asn124Thr,Asn,124,Thr,AAT,ACT
N124S,p.Asn124Ser,Asn,124,Ser,AAT,AGT
N124D,p.Asn124Asp,Asn,124,Asp,AAT,GAT
I125N,p.Ile125Asn,Ile,125,Asn,ATC,AAC
I125V,p.Ile125Val,Ile,125,Val,ATC,GTC
I125T,p.Ile125Thr,Ile,125,Thr,ATC,ACC
I125M,p.Ile125Met,Ile,125,Met,ATC,ATG
I125L,p.Ile125Leu,Ile,125,Leu,ATC,CTC
I125F,p.Ile125Phe,Ile,125,Phe,ATC,TTC
I125S,p.Ile125Ser,Ile,125,Ser,ATC,AGC
Q126H,p.Gln126His,Gln,126,His,CAA,CAT
Q126L,p.Gln126Leu,Gln,126,Leu,CAA,CTA
Q126K,p.Gln126Lys,Gln,126,Lys,CAA,AAA
Q126E,p.Gln126Glu,Gln,126,Glu,CAA,GAA
Q126P,p.Gln126Pro,Gln,126,Pro,CAA,CCA
Q126X,p.Gln126Ter,Gln,126,Ter,CAA,TAA
Q126R,p.Gln126Arg,Gln,126,Arg,CAA,CGA
D127N,p.Asp127Asn,Asp,127,Asn,GAC,AAC
D127V,p.Asp127Val,Asp,127,Val,GAC,GTC
D127G,p.Asp127Gly,Asp,127,Gly,GAC,GGC
D127A,p.Asp127Ala,Asp,127,Ala,GAC,GCC
D127H,p.Asp127His,Asp,127,His,GAC,CAC
D127E,p.Asp127Glu,Asp,127,Glu,GAC,GAA
D127Y,p.Asp127Tyr,Asp,127,Tyr,GAC,TAC
P128L,p.Pro128Leu,Pro,128,Leu,CCA,CTA
P128T,p.Pro128Thr,Pro,128,Thr,CCA,ACA
P128A,p.Pro128Ala,Pro,128,Ala,CCA,GCA
P128S,p.Pro128Ser,Pro,128,Ser,CCA,TCA
P128R,p.Pro128Arg,Pro,128,Arg,CCA,CGA
P128Q,p.Pro128Gln,Pro,128,Gln,CCA,CAA
A129V,p.Ala129Val,Ala,129,Val,GCT,GTT
A129G,p.Ala129Gly,Ala,129,Gly,GCT,GGT
A129T,p.Ala129Thr,Ala,129,Thr,GCT,ACT
A129D,p.Ala129Asp,Ala,129,Asp,GCT,GAT
A129P,p.Ala129Pro,Ala,129,Pro,GCT,CCT
A129S,p.Ala129Ser,Ala,129,Ser,GCT,TCT
Q130H,p.Gln130His,Gln,130,His,CAA,CAT
Q130L,p.Gln130Leu,Gln,130,Leu,CAA,CTA
Q130K,p.Gln130Lys,Gln,130,Lys,CAA,AAA
Q130E,p.Gln130Glu,Gln,130,Glu,CAA,GAA
Q130P,p.Gln130Pro,Gln,130,Pro,CAA,CCA
Q130X,p.Gln130Ter,Gln,130,Ter,CAA,TAA
Q130R,p.Gln130Arg,Gln,130,Arg,CAA,CGA
A131G,p.Ala131Gly,Ala,131,Gly,GCA,GGA
A131V,p.Ala131Val,Ala,131,Val,GCA,GTA
A131T,p.Ala131Thr,Ala,131,Thr,GCA,ACA
A131E,p.Ala131Glu,Ala,131,Glu,GCA,GAA
A131P,p.Ala131Pro,Ala,131,Pro,GCA,CCA
A131S,p.Ala131Ser,Ala,131,Ser,GCA,TCA
E132V,p.Glu132Val,Glu,132,Val,GAG,GTG
E132A,p.Glu132Ala,Glu,132,Ala,GAG,GCG
E132X,p.Glu132Ter,Glu,132,Ter,GAG,TAG
E132D,p.Glu132Asp,Glu,132,Asp,GAG,GAT
E132K,p.Glu132Lys,Glu,132,Lys,GAG,AAG
E132G,p.Glu132Gly,Glu,132,Gly,GAG,GGG
E132Q,p.Glu132Gln,Glu,132,Gln,GAG,CAG
A133P,p.Ala133Pro,Ala,133,Pro,GCC,CCC
A133V,p.Ala133Val,Ala,133,Val,GCC,GTC
A133G,p.Ala133Gly,Ala,133,Gly,GCC,GGC
A133S,p.Ala133Ser,Ala,133,Ser,GCC,TCC
A133D,p.Ala133Asp,Ala,133,Asp,GCC,GAC
A133T,p.Ala133Thr,Ala,133,Thr,GCC,ACC
Y134N,p.Tyr134Asn,Tyr,134,Asn,TAC,AAC
Y134H,p.Tyr134His,Tyr,134,His,TAC,CAC
Y134S,p.Tyr134Ser,Tyr,134,Ser,TAC,TCC
Y134D,p.Tyr134Asp,Tyr,134,Asp,TAC,GAC
Y134C,p.Tyr134Cys,Tyr,134,Cys,TAC,TGC
Y134X,p.Tyr134Ter,Tyr,134,Ter,TAC,TAA
Y134F,p.Tyr134Phe,Tyr,134,Phe,TAC,TTC
T135S,p.Thr135Ser,Thr,135,Ser,ACG,TCG
T135P,p.Thr135Pro,Thr,135,Pro,ACG,CCG
T135A,p.Thr135Ala,Thr,135,Ala,ACG,GCG
T135M,p.Thr135Met,Thr,135,Met,ACG,ATG
T135K,p.Thr135Lys,Thr,135,Lys,ACG,AAG
T135R,p.Thr135Arg,Thr,135,Arg,ACG,AGG
I136L,p.Ile136Leu,Ile,136,Leu,ATT,CTT
I136V,p.Ile136Val,Ile,136,Val,ATT,GTT
I136M,p.Ile136Met,Ile,136,Met,ATT,ATG
I136T,p.Ile136Thr,Ile,136,Thr,ATT,ACT
I136N,p.Ile136Asn,Ile,136,Asn,ATT,AAT
I136S,p.Ile136Ser,Ile,136,Ser,ATT,AGT
I136F,p.Ile136Phe,Ile,136,Phe,ATT,TTT
Y137N,p.Tyr137Asn,Tyr,137,Asn,TAC,AAC
Y137H,p.Tyr137His,Tyr,137,His,TAC,CAC
Y137S,p.Tyr137Ser,Tyr,137,Ser,TAC,TCC
Y137D,p.Tyr137Asp,Tyr,137,Asp,TAC,GAC
Y137C,p.Tyr137Cys,Tyr,137,Cys,TAC,TGC
Y137X,p.Tyr137Ter,Tyr,137,Ter,TAC,TAA
Y137F,p.Tyr137Phe,Tyr,137,Phe,TAC,TTC
C138X,p.Cys138Ter,Cys,138,Ter,TGC,TGA
C138W,p.Cys138Trp,Cys,138,Trp,TGC,TGG
C138G,p.Cys138Gly,Cys,138,Gly,TGC,GGC
C138R,p.Cys138Arg,Cys,138,Arg,TGC,CGC
C138F,p.Cys138Phe,Cys,138,Phe,TGC,TTC
C138S,p.Cys138Ser,Cys,138,Ser,TGC,AGC
C138Y,p.Cys138Tyr,Cys,138,Tyr,TGC,TAC
Q139H,p.Gln139His,Gln,139,His,CAA,CAT
Q139L,p.Gln139Leu,Gln,139,Leu,CAA,CTA
Q139K,p.Gln139Lys,Gln,139,Lys,CAA,AAA
Q139E,p.Gln139Glu,Gln,139,Glu,CAA,GAA
Q139P,p.Gln139Pro,Gln,139,Pro,CAA,CCA
Q139X,p.Gln139Ter,Gln,139,Ter,CAA,TAA
Q139R,p.Gln139Arg,Gln,139,Arg,CAA,CGA
N140I,p.Asn140Ile,Asn,140,Ile,AAC,ATC
N140H,p.Asn140His,Asn,140,His,AAC,CAC
N140K,p.Asn140Lys,Asn,140,Lys,AAC,AAA
N140D,p.Asn140Asp,Asn,140,Asp,AAC,GAC
N140T,p.Asn140Thr,Asn,140,Thr,AAC,ACC
N140S,p.Asn140Ser,Asn,140,Ser,AAC,AGC
N140Y,p.Asn140Tyr,Asn,140,Tyr,AAC,TAC
R141X,p.Arg141Ter,Arg,141,Ter,AGA,TGA
R141G,p.Arg141Gly,Arg,141,Gly,AGA,GGA
R141I,p.Arg141Ile,Arg,141,Ile,AGA,ATA
R141K,p.Arg141Lys,Arg,141,Lys,AGA,AAA
R141T,p.Arg141Thr,Arg,141,Thr,AGA,ACA
R141S,p.Arg141Ser,Arg,141,Ser,AGA,AGT
V142A,p.Val142Ala,Val,142,Ala,GTG,GCG
V142L,p.Val142Leu,Val,142,Leu,GTG,TTG
V142M,p.Val142Met,Val,142,Met,GTG,ATG
V142E,p.Val142Glu,Val,142,Glu,GTG,GAG
V142G,p.Val142Gly,Val,142,Gly,GTG,GGG
E143V,p.Glu143Val,Glu,143,Val,GAG,GTG
E143A,p.Glu143Ala,Glu,143,Ala,GAG,GCG
E143X,p.Glu143Ter,Glu,143,Ter,GAG,TAG
E143D,p.Glu143Asp,Glu,143,Asp,GAG,GAT
E143K,p.Glu143Lys,Glu,143,Lys,GAG,AAG
E143G,p.Glu143Gly,Glu,143,Gly,GAG,GGG
E143Q,p.Glu143Gln,Glu,143,Gln,GAG,CAG
Y144N,p.Tyr144Asn,Tyr,144,Asn,TAC,AAC
Y144H,p.Tyr144His,Tyr,144,His,TAC,CAC
Y144S,p.Tyr144Ser,Tyr,144,Ser,TAC,TCC
Y144D,p.Tyr144Asp,Tyr,144,Asp,TAC,GAC
Y144C,p.Tyr144Cys,Tyr,144,Cys,TAC,TGC
Y144X,p.Tyr144Ter,Tyr,144,Ter,TAC,TAA
Y144F,p.Tyr144Phe,Tyr,144,Phe,TAC,TTC
E145V,p.Glu145Val,Glu,145,Val,GAG,GTG
E145A,p.Glu145Ala,Glu,145,Ala,GAG,GCG
E145X,p.Glu145Ter,Glu,145,Ter,GAG,TAG
E145D,p.Glu145Asp,Glu,145,Asp,GAG,GAT
E145K,p.Glu145Lys,Glu,145,Lys,GAG,AAG
E145G,p.Glu145Gly,Glu,145,Gly,GAG,GGG
E145Q,p.Glu145Gln,Glu,145,Gln,GAG,CAG
K146R,p.Lys146Arg,Lys,146,Arg,AAA,AGA
K146I,p.Lys146Ile,Lys,146,Ile,AAA,ATA
K146T,p.Lys146Thr,Lys,146,Thr,AAA,ACA
K146N,p.Lys146Asn,Lys,146,Asn,AAA,AAT
K146E,p.Lys146Glu,Lys,146,Glu,AAA,GAA
K146X,p.Lys146Ter,Lys,146,Ter,AAA,TAA
K146Q,p.Lys146Gln,Lys,146,Gln,AAA,CAA
R147T,p.Arg147Thr,Arg,147,Thr,AGG,ACG
R147W,p.Arg147Trp,Arg,147,Trp,AGG,TGG
R147M,p.Arg147Met,Arg,147,Met,AGG,ATG
R147S,p.Arg147Ser,Arg,147,Ser,AGG,AGT
R147K,p.Arg147Lys,Arg,147,Lys,AGG,AAG
R147G,p.Arg147Gly,Arg,147,Gly,AGG,GGG
V148G,p.Val148Gly,Val,148,Gly,GTC,GGC
V148I,p.Val148Ile,Val,148,Ile,GTC,ATC
V148A,p.Val148Ala,Val,148,Ala,GTC,GCC
V148D,p.Val148Asp,Val,148,Asp,GTC,GAC
V148L,p.Val148Leu,Val,148,Leu,GTC,CTC
V148F,p.Val148Phe,Val,148,Phe,GTC,TTC
R149X,p.Arg149Ter,Arg,149,Ter,CGA,TGA
R149G,p.Arg149Gly,Arg,149,Gly,CGA,GGA
R149L,p.Arg149Leu,Arg,149,Leu,CGA,CTA
R149P,p.Arg149Pro,Arg,149,Pro,CGA,CCA
R149Q,p.Arg149Gln,Arg,149,Gln,CGA,CAA
A150G,p.Ala150Gly,Ala,150,Gly,GCA,GGA
A150V,p.Ala150Val,Ala,150,Val,GCA,GTA
A150T,p.Ala150Thr,Ala,150,Thr,GCA,ACA
A150E,p.Ala150Glu,Ala,150,Glu,GCA,GAA
A150P,p.Ala150Pro,Ala,150,Pro,GCA,CCA
A150S,p.Ala150Ser,Ala,150,Ser,GCA,TCA
Q151H,p.Gln151His,Gln,151,His,CAA,CAT
Q151L,p.Gln151Leu,Gln,151,Leu,CAA,CTA
Q151K,p.Gln151Lys,Gln,151,Lys,CAA,AAA
Q151E,p.Gln151Glu,Gln,151,Glu,CAA,GAA
Q151P,p.Gln151Pro,Gln,151,Pro,CAA,CCA
Q151X,p.Gln151Ter,Gln,151,Ter,CAA,TAA
Q151R,p.Gln151Arg,Gln,151,Arg,CAA,CGA
A152P,p.Ala152Pro,Ala,152,Pro,GCC,CCC
A152V,p.Ala152Val,Ala,152,Val,GCC,GTC
A152G,p.Ala152Gly,Ala,152,Gly,GCC,GGC
A152S,p.Ala152Ser,Ala,152,Ser,GCC,TCC
A152D,p.Ala152Asp,Ala,152,Asp,GCC,GAC
A152T,p.Ala152Thr,Ala,152,Thr,GCC,ACC
K153T,p.Lys153Thr,Lys,153,Thr,AAG,ACG
K153M,p.Lys153Met,Lys,153,Met,AAG,ATG
K153N,p.Lys153Asn,Lys,153,Asn,AAG,AAT
K153E,p.Lys153Glu,Lys,153,Glu,AAG,GAG
K153X,p.Lys153Ter,Lys,153,Ter,AAG,TAG
K153R,p.Lys153Arg,Lys,153,Arg,AAG,AGG
K153Q,p.Lys153Gln,Lys,153,Gln,AAG,CAG
K154T,p.Lys154Thr,Lys,154,Thr,AAG,ACG
K154M,p.Lys154Met,Lys,154,Met,AAG,ATG
K154N,p.Lys154Asn,Lys,154,Asn,AAG,AAT
K154E,p.Lys154Glu,Lys,154,Glu,AAG,GAG
K154X,p.Lys154Ter,Lys,154,Ter,AAG,TAG
K154R,p.Lys154Arg,Lys,154,Arg,AAG,AGG
K154Q,p.Lys154Gln,Lys,154,Gln,AAG,CAG
F155Y,p.Phe155Tyr,Phe,155,Tyr,TTT,TAT
F155L,p.Phe155Leu,Phe,155,Leu,TTT,CTT
F155V,p.Phe155Val,Phe,155,Val,TTT,GTT
F155C,p.Phe155Cys,Phe,155,Cys,TTT,TGT
F155I,p.Phe155Ile,Phe,155,Ile,TTT,ATT
F155S,p.Phe155Ser,Phe,155,Ser,TTT,TCT
A156V,p.Ala156Val,Ala,156,Val,GCG,GTG
A156S,p.Ala156Ser,Ala,156,Ser,GCG,TCG
A156T,p.Ala156Thr,Ala,156,Thr,GCG,ACG
A156P,p.Ala156Pro,Ala,156,Pro,GCG,CCG
A156E,p.Ala156Glu,Ala,156,Glu,GCG,GAG
A156G,p.Ala156Gly,Ala,156,Gly,GCG,GGG
P157A,p.Pro157Ala,Pro,157,Ala,CCC,GCC
P157H,p.Pro157His,Pro,157,His,CCC,CAC
P157S,p.Pro157Ser,Pro,157,Ser,CCC,TCC
P157L,p.Pro157Leu,Pro,157,Leu,CCC,CTC
P157R,p.Pro157Arg,Pro,157,Arg,CCC,CGC
P157T,p.Pro157Thr,Pro,157,Thr,CCC,ACC
S158L,p.Ser158Leu,Ser,158,Leu,TCA,TTA
S158T,p.Ser158Thr,Ser,158,Thr,TCA,ACA
S158P,p.Ser158Pro,Ser,158,Pro,TCA,CCA
S158X,p.Ser158Ter,Ser,158,Ter,TCA,TAA
S158A,p.Ser158Ala,Ser,158,Ala,TCA,GCA
X159Y,p.Ter159Tyr,Ter,159,Tyr,TAA,TAT
X159K,p.Ter159Lys,Ter,159,Lys,TAA,AAA
X159L,p.Ter159Leu,Ter,159,Leu,TAA,TTA
X159E,p.Ter159Glu,Ter,159,Glu,TAA,GAA
X159S,p.Ter159Ser,Ter,159,Ser,TAA,TCA
X159Q,p.Ter159Gln,Ter,159,Gln,TAA,CAA
