p.His1Asn,His,1,Asn,CAC,AAC
p.His1Gln,His,1,Gln,CAC,CAA
p.His1Arg,His,1,Arg,CAC,CGC
p.His1Asp,His,1,Asp,CAC,GAC
p.His1Pro,His,1,Pro,CAC,CCC
p.His1Tyr,His,1,Tyr,CAC,TAC
p.His1Leu,His,1,Leu,CAC,CTC
p.Leu2Ter,Leu,2,Ter,TTG,TAG
p.Leu2Trp,Leu,2,Trp,TTG,TGG
p.Leu2Met,Leu,2,Met,TTG,ATG
p.Leu2Val,Leu,2,Val,TTG,GTG
p.Leu2Phe,Leu,2,Phe,TTG,TTT
p.Leu2Ser,Leu,2,Ser,TTG,TCG
p.Val3Asp,Val,3,Asp,GTC,GAC
p.Val3Ala,Val,3,Ala,GTC,GCC
p.Val3Phe,Val,3,Phe,GTC,TTC
p.Val3Ile,Val,3,Ile,GTC,ATC
p.Val3Gly,Val,3,Gly,GTC,GGC
p.Val3Leu,Val,3,Leu,GTC,CTC
p.Leu4Ter,Leu,4,Ter,TTG,TAG
p.Leu4Trp,Leu,4,Trp,TTG,TGG
p.Leu4Met,Leu,4,Met,TTG,ATG
p.Leu4Val,Leu,4,Val,TTG,GTG
p.Leu4Phe,Leu,4,Phe,TTG,TTT
p.Leu4Ser,Leu,4,Ser,TTG,TCG
p.Arg5Gly,Arg,5,Gly,AGA,GGA
p.Arg5Ile,Arg,5,Ile,AGA,ATA
p.Arg5Lys,Arg,5,Lys,AGA,AAA
p.Arg5Ter,Arg,5,Ter,AGA,TGA
p.Arg5Ser,Arg,5,Ser,AGA,AGT
p.Arg5Thr,Arg,5,Thr,AGA,ACA
p.Leu6Ter,Leu,6,Ter,TTG,TAG
p.Leu6Trp,Leu,6,Trp,TTG,TGG
p.Leu6Met,Leu,6,Met,TTG,ATG
p.Leu6Val,Leu,6,Val,TTG,GTG
p.Leu6Phe,Leu,6,Phe,TTG,TTT
p.Leu6Ser,Leu,6,Ser,TTG,TCG
p.Arg7Gly,Arg,7,Gly,AGA,GGA
p.Arg7Ile,Arg,7,Ile,AGA,ATA
p.Arg7Lys,Arg,7,Lys,AGA,AAA
p.Arg7Ter,Arg,7,Ter,AGA,TGA
p.Arg7Ser,Arg,7,Ser,AGA,AGT
p.Arg7Thr,Arg,7,Thr,AGA,ACA
p.Gly8Ala,Gly,8,Ala,GGT,GCT
p.Gly8Cys,Gly,8,Cys,GGT,TGT
p.Gly8Ser,Gly,8,Ser,GGT,AGT
p.Gly8Val,Gly,8,Val,GGT,GTT
p.Gly8Asp,Gly,8,Asp,GGT,GAT
p.Gly8Arg,Gly,8,Arg,GGT,CGT
p.Gly9Ala,Gly,9,Ala,GGT,GCT
p.Gly9Cys,Gly,9,Cys,GGT,TGT
p.Gly9Ser,Gly,9,Ser,GGT,AGT
p.Gly9Val,Gly,9,Val,GGT,GTT
p.Gly9Asp,Gly,9,Asp,GGT,GAT
p.Gly9Arg,Gly,9,Arg,GGT,CGT
