p.Ile1Lys,Ile,1,Lys,ATA,AAA
p.Ile1Arg,Ile,1,Arg,ATA,AGA
p.Ile1Val,Ile,1,Val,ATA,GTA
p.Ile1Met,Ile,1,Met,ATA,ATG
p.Ile1Thr,Ile,1,Thr,ATA,ACA
p.Ile1Leu,Ile,1,Leu,ATA,TTA
p.Glu2Lys,Glu,2,Lys,GAG,AAG
p.Glu2Gln,Glu,2,Gln,GAG,CAG
p.Glu2Asp,Glu,2,Asp,GAG,GAT
p.Glu2Ter,Glu,2,Ter,GAG,TAG
p.Glu2Val,Glu,2,Val,GAG,GTG
p.Glu2Ala,Glu,2,Ala,GAG,GCG
p.Glu2Gly,Glu,2,Gly,GAG,GGG
p.Lys3Gln,Lys,3,Gln,AAG,CAG
p.Lys3Glu,Lys,3,Glu,AAG,GAG
p.Lys3Asn,Lys,3,Asn,AAG,AAT
p.Lys3Thr,Lys,3,Thr,AAG,ACG
p.Lys3Ter,Lys,3,Ter,AAG,TAG
p.Lys3Met,Lys,3,Met,AAG,ATG
p.Lys3Arg,Lys,3,Arg,AAG,AGG
p.Phe4Ser,Phe,4,Ser,TTT,TCT
p.Phe4Cys,Phe,4,Cys,TTT,TGT
p.Phe4Leu,Phe,4,Leu,TTT,CTT
p.Phe4Ile,Phe,4,Ile,TTT,ATT
p.Phe4Val,Phe,4,Val,TTT,GTT
p.Phe4Tyr,Phe,4,Tyr,TTT,TAT
p.Lys5Ile,Lys,5,Ile,AAA,ATA
p.Lys5Glu,Lys,5,Glu,AAA,GAA
p.Lys5Asn,Lys,5,Asn,AAA,AAT
p.Lys5Gln,Lys,5,Gln,AAA,CAA
p.Lys5Arg,Lys,5,Arg,AAA,AGA
p.Lys5Thr,Lys,5,Thr,AAA,ACA
p.Lys5Ter,Lys,5,Ter,AAA,TAA
p.Leu6His,Leu,6,His,CTT,CAT
p.Leu6Ile,Leu,6,Ile,CTT,ATT
p.Leu6Pro,Leu,6,Pro,CTT,CCT
p.Leu6Val,Leu,6,Val,CTT,GTT
p.Leu6Phe,Leu,6,Phe,CTT,TTT
p.Leu6Arg,Leu,6,Arg,CTT,CGT
p.Leu7His,Leu,7,His,CTT,CAT
p.Leu7Ile,Leu,7,Ile,CTT,ATT
p.Leu7Pro,Leu,7,Pro,CTT,CCT
p.Leu7Val,Leu,7,Val,CTT,GTT
p.Leu7Phe,Leu,7,Phe,CTT,TTT
p.Leu7Arg,Leu,7,Arg,CTT,CGT
p.Ala8Gly,Ala,8,Gly,GCA,GGA
p.Ala8Glu,Ala,8,Glu,GCA,GAA
p.Ala8Ser,Ala,8,Ser,GCA,TCA
p.Ala8Val,Ala,8,Val,GCA,GTA
p.Ala8Thr,Ala,8,Thr,GCA,ACA
p.Ala8Pro,Ala,8,Pro,GCA,CCA
p.Glu9Lys,Glu,9,Lys,GAG,AAG
p.Glu9Gln,Glu,9,Gln,GAG,CAG
p.Glu9Asp,Glu,9,Asp,GAG,GAT
p.Glu9Ter,Glu,9,Ter,GAG,TAG
p.Glu9Val,Glu,9,Val,GAG,GTG
p.Glu9Ala,Glu,9,Ala,GAG,GCG
p.Glu9Gly,Glu,9,Gly,GAG,GGG
p.Lys10Ile,Lys,10,Ile,AAA,ATA
p.Lys10Glu,Lys,10,Glu,AAA,GAA
p.Lys10Asn,Lys,10,Asn,AAA,AAT
p.Lys10Gln,Lys,10,Gln,AAA,CAA
p.Lys10Arg,Lys,10,Arg,AAA,AGA
p.Lys10Thr,Lys,10,Thr,AAA,ACA
p.Lys10Ter,Lys,10,Ter,AAA,TAA
p.Val11Glu,Val,11,Glu,GTG,GAG
p.Val11Leu,Val,11,Leu,GTG,TTG
p.Val11Met,Val,11,Met,GTG,ATG
p.Val11Ala,Val,11,Ala,GTG,GCG
p.Val11Gly,Val,11,Gly,GTG,GGG
p.Glu12Lys,Glu,12,Lys,GAG,AAG
p.Glu12Gln,Glu,12,Gln,GAG,CAG
p.Glu12Asp,Glu,12,Asp,GAG,GAT
p.Glu12Ter,Glu,12,Ter,GAG,TAG
p.Glu12Val,Glu,12,Val,GAG,GTG
p.Glu12Ala,Glu,12,Ala,GAG,GCG
p.Glu12Gly,Glu,12,Gly,GAG,GGG
p.Glu13Gly,Glu,13,Gly,GAA,GGA
p.Glu13Ala,Glu,13,Ala,GAA,GCA
p.Glu13Asp,Glu,13,Asp,GAA,GAT
p.Glu13Lys,Glu,13,Lys,GAA,AAA
p.Glu13Gln,Glu,13,Gln,GAA,CAA
p.Glu13Val,Glu,13,Val,GAA,GTA
p.Glu13Ter,Glu,13,Ter,GAA,TAA
p.Ile14Asn,Ile,14,Asn,ATC,AAC
p.Ile14Thr,Ile,14,Thr,ATC,ACC
p.Ile14Phe,Ile,14,Phe,ATC,TTC
p.Ile14Met,Ile,14,Met,ATC,ATG
p.Ile14Val,Ile,14,Val,ATC,GTC
p.Ile14Ser,Ile,14,Ser,ATC,AGC
p.Ile14Leu,Ile,14,Leu,ATC,CTC
p.Val15Glu,Val,15,Glu,GTG,GAG
p.Val15Leu,Val,15,Leu,GTG,TTG
p.Val15Met,Val,15,Met,GTG,ATG
p.Val15Ala,Val,15,Ala,GTG,GCG
p.Val15Gly,Val,15,Gly,GTG,GGG
p.Ala16Gly,Ala,16,Gly,GCA,GGA
p.Ala16Glu,Ala,16,Glu,GCA,GAA
p.Ala16Ser,Ala,16,Ser,GCA,TCA
p.Ala16Val,Ala,16,Val,GCA,GTA
p.Ala16Thr,Ala,16,Thr,GCA,ACA
p.Ala16Pro,Ala,16,Pro,GCA,CCA
p.Lys17Gln,Lys,17,Gln,AAG,CAG
p.Lys17Glu,Lys,17,Glu,AAG,GAG
p.Lys17Asn,Lys,17,Asn,AAG,AAT
p.Lys17Thr,Lys,17,Thr,AAG,ACG
p.Lys17Ter,Lys,17,Ter,AAG,TAG
p.Lys17Met,Lys,17,Met,AAG,ATG
p.Lys17Arg,Lys,17,Arg,AAG,AGG
p.Asn18Lys,Asn,18,Lys,AAT,AAA
p.Asn18His,Asn,18,His,AAT,CAT
p.Asn18Ile,Asn,18,Ile,AAT,ATT
p.Asn18Ser,Asn,18,Ser,AAT,AGT
p.Asn18Asp,Asn,18,Asp,AAT,GAT
p.Asn18Tyr,Asn,18,Tyr,AAT,TAT
p.Asn18Thr,Asn,18,Thr,AAT,ACT
p.Ala19Glu,Ala,19,Glu,GCG,GAG
p.Ala19Thr,Ala,19,Thr,GCG,ACG
p.Ala19Pro,Ala,19,Pro,GCG,CCG
p.Ala19Gly,Ala,19,Gly,GCG,GGG
p.Ala19Val,Ala,19,Val,GCG,GTG
p.Ala19Ser,Ala,19,Ser,GCG,TCG
p.Arg20Gln,Arg,20,Gln,CGG,CAG
p.Arg20Pro,Arg,20,Pro,CGG,CCG
p.Arg20Trp,Arg,20,Trp,CGG,TGG
p.Arg20Leu,Arg,20,Leu,CGG,CTG
p.Arg20Gly,Arg,20,Gly,CGG,GGG
p.Ala21Gly,Ala,21,Gly,GCA,GGA
p.Ala21Glu,Ala,21,Glu,GCA,GAA
p.Ala21Ser,Ala,21,Ser,GCA,TCA
p.Ala21Val,Ala,21,Val,GCA,GTA
p.Ala21Thr,Ala,21,Thr,GCA,ACA
p.Ala21Pro,Ala,21,Pro,GCA,CCA
p.Glu22Gly,Glu,22,Gly,GAA,GGA
p.Glu22Ala,Glu,22,Ala,GAA,GCA
p.Glu22Asp,Glu,22,Asp,GAA,GAT
p.Glu22Lys,Glu,22,Lys,GAA,AAA
p.Glu22Gln,Glu,22,Gln,GAA,CAA
p.Glu22Val,Glu,22,Val,GAA,GTA
p.Glu22Ter,Glu,22,Ter,GAA,TAA
p.Ile23Lys,Ile,23,Lys,ATA,AAA
p.Ile23Arg,Ile,23,Arg,ATA,AGA
p.Ile23Val,Ile,23,Val,ATA,GTA
p.Ile23Met,Ile,23,Met,ATA,ATG
p.Ile23Thr,Ile,23,Thr,ATA,ACA
p.Ile23Leu,Ile,23,Leu,ATA,TTA
p.Asp24Asn,Asp,24,Asn,GAC,AAC
p.Asp24Glu,Asp,24,Glu,GAC,GAA
p.Asp24Val,Asp,24,Val,GAC,GTC
p.Asp24Ala,Asp,24,Ala,GAC,GCC
p.Asp24Tyr,Asp,24,Tyr,GAC,TAC
p.Asp24His,Asp,24,His,GAC,CAC
p.Asp24Gly,Asp,24,Gly,GAC,GGC
p.Tyr25Asn,Tyr,25,Asn,TAC,AAC
p.Tyr25Ser,Tyr,25,Ser,TAC,TCC
p.Tyr25Cys,Tyr,25,Cys,TAC,TGC
p.Tyr25Phe,Tyr,25,Phe,TAC,TTC
p.Tyr25Asp,Tyr,25,Asp,TAC,GAC
p.Tyr25Ter,Tyr,25,Ter,TAC,TAA
p.Tyr25His,Tyr,25,His,TAC,CAC
p.Ser26Asn,Ser,26,Asn,AGC,AAC
p.Ser26Thr,Ser,26,Thr,AGC,ACC
p.Ser26Cys,Ser,26,Cys,AGC,TGC
p.Ser26Arg,Ser,26,Arg,AGC,CGC
p.Ser26Ile,Ser,26,Ile,AGC,ATC
p.Ser26Gly,Ser,26,Gly,AGC,GGC
p.Asp27Glu,Asp,27,Glu,GAT,GAA
p.Asp27Ala,Asp,27,Ala,GAT,GCT
p.Asp27Asn,Asp,27,Asn,GAT,AAT
p.Asp27His,Asp,27,His,GAT,CAT
p.Asp27Val,Asp,27,Val,GAT,GTT
p.Asp27Gly,Asp,27,Gly,GAT,GGT
p.Asp27Tyr,Asp,27,Tyr,GAT,TAT
p.Ala28Ser,Ala,28,Ser,GCC,TCC
p.Ala28Thr,Ala,28,Thr,GCC,ACC
p.Ala28Asp,Ala,28,Asp,GCC,GAC
p.Ala28Pro,Ala,28,Pro,GCC,CCC
p.Ala28Gly,Ala,28,Gly,GCC,GGC
p.Ala28Val,Ala,28,Val,GCC,GTC
p.Pro29Gln,Pro,29,Gln,CCG,CAG
p.Pro29Thr,Pro,29,Thr,CCG,ACG
p.Pro29Arg,Pro,29,Arg,CCG,CGG
p.Pro29Leu,Pro,29,Leu,CCG,CTG
p.Pro29Ala,Pro,29,Ala,CCG,GCG
p.Pro29Ser,Pro,29,Ser,CCG,TCG
p.Asp30Asn,Asp,30,Asn,GAC,AAC
p.Asp30Glu,Asp,30,Glu,GAC,GAA
p.Asp30Val,Asp,30,Val,GAC,GTC
p.Asp30Ala,Asp,30,Ala,GAC,GCC
p.Asp30Tyr,Asp,30,Tyr,GAC,TAC
p.Asp30His,Asp,30,His,GAC,CAC
p.Asp30Gly,Asp,30,Gly,GAC,GGC
p.Glu31Lys,Glu,31,Lys,GAG,AAG
p.Glu31Gln,Glu,31,Gln,GAG,CAG
p.Glu31Asp,Glu,31,Asp,GAG,GAT
p.Glu31Ter,Glu,31,Ter,GAG,TAG
p.Glu31Val,Glu,31,Val,GAG,GTG
p.Glu31Ala,Glu,31,Ala,GAG,GCG
p.Glu31Gly,Glu,31,Gly,GAG,GGG
p.Phe32Ser,Phe,32,Ser,TTC,TCC
p.Phe32Ile,Phe,32,Ile,TTC,ATC
p.Phe32Cys,Phe,32,Cys,TTC,TGC
p.Phe32Tyr,Phe,32,Tyr,TTC,TAC
p.Phe32Val,Phe,32,Val,TTC,GTC
p.Phe32Leu,Phe,32,Leu,TTC,CTC
p.Arg33Gly,Arg,33,Gly,AGA,GGA
p.Arg33Ile,Arg,33,Ile,AGA,ATA
p.Arg33Lys,Arg,33,Lys,AGA,AAA
p.Arg33Ter,Arg,33,Ter,AGA,TGA
p.Arg33Ser,Arg,33,Ser,AGA,AGT
p.Arg33Thr,Arg,33,Thr,AGA,ACA
p.Asp34Asn,Asp,34,Asn,GAC,AAC
p.Asp34Glu,Asp,34,Glu,GAC,GAA
p.Asp34Val,Asp,34,Val,GAC,GTC
p.Asp34Ala,Asp,34,Ala,GAC,GCC
p.Asp34Tyr,Asp,34,Tyr,GAC,TAC
p.Asp34His,Asp,34,His,GAC,CAC
p.Asp34Gly,Asp,34,Gly,GAC,GGC
p.Pro35Ser,Pro,35,Ser,CCT,TCT
p.Pro35Ala,Pro,35,Ala,CCT,GCT
p.Pro35His,Pro,35,His,CCT,CAT
p.Pro35Leu,Pro,35,Leu,CCT,CTT
p.Pro35Arg,Pro,35,Arg,CCT,CGT
p.Pro35Thr,Pro,35,Thr,CCT,ACT
p.Leu36Gln,Leu,36,Gln,CTG,CAG
p.Leu36Pro,Leu,36,Pro,CTG,CCG
p.Leu36Val,Leu,36,Val,CTG,GTG
p.Leu36Met,Leu,36,Met,CTG,ATG
p.Leu36Arg,Leu,36,Arg,CTG,CGG
p.Met37Lys,Met,37,Lys,ATG,AAG
p.Met37Thr,Met,37,Thr,ATG,ACG
p.Met37Leu,Met,37,Leu,ATG,TTG
p.Met37Ile,Met,37,Ile,ATG,ATT
p.Met37Val,Met,37,Val,ATG,GTG
p.Met37Arg,Met,37,Arg,ATG,AGG
p.Asp38Asn,Asp,38,Asn,GAC,AAC
p.Asp38Glu,Asp,38,Glu,GAC,GAA
p.Asp38Val,Asp,38,Val,GAC,GTC
p.Asp38Ala,Asp,38,Ala,GAC,GCC
p.Asp38Tyr,Asp,38,Tyr,GAC,TAC
p.Asp38His,Asp,38,His,GAC,CAC
p.Asp38Gly,Asp,38,Gly,GAC,GGC
p.Thr39Asn,Thr,39,Asn,ACC,AAC
p.Thr39Ser,Thr,39,Ser,ACC,TCC
p.Thr39Pro,Thr,39,Pro,ACC,CCC
p.Thr39Ala,Thr,39,Ala,ACC,GCC
p.Thr39Ile,Thr,39,Ile,ACC,ATC
p.Leu40Gln,Leu,40,Gln,CTG,CAG
p.Leu40Pro,Leu,40,Pro,CTG,CCG
p.Leu40Val,Leu,40,Val,CTG,GTG
p.Leu40Met,Leu,40,Met,CTG,ATG
p.Leu40Arg,Leu,40,Arg,CTG,CGG
p.Met41Lys,Met,41,Lys,ATG,AAG
p.Met41Thr,Met,41,Thr,ATG,ACG
p.Met41Leu,Met,41,Leu,ATG,TTG
p.Met41Ile,Met,41,Ile,ATG,ATT
p.Met41Val,Met,41,Val,ATG,GTG
p.Met41Arg,Met,41,Arg,ATG,AGG
p.Thr42Asn,Thr,42,Asn,ACC,AAC
p.Thr42Ser,Thr,42,Ser,ACC,TCC
p.Thr42Pro,Thr,42,Pro,ACC,CCC
p.Thr42Ala,Thr,42,Ala,ACC,GCC
p.Thr42Ile,Thr,42,Ile,ACC,ATC
p.Asp43Glu,Asp,43,Glu,GAT,GAA
p.Asp43Ala,Asp,43,Ala,GAT,GCT
p.Asp43Asn,Asp,43,Asn,GAT,AAT
p.Asp43His,Asp,43,His,GAT,CAT
p.Asp43Val,Asp,43,Val,GAT,GTT
p.Asp43Gly,Asp,43,Gly,GAT,GGT
p.Asp43Tyr,Asp,43,Tyr,GAT,TAT
p.Pro44Ser,Pro,44,Ser,CCC,TCC
p.Pro44Thr,Pro,44,Thr,CCC,ACC
p.Pro44Arg,Pro,44,Arg,CCC,CGC
p.Pro44Ala,Pro,44,Ala,CCC,GCC
p.Pro44His,Pro,44,His,CCC,CAC
p.Pro44Leu,Pro,44,Leu,CCC,CTC
p.Val45Glu,Val,45,Glu,GTG,GAG
p.Val45Leu,Val,45,Leu,GTG,TTG
p.Val45Met,Val,45,Met,GTG,ATG
p.Val45Ala,Val,45,Ala,GTG,GCG
p.Val45Gly,Val,45,Gly,GTG,GGG
p.Arg46Gly,Arg,46,Gly,AGA,GGA
p.Arg46Ile,Arg,46,Ile,AGA,ATA
p.Arg46Lys,Arg,46,Lys,AGA,AAA
p.Arg46Ter,Arg,46,Ter,AGA,TGA
p.Arg46Ser,Arg,46,Ser,AGA,AGT
p.Arg46Thr,Arg,46,Thr,AGA,ACA
p.Leu47Gln,Leu,47,Gln,CTG,CAG
p.Leu47Pro,Leu,47,Pro,CTG,CCG
p.Leu47Val,Leu,47,Val,CTG,GTG
p.Leu47Met,Leu,47,Met,CTG,ATG
p.Leu47Arg,Leu,47,Arg,CTG,CGG
p.Pro48Ser,Pro,48,Ser,CCC,TCC
p.Pro48Thr,Pro,48,Thr,CCC,ACC
p.Pro48Arg,Pro,48,Arg,CCC,CGC
p.Pro48Ala,Pro,48,Ala,CCC,GCC
p.Pro48His,Pro,48,His,CCC,CAC
p.Pro48Leu,Pro,48,Leu,CCC,CTC
p.Ser49Ala,Ser,49,Ala,TCT,GCT
p.Ser49Cys,Ser,49,Cys,TCT,TGT
p.Ser49Pro,Ser,49,Pro,TCT,CCT
p.Ser49Phe,Ser,49,Phe,TCT,TTT
p.Ser49Tyr,Ser,49,Tyr,TCT,TAT
p.Ser49Thr,Ser,49,Thr,TCT,ACT
p.Gly50Cys,Gly,50,Cys,GGC,TGC
p.Gly50Arg,Gly,50,Arg,GGC,CGC
p.Gly50Asp,Gly,50,Asp,GGC,GAC
p.Gly50Ala,Gly,50,Ala,GGC,GCC
p.Gly50Val,Gly,50,Val,GGC,GTC
p.Gly50Ser,Gly,50,Ser,GGC,AGC
p.Thr51Asn,Thr,51,Asn,ACC,AAC
p.Thr51Ser,Thr,51,Ser,ACC,TCC
p.Thr51Pro,Thr,51,Pro,ACC,CCC
p.Thr51Ala,Thr,51,Ala,ACC,GCC
p.Thr51Ile,Thr,51,Ile,ACC,ATC
p.Val52Asp,Val,52,Asp,GTC,GAC
p.Val52Ala,Val,52,Ala,GTC,GCC
p.Val52Phe,Val,52,Phe,GTC,TTC
p.Val52Ile,Val,52,Ile,GTC,ATC
p.Val52Gly,Val,52,Gly,GTC,GGC
p.Val52Leu,Val,52,Leu,GTC,CTC
p.Met53Lys,Met,53,Lys,ATG,AAG
p.Met53Thr,Met,53,Thr,ATG,ACG
p.Met53Leu,Met,53,Leu,ATG,TTG
p.Met53Ile,Met,53,Ile,ATG,ATT
p.Met53Val,Met,53,Val,ATG,GTG
p.Met53Arg,Met,53,Arg,ATG,AGG
p.Asp54Asn,Asp,54,Asn,GAC,AAC
p.Asp54Glu,Asp,54,Glu,GAC,GAA
p.Asp54Val,Asp,54,Val,GAC,GTC
p.Asp54Ala,Asp,54,Ala,GAC,GCC
p.Asp54Tyr,Asp,54,Tyr,GAC,TAC
p.Asp54His,Asp,54,His,GAC,CAC
p.Asp54Gly,Asp,54,Gly,GAC,GGC
p.Arg55Cys,Arg,55,Cys,CGT,TGT
p.Arg55His,Arg,55,His,CGT,CAT
p.Arg55Leu,Arg,55,Leu,CGT,CTT
p.Arg55Pro,Arg,55,Pro,CGT,CCT
p.Arg55Ser,Arg,55,Ser,CGT,AGT
p.Arg55Gly,Arg,55,Gly,CGT,GGT
p.Ser56Ala,Ser,56,Ala,TCT,GCT
p.Ser56Cys,Ser,56,Cys,TCT,TGT
p.Ser56Pro,Ser,56,Pro,TCT,CCT
p.Ser56Phe,Ser,56,Phe,TCT,TTT
p.Ser56Tyr,Ser,56,Tyr,TCT,TAT
p.Ser56Thr,Ser,56,Thr,TCT,ACT
p.Ile57Asn,Ile,57,Asn,ATC,AAC
p.Ile57Thr,Ile,57,Thr,ATC,ACC
p.Ile57Phe,Ile,57,Phe,ATC,TTC
p.Ile57Met,Ile,57,Met,ATC,ATG
p.Ile57Val,Ile,57,Val,ATC,GTC
p.Ile57Ser,Ile,57,Ser,ATC,AGC
p.Ile57Leu,Ile,57,Leu,ATC,CTC
p.Ile58Asn,Ile,58,Asn,ATC,AAC
p.Ile58Thr,Ile,58,Thr,ATC,ACC
p.Ile58Phe,Ile,58,Phe,ATC,TTC
p.Ile58Met,Ile,58,Met,ATC,ATG
p.Ile58Val,Ile,58,Val,ATC,GTC
p.Ile58Ser,Ile,58,Ser,ATC,AGC
p.Ile58Leu,Ile,58,Leu,ATC,CTC
p.Leu59Gln,Leu,59,Gln,CTG,CAG
p.Leu59Pro,Leu,59,Pro,CTG,CCG
p.Leu59Val,Leu,59,Val,CTG,GTG
p.Leu59Met,Leu,59,Met,CTG,ATG
p.Leu59Arg,Leu,59,Arg,CTG,CGG
p.Arg60Gln,Arg,60,Gln,CGG,CAG
p.Arg60Pro,Arg,60,Pro,CGG,CCG
p.Arg60Trp,Arg,60,Trp,CGG,TGG
p.Arg60Leu,Arg,60,Leu,CGG,CTG
p.Arg60Gly,Arg,60,Gly,CGG,GGG
p.His61Asn,His,61,Asn,CAT,AAT
p.His61Gln,His,61,Gln,CAT,CAA
p.His61Leu,His,61,Leu,CAT,CTT
p.His61Pro,His,61,Pro,CAT,CCT
p.His61Asp,His,61,Asp,CAT,GAT
p.His61Arg,His,61,Arg,CAT,CGT
p.His61Tyr,His,61,Tyr,CAT,TAT
p.Leu62Gln,Leu,62,Gln,CTG,CAG
p.Leu62Pro,Leu,62,Pro,CTG,CCG
p.Leu62Val,Leu,62,Val,CTG,GTG
p.Leu62Met,Leu,62,Met,CTG,ATG
p.Leu62Arg,Leu,62,Arg,CTG,CGG
p.Leu63His,Leu,63,His,CTC,CAC
p.Leu63Arg,Leu,63,Arg,CTC,CGC
p.Leu63Phe,Leu,63,Phe,CTC,TTC
p.Leu63Pro,Leu,63,Pro,CTC,CCC
p.Leu63Ile,Leu,63,Ile,CTC,ATC
p.Leu63Val,Leu,63,Val,CTC,GTC
p.Asn64Thr,Asn,64,Thr,AAC,ACC
p.Asn64Lys,Asn,64,Lys,AAC,AAA
p.Asn64Asp,Asn,64,Asp,AAC,GAC
p.Asn64Tyr,Asn,64,Tyr,AAC,TAC
p.Asn64Ile,Asn,64,Ile,AAC,ATC
p.Asn64His,Asn,64,His,AAC,CAC
p.Asn64Ser,Asn,64,Ser,AAC,AGC
p.Ser65Thr,Ser,65,Thr,TCC,ACC
p.Ser65Cys,Ser,65,Cys,TCC,TGC
p.Ser65Phe,Ser,65,Phe,TCC,TTC
p.Ser65Pro,Ser,65,Pro,TCC,CCC
p.Ser65Ala,Ser,65,Ala,TCC,GCC
p.Ser65Tyr,Ser,65,Tyr,TCC,TAC
p.Pro66Ser,Pro,66,Ser,CCC,TCC
p.Pro66Thr,Pro,66,Thr,CCC,ACC
p.Pro66Arg,Pro,66,Arg,CCC,CGC
p.Pro66Ala,Pro,66,Ala,CCC,GCC
p.Pro66His,Pro,66,His,CCC,CAC
p.Pro66Leu,Pro,66,Leu,CCC,CTC
p.Thr67Asn,Thr,67,Asn,ACC,AAC
p.Thr67Ser,Thr,67,Ser,ACC,TCC
p.Thr67Pro,Thr,67,Pro,ACC,CCC
p.Thr67Ala,Thr,67,Ala,ACC,GCC
p.Thr67Ile,Thr,67,Ile,ACC,ATC
p.Asp68Asn,Asp,68,Asn,GAC,AAC
p.Asp68Glu,Asp,68,Glu,GAC,GAA
p.Asp68Val,Asp,68,Val,GAC,GTC
p.Asp68Ala,Asp,68,Ala,GAC,GCC
p.Asp68Tyr,Asp,68,Tyr,GAC,TAC
p.Asp68His,Asp,68,His,GAC,CAC
p.Asp68Gly,Asp,68,Gly,GAC,GGC
p.Pro69Ser,Pro,69,Ser,CCC,TCC
p.Pro69Thr,Pro,69,Thr,CCC,ACC
p.Pro69Arg,Pro,69,Arg,CCC,CGC
p.Pro69Ala,Pro,69,Ala,CCC,GCC
p.Pro69His,Pro,69,His,CCC,CAC
p.Pro69Leu,Pro,69,Leu,CCC,CTC
p.Phe70Ser,Phe,70,Ser,TTC,TCC
p.Phe70Ile,Phe,70,Ile,TTC,ATC
p.Phe70Cys,Phe,70,Cys,TTC,TGC
p.Phe70Tyr,Phe,70,Tyr,TTC,TAC
p.Phe70Val,Phe,70,Val,TTC,GTC
p.Phe70Leu,Phe,70,Leu,TTC,CTC
p.Asn71Thr,Asn,71,Thr,AAC,ACC
p.Asn71Lys,Asn,71,Lys,AAC,AAA
p.Asn71Asp,Asn,71,Asp,AAC,GAC
p.Asn71Tyr,Asn,71,Tyr,AAC,TAC
p.Asn71Ile,Asn,71,Ile,AAC,ATC
p.Asn71His,Asn,71,His,AAC,CAC
p.Asn71Ser,Asn,71,Ser,AAC,AGC
p.Arg72Cys,Arg,72,Cys,CGC,TGC
p.Arg72His,Arg,72,His,CGC,CAC
p.Arg72Pro,Arg,72,Pro,CGC,CCC
p.Arg72Gly,Arg,72,Gly,CGC,GGC
p.Arg72Ser,Arg,72,Ser,CGC,AGC
p.Arg72Leu,Arg,72,Leu,CGC,CTC
p.Gln73Lys,Gln,73,Lys,CAG,AAG
p.Gln73Glu,Gln,73,Glu,CAG,GAG
p.Gln73Pro,Gln,73,Pro,CAG,CCG
p.Gln73His,Gln,73,His,CAG,CAT
p.Gln73Ter,Gln,73,Ter,CAG,TAG
p.Gln73Arg,Gln,73,Arg,CAG,CGG
p.Gln73Leu,Gln,73,Leu,CAG,CTG
p.Met74Lys,Met,74,Lys,ATG,AAG
p.Met74Thr,Met,74,Thr,ATG,ACG
p.Met74Leu,Met,74,Leu,ATG,TTG
p.Met74Ile,Met,74,Ile,ATG,ATT
p.Met74Val,Met,74,Val,ATG,GTG
p.Met74Arg,Met,74,Arg,ATG,AGG
p.Leu75Gln,Leu,75,Gln,CTG,CAG
p.Leu75Pro,Leu,75,Pro,CTG,CCG
p.Leu75Val,Leu,75,Val,CTG,GTG
p.Leu75Met,Leu,75,Met,CTG,ATG
p.Leu75Arg,Leu,75,Arg,CTG,CGG
p.Thr76Ser,Thr,76,Ser,ACT,TCT
p.Thr76Ala,Thr,76,Ala,ACT,GCT
p.Thr76Asn,Thr,76,Asn,ACT,AAT
p.Thr76Ile,Thr,76,Ile,ACT,ATT
p.Thr76Pro,Thr,76,Pro,ACT,CCT
p.Glu77Lys,Glu,77,Lys,GAG,AAG
p.Glu77Gln,Glu,77,Gln,GAG,CAG
p.Glu77Asp,Glu,77,Asp,GAG,GAT
p.Glu77Ter,Glu,77,Ter,GAG,TAG
p.Glu77Val,Glu,77,Val,GAG,GTG
p.Glu77Ala,Glu,77,Ala,GAG,GCG
p.Glu77Gly,Glu,77,Gly,GAG,GGG
p.Ser78Asn,Ser,78,Asn,AGC,AAC
p.Ser78Thr,Ser,78,Thr,AGC,ACC
p.Ser78Cys,Ser,78,Cys,AGC,TGC
p.Ser78Arg,Ser,78,Arg,AGC,CGC
p.Ser78Ile,Ser,78,Ile,AGC,ATC
p.Ser78Gly,Ser,78,Gly,AGC,GGC
p.Met79Lys,Met,79,Lys,ATG,AAG
p.Met79Thr,Met,79,Thr,ATG,ACG
p.Met79Leu,Met,79,Leu,ATG,TTG
p.Met79Ile,Met,79,Ile,ATG,ATT
p.Met79Val,Met,79,Val,ATG,GTG
p.Met79Arg,Met,79,Arg,ATG,AGG
p.Leu80Gln,Leu,80,Gln,CTG,CAG
p.Leu80Pro,Leu,80,Pro,CTG,CCG
p.Leu80Val,Leu,80,Val,CTG,GTG
p.Leu80Met,Leu,80,Met,CTG,ATG
p.Leu80Arg,Leu,80,Arg,CTG,CGG
p.Glu81Lys,Glu,81,Lys,GAG,AAG
p.Glu81Gln,Glu,81,Gln,GAG,CAG
p.Glu81Asp,Glu,81,Asp,GAG,GAT
p.Glu81Ter,Glu,81,Ter,GAG,TAG
p.Glu81Val,Glu,81,Val,GAG,GTG
p.Glu81Ala,Glu,81,Ala,GAG,GCG
p.Glu81Gly,Glu,81,Gly,GAG,GGG
p.Pro82Ala,Pro,82,Ala,CCA,GCA
p.Pro82Gln,Pro,82,Gln,CCA,CAA
p.Pro82Ser,Pro,82,Ser,CCA,TCA
p.Pro82Arg,Pro,82,Arg,CCA,CGA
p.Pro82Thr,Pro,82,Thr,CCA,ACA
p.Pro82Leu,Pro,82,Leu,CCA,CTA
p.Val83Glu,Val,83,Glu,GTG,GAG
p.Val83Leu,Val,83,Leu,GTG,TTG
p.Val83Met,Val,83,Met,GTG,ATG
p.Val83Ala,Val,83,Ala,GTG,GCG
p.Val83Gly,Val,83,Gly,GTG,GGG
p.Pro84Ala,Pro,84,Ala,CCA,GCA
p.Pro84Gln,Pro,84,Gln,CCA,CAA
p.Pro84Ser,Pro,84,Ser,CCA,TCA
p.Pro84Arg,Pro,84,Arg,CCA,CGA
p.Pro84Thr,Pro,84,Thr,CCA,ACA
p.Pro84Leu,Pro,84,Leu,CCA,CTA
p.Glu85Lys,Glu,85,Lys,GAG,AAG
p.Glu85Gln,Glu,85,Gln,GAG,CAG
p.Glu85Asp,Glu,85,Asp,GAG,GAT
p.Glu85Ter,Glu,85,Ter,GAG,TAG
p.Glu85Val,Glu,85,Val,GAG,GTG
p.Glu85Ala,Glu,85,Ala,GAG,GCG
p.Glu85Gly,Glu,85,Gly,GAG,GGG
p.Leu86Ile,Leu,86,Ile,CTA,ATA
p.Leu86Gln,Leu,86,Gln,CTA,CAA
p.Leu86Arg,Leu,86,Arg,CTA,CGA
p.Leu86Val,Leu,86,Val,CTA,GTA
p.Leu86Pro,Leu,86,Pro,CTA,CCA
p.Lys87Gln,Lys,87,Gln,AAG,CAG
p.Lys87Glu,Lys,87,Glu,AAG,GAG
p.Lys87Asn,Lys,87,Asn,AAG,AAT
p.Lys87Thr,Lys,87,Thr,AAG,ACG
p.Lys87Ter,Lys,87,Ter,AAG,TAG
p.Lys87Met,Lys,87,Met,AAG,ATG
p.Lys87Arg,Lys,87,Arg,AAG,AGG
p.Glu88Lys,Glu,88,Lys,GAG,AAG
p.Glu88Gln,Glu,88,Gln,GAG,CAG
p.Glu88Asp,Glu,88,Asp,GAG,GAT
p.Glu88Ter,Glu,88,Ter,GAG,TAG
p.Glu88Val,Glu,88,Val,GAG,GTG
p.Glu88Ala,Glu,88,Ala,GAG,GCG
p.Glu88Gly,Glu,88,Gly,GAG,GGG
p.Gln89Lys,Gln,89,Lys,CAG,AAG
p.Gln89Glu,Gln,89,Glu,CAG,GAG
p.Gln89Pro,Gln,89,Pro,CAG,CCG
p.Gln89His,Gln,89,His,CAG,CAT
p.Gln89Ter,Gln,89,Ter,CAG,TAG
p.Gln89Arg,Gln,89,Arg,CAG,CGG
p.Gln89Leu,Gln,89,Leu,CAG,CTG
p.Ile90Asn,Ile,90,Asn,ATT,AAT
p.Ile90Leu,Ile,90,Leu,ATT,CTT
p.Ile90Met,Ile,90,Met,ATT,ATG
p.Ile90Val,Ile,90,Val,ATT,GTT
p.Ile90Ser,Ile,90,Ser,ATT,AGT
p.Ile90Phe,Ile,90,Phe,ATT,TTT
p.Ile90Thr,Ile,90,Thr,ATT,ACT
p.Gln91Lys,Gln,91,Lys,CAG,AAG
p.Gln91Glu,Gln,91,Glu,CAG,GAG
p.Gln91Pro,Gln,91,Pro,CAG,CCG
p.Gln91His,Gln,91,His,CAG,CAT
p.Gln91Ter,Gln,91,Ter,CAG,TAG
p.Gln91Arg,Gln,91,Arg,CAG,CGG
p.Gln91Leu,Gln,91,Leu,CAG,CTG
p.Ala92Ser,Ala,92,Ser,GCC,TCC
p.Ala92Thr,Ala,92,Thr,GCC,ACC
p.Ala92Asp,Ala,92,Asp,GCC,GAC
p.Ala92Pro,Ala,92,Pro,GCC,CCC
p.Ala92Gly,Ala,92,Gly,GCC,GGC
p.Ala92Val,Ala,92,Val,GCC,GTC
p.Trp93Cys,Trp,93,Cys,TGG,TGT
p.Trp93Ter,Trp,93,Ter,TGG,TAG
p.Trp93Leu,Trp,93,Leu,TGG,TTG
p.Trp93Arg,Trp,93,Arg,TGG,CGG
p.Trp93Ser,Trp,93,Ser,TGG,TCG
p.Trp93Gly,Trp,93,Gly,TGG,GGG
p.Met94Lys,Met,94,Lys,ATG,AAG
p.Met94Thr,Met,94,Thr,ATG,ACG
p.Met94Leu,Met,94,Leu,ATG,TTG
p.Met94Ile,Met,94,Ile,ATG,ATT
p.Met94Val,Met,94,Val,ATG,GTG
p.Met94Arg,Met,94,Arg,ATG,AGG
p.Arg95Gly,Arg,95,Gly,AGA,GGA
p.Arg95Ile,Arg,95,Ile,AGA,ATA
p.Arg95Lys,Arg,95,Lys,AGA,AAA
p.Arg95Ter,Arg,95,Ter,AGA,TGA
p.Arg95Ser,Arg,95,Ser,AGA,AGT
p.Arg95Thr,Arg,95,Thr,AGA,ACA
p.Glu96Lys,Glu,96,Lys,GAG,AAG
p.Glu96Gln,Glu,96,Gln,GAG,CAG
p.Glu96Asp,Glu,96,Asp,GAG,GAT
p.Glu96Ter,Glu,96,Ter,GAG,TAG
p.Glu96Val,Glu,96,Val,GAG,GTG
p.Glu96Ala,Glu,96,Ala,GAG,GCG
p.Glu96Gly,Glu,96,Gly,GAG,GGG
p.Lys97Ile,Lys,97,Ile,AAA,ATA
p.Lys97Glu,Lys,97,Glu,AAA,GAA
p.Lys97Asn,Lys,97,Asn,AAA,AAT
p.Lys97Gln,Lys,97,Gln,AAA,CAA
p.Lys97Arg,Lys,97,Arg,AAA,AGA
p.Lys97Thr,Lys,97,Thr,AAA,ACA
p.Lys97Ter,Lys,97,Ter,AAA,TAA
p.Gln98Lys,Gln,98,Lys,CAG,AAG
p.Gln98Glu,Gln,98,Glu,CAG,GAG
p.Gln98Pro,Gln,98,Pro,CAG,CCG
p.Gln98His,Gln,98,His,CAG,CAT
p.Gln98Ter,Gln,98,Ter,CAG,TAG
p.Gln98Arg,Gln,98,Arg,CAG,CGG
p.Gln98Leu,Gln,98,Leu,CAG,CTG
p.Ser99Asn,Ser,99,Asn,AGC,AAC
p.Ser99Thr,Ser,99,Thr,AGC,ACC
p.Ser99Cys,Ser,99,Cys,AGC,TGC
p.Ser99Arg,Ser,99,Arg,AGC,CGC
p.Ser99Ile,Ser,99,Ile,AGC,ATC
p.Ser99Gly,Ser,99,Gly,AGC,GGC
p.Ser100Asn,Ser,100,Asn,AGT,AAT
p.Ser100Cys,Ser,100,Cys,AGT,TGT
p.Ser100Ile,Ser,100,Ile,AGT,ATT
p.Ser100Gly,Ser,100,Gly,AGT,GGT
p.Ser100Arg,Ser,100,Arg,AGT,CGT
p.Ser100Thr,Ser,100,Thr,AGT,ACT
p.Asp101Asn,Asp,101,Asn,GAC,AAC
p.Asp101Glu,Asp,101,Glu,GAC,GAA
p.Asp101Val,Asp,101,Val,GAC,GTC
p.Asp101Ala,Asp,101,Ala,GAC,GCC
p.Asp101Tyr,Asp,101,Tyr,GAC,TAC
p.Asp101His,Asp,101,His,GAC,CAC
p.Asp101Gly,Asp,101,Gly,GAC,GGC
p.His102Asn,His,102,Asn,CAC,AAC
p.His102Gln,His,102,Gln,CAC,CAA
p.His102Arg,His,102,Arg,CAC,CGC
p.His102Asp,His,102,Asp,CAC,GAC
p.His102Pro,His,102,Pro,CAC,CCC
p.His102Tyr,His,102,Tyr,CAC,TAC
p.His102Leu,His,102,Leu,CAC,CTC
p.Ter103Gly,Ter,103,Gly,TGA,GGA
p.Ter103Cys,Ter,103,Cys,TGA,TGT
p.Ter103Ser,Ter,103,Ser,TGA,TCA
p.Ter103Arg,Ter,103,Arg,TGA,CGA
p.Ter103Trp,Ter,103,Trp,TGA,TGG
p.Ter103Leu,Ter,103,Leu,TGA,TTA
