p.Leu1Gln,Leu,1,Gln,CTG,CAG
p.Leu1Pro,Leu,1,Pro,CTG,CCG
p.Leu1Val,Leu,1,Val,CTG,GTG
p.Leu1Met,Leu,1,Met,CTG,ATG
p.Leu1Arg,Leu,1,Arg,CTG,CGG
p.Arg2Gln,Arg,2,Gln,CGG,CAG
p.Arg2Pro,Arg,2,Pro,CGG,CCG
p.Arg2Trp,Arg,2,Trp,CGG,TGG
p.Arg2Leu,Arg,2,Leu,CGG,CTG
p.Arg2Gly,Arg,2,Gly,CGG,GGG
p.Leu3Gln,Leu,3,Gln,CTG,CAG
p.Leu3Pro,Leu,3,Pro,CTG,CCG
p.Leu3Val,Leu,3,Val,CTG,GTG
p.Leu3Met,Leu,3,Met,CTG,ATG
p.Leu3Arg,Leu,3,Arg,CTG,CGG
p.Glu4Lys,Glu,4,Lys,GAG,AAG
p.Glu4Gln,Glu,4,Gln,GAG,CAG
p.Glu4Asp,Glu,4,Asp,GAG,GAT
p.Glu4Ter,Glu,4,Ter,GAG,TAG
p.Glu4Val,Glu,4,Val,GAG,GTG
p.Glu4Ala,Glu,4,Ala,GAG,GCG
p.Glu4Gly,Glu,4,Gly,GAG,GGG
p.Val5Asp,Val,5,Asp,GTC,GAC
p.Val5Ala,Val,5,Ala,GTC,GCC
p.Val5Phe,Val,5,Phe,GTC,TTC
p.Val5Ile,Val,5,Ile,GTC,ATC
p.Val5Gly,Val,5,Gly,GTC,GGC
p.Val5Leu,Val,5,Leu,GTC,CTC
p.Lys6Gln,Lys,6,Gln,AAG,CAG
p.Lys6Glu,Lys,6,Glu,AAG,GAG
p.Lys6Asn,Lys,6,Asn,AAG,AAT
p.Lys6Thr,Lys,6,Thr,AAG,ACG
p.Lys6Ter,Lys,6,Ter,AAG,TAG
p.Lys6Met,Lys,6,Met,AAG,ATG
p.Lys6Arg,Lys,6,Arg,AAG,AGG
p.Leu7Gln,Leu,7,Gln,CTG,CAG
p.Leu7Pro,Leu,7,Pro,CTG,CCG
p.Leu7Val,Leu,7,Val,CTG,GTG
p.Leu7Met,Leu,7,Met,CTG,ATG
p.Leu7Arg,Leu,7,Arg,CTG,CGG
p.Gly8Cys,Gly,8,Cys,GGC,TGC
p.Gly8Arg,Gly,8,Arg,GGC,CGC
p.Gly8Asp,Gly,8,Asp,GGC,GAC
p.Gly8Ala,Gly,8,Ala,GGC,GCC
p.Gly8Val,Gly,8,Val,GGC,GTC
p.Gly8Ser,Gly,8,Ser,GGC,AGC
p.Gln9Lys,Gln,9,Lys,CAG,AAG
p.Gln9Glu,Gln,9,Glu,CAG,GAG
p.Gln9Pro,Gln,9,Pro,CAG,CCG
p.Gln9His,Gln,9,His,CAG,CAT
p.Gln9Ter,Gln,9,Ter,CAG,TAG
p.Gln9Arg,Gln,9,Arg,CAG,CGG
p.Gln9Leu,Gln,9,Leu,CAG,CTG
p.Gly10Cys,Gly,10,Cys,GGC,TGC
p.Gly10Arg,Gly,10,Arg,GGC,CGC
p.Gly10Asp,Gly,10,Asp,GGC,GAC
p.Gly10Ala,Gly,10,Ala,GGC,GCC
p.Gly10Val,Gly,10,Val,GGC,GTC
p.Gly10Ser,Gly,10,Ser,GGC,AGC
p.Cys11Ter,Cys,11,Ter,TGC,TGA
p.Cys11Arg,Cys,11,Arg,TGC,CGC
p.Cys11Phe,Cys,11,Phe,TGC,TTC
p.Cys11Trp,Cys,11,Trp,TGC,TGG
p.Cys11Tyr,Cys,11,Tyr,TGC,TAC
p.Cys11Gly,Cys,11,Gly,TGC,GGC
p.Cys11Ser,Cys,11,Ser,TGC,AGC
p.Phe12Ser,Phe,12,Ser,TTT,TCT
p.Phe12Cys,Phe,12,Cys,TTT,TGT
p.Phe12Leu,Phe,12,Leu,TTT,CTT
p.Phe12Ile,Phe,12,Ile,TTT,ATT
p.Phe12Val,Phe,12,Val,TTT,GTT
p.Phe12Tyr,Phe,12,Tyr,TTT,TAT
p.Gly13Cys,Gly,13,Cys,GGC,TGC
p.Gly13Arg,Gly,13,Arg,GGC,CGC
p.Gly13Asp,Gly,13,Asp,GGC,GAC
p.Gly13Ala,Gly,13,Ala,GGC,GCC
p.Gly13Val,Gly,13,Val,GGC,GTC
p.Gly13Ser,Gly,13,Ser,GGC,AGC
p.Glu14Lys,Glu,14,Lys,GAG,AAG
p.Glu14Gln,Glu,14,Gln,GAG,CAG
p.Glu14Asp,Glu,14,Asp,GAG,GAT
p.Glu14Ter,Glu,14,Ter,GAG,TAG
p.Glu14Val,Glu,14,Val,GAG,GTG
p.Glu14Ala,Glu,14,Ala,GAG,GCG
p.Glu14Gly,Glu,14,Gly,GAG,GGG
p.Val15Glu,Val,15,Glu,GTG,GAG
p.Val15Leu,Val,15,Leu,GTG,TTG
p.Val15Met,Val,15,Met,GTG,ATG
p.Val15Ala,Val,15,Ala,GTG,GCG
p.Val15Gly,Val,15,Gly,GTG,GGG
p.Trp16Cys,Trp,16,Cys,TGG,TGT
p.Trp16Ter,Trp,16,Ter,TGG,TAG
p.Trp16Leu,Trp,16,Leu,TGG,TTG
p.Trp16Arg,Trp,16,Arg,TGG,CGG
p.Trp16Ser,Trp,16,Ser,TGG,TCG
p.Trp16Gly,Trp,16,Gly,TGG,GGG
p.Met17Lys,Met,17,Lys,ATG,AAG
p.Met17Thr,Met,17,Thr,ATG,ACG
p.Met17Leu,Met,17,Leu,ATG,TTG
p.Met17Ile,Met,17,Ile,ATG,ATT
p.Met17Val,Met,17,Val,ATG,GTG
p.Met17Arg,Met,17,Arg,ATG,AGG
p.Gly18Glu,Gly,18,Glu,GGG,GAG
p.Gly18Val,Gly,18,Val,GGG,GTG
p.Gly18Trp,Gly,18,Trp,GGG,TGG
p.Gly18Arg,Gly,18,Arg,GGG,CGG
p.Gly18Ala,Gly,18,Ala,GGG,GCG
p.Thr19Asn,Thr,19,Asn,ACC,AAC
p.Thr19Ser,Thr,19,Ser,ACC,TCC
p.Thr19Pro,Thr,19,Pro,ACC,CCC
p.Thr19Ala,Thr,19,Ala,ACC,GCC
p.Thr19Ile,Thr,19,Ile,ACC,ATC
p.Trp20Cys,Trp,20,Cys,TGG,TGT
p.Trp20Ter,Trp,20,Ter,TGG,TAG
p.Trp20Leu,Trp,20,Leu,TGG,TTG
p.Trp20Arg,Trp,20,Arg,TGG,CGG
p.Trp20Ser,Trp,20,Ser,TGG,TCG
p.Trp20Gly,Trp,20,Gly,TGG,GGG
p.Asn21Thr,Asn,21,Thr,AAC,ACC
p.Asn21Lys,Asn,21,Lys,AAC,AAA
p.Asn21Asp,Asn,21,Asp,AAC,GAC
p.Asn21Tyr,Asn,21,Tyr,AAC,TAC
p.Asn21Ile,Asn,21,Ile,AAC,ATC
p.Asn21His,Asn,21,His,AAC,CAC
p.Asn21Ser,Asn,21,Ser,AAC,AGC
p.Gly22Ala,Gly,22,Ala,GGT,GCT
p.Gly22Cys,Gly,22,Cys,GGT,TGT
p.Gly22Ser,Gly,22,Ser,GGT,AGT
p.Gly22Val,Gly,22,Val,GGT,GTT
p.Gly22Asp,Gly,22,Asp,GGT,GAT
p.Gly22Arg,Gly,22,Arg,GGT,CGT
p.Thr23Asn,Thr,23,Asn,ACC,AAC
p.Thr23Ser,Thr,23,Ser,ACC,TCC
p.Thr23Pro,Thr,23,Pro,ACC,CCC
p.Thr23Ala,Thr,23,Ala,ACC,GCC
p.Thr23Ile,Thr,23,Ile,ACC,ATC
p.Thr24Asn,Thr,24,Asn,ACC,AAC
p.Thr24Ser,Thr,24,Ser,ACC,TCC
p.Thr24Pro,Thr,24,Pro,ACC,CCC
p.Thr24Ala,Thr,24,Ala,ACC,GCC
p.Thr24Ile,Thr,24,Ile,ACC,ATC
p.Arg25Lys,Arg,25,Lys,AGG,AAG
p.Arg25Thr,Arg,25,Thr,AGG,ACG
p.Arg25Trp,Arg,25,Trp,AGG,TGG
p.Arg25Met,Arg,25,Met,AGG,ATG
p.Arg25Ser,Arg,25,Ser,AGG,AGT
p.Arg25Gly,Arg,25,Gly,AGG,GGG
p.Val26Glu,Val,26,Glu,GTG,GAG
p.Val26Leu,Val,26,Leu,GTG,TTG
p.Val26Met,Val,26,Met,GTG,ATG
p.Val26Ala,Val,26,Ala,GTG,GCG
p.Val26Gly,Val,26,Gly,GTG,GGG
p.Ala27Ser,Ala,27,Ser,GCC,TCC
p.Ala27Thr,Ala,27,Thr,GCC,ACC
p.Ala27Asp,Ala,27,Asp,GCC,GAC
p.Ala27Pro,Ala,27,Pro,GCC,CCC
p.Ala27Gly,Ala,27,Gly,GCC,GGC
p.Ala27Val,Ala,27,Val,GCC,GTC
p.Ile28Asn,Ile,28,Asn,ATC,AAC
p.Ile28Thr,Ile,28,Thr,ATC,ACC
p.Ile28Phe,Ile,28,Phe,ATC,TTC
p.Ile28Met,Ile,28,Met,ATC,ATG
p.Ile28Val,Ile,28,Val,ATC,GTC
p.Ile28Ser,Ile,28,Ser,ATC,AGC
p.Ile28Leu,Ile,28,Leu,ATC,CTC
p.Lys29Ile,Lys,29,Ile,AAA,ATA
p.Lys29Glu,Lys,29,Glu,AAA,GAA
p.Lys29Asn,Lys,29,Asn,AAA,AAT
p.Lys29Gln,Lys,29,Gln,AAA,CAA
p.Lys29Arg,Lys,29,Arg,AAA,AGA
p.Lys29Thr,Lys,29,Thr,AAA,ACA
p.Lys29Ter,Lys,29,Ter,AAA,TAA
p.Thr30Asn,Thr,30,Asn,ACC,AAC
p.Thr30Ser,Thr,30,Ser,ACC,TCC
p.Thr30Pro,Thr,30,Pro,ACC,CCC
p.Thr30Ala,Thr,30,Ala,ACC,GCC
p.Thr30Ile,Thr,30,Ile,ACC,ATC
p.Leu31Gln,Leu,31,Gln,CTG,CAG
p.Leu31Pro,Leu,31,Pro,CTG,CCG
p.Leu31Val,Leu,31,Val,CTG,GTG
p.Leu31Met,Leu,31,Met,CTG,ATG
p.Leu31Arg,Leu,31,Arg,CTG,CGG
p.Lys32Gln,Lys,32,Gln,AAG,CAG
p.Lys32Glu,Lys,32,Glu,AAG,GAG
p.Lys32Asn,Lys,32,Asn,AAG,AAT
p.Lys32Thr,Lys,32,Thr,AAG,ACG
p.Lys32Ter,Lys,32,Ter,AAG,TAG
p.Lys32Met,Lys,32,Met,AAG,ATG
p.Lys32Arg,Lys,32,Arg,AAG,AGG
p.Pro33Ser,Pro,33,Ser,CCT,TCT
p.Pro33Ala,Pro,33,Ala,CCT,GCT
p.Pro33His,Pro,33,His,CCT,CAT
p.Pro33Leu,Pro,33,Leu,CCT,CTT
p.Pro33Arg,Pro,33,Arg,CCT,CGT
p.Pro33Thr,Pro,33,Thr,CCT,ACT
p.Gly34Cys,Gly,34,Cys,GGC,TGC
p.Gly34Arg,Gly,34,Arg,GGC,CGC
p.Gly34Asp,Gly,34,Asp,GGC,GAC
p.Gly34Ala,Gly,34,Ala,GGC,GCC
p.Gly34Val,Gly,34,Val,GGC,GTC
p.Gly34Ser,Gly,34,Ser,GGC,AGC
p.Thr35Lys,Thr,35,Lys,ACG,AAG
p.Thr35Pro,Thr,35,Pro,ACG,CCG
p.Thr35Met,Thr,35,Met,ACG,ATG
p.Thr35Arg,Thr,35,Arg,ACG,AGG
p.Thr35Ala,Thr,35,Ala,ACG,GCG
p.Thr35Ser,Thr,35,Ser,ACG,TCG
p.Met36Lys,Met,36,Lys,ATG,AAG
p.Met36Thr,Met,36,Thr,ATG,ACG
p.Met36Leu,Met,36,Leu,ATG,TTG
p.Met36Ile,Met,36,Ile,ATG,ATT
p.Met36Val,Met,36,Val,ATG,GTG
p.Met36Arg,Met,36,Arg,ATG,AGG
p.Ser37Ala,Ser,37,Ala,TCT,GCT
p.Ser37Cys,Ser,37,Cys,TCT,TGT
p.Ser37Pro,Ser,37,Pro,TCT,CCT
p.Ser37Phe,Ser,37,Phe,TCT,TTT
p.Ser37Tyr,Ser,37,Tyr,TCT,TAT
p.Ser37Thr,Ser,37,Thr,TCT,ACT
p.Pro38Ala,Pro,38,Ala,CCA,GCA
p.Pro38Gln,Pro,38,Gln,CCA,CAA
p.Pro38Ser,Pro,38,Ser,CCA,TCA
p.Pro38Arg,Pro,38,Arg,CCA,CGA
p.Pro38Thr,Pro,38,Thr,CCA,ACA
p.Pro38Leu,Pro,38,Leu,CCA,CTA
p.Glu39Lys,Glu,39,Lys,GAG,AAG
p.Glu39Gln,Glu,39,Gln,GAG,CAG
p.Glu39Asp,Glu,39,Asp,GAG,GAT
p.Glu39Ter,Glu,39,Ter,GAG,TAG
p.Glu39Val,Glu,39,Val,GAG,GTG
p.Glu39Ala,Glu,39,Ala,GAG,GCG
p.Glu39Gly,Glu,39,Gly,GAG,GGG
p.Ala40Ser,Ala,40,Ser,GCC,TCC
p.Ala40Thr,Ala,40,Thr,GCC,ACC
p.Ala40Asp,Ala,40,Asp,GCC,GAC
p.Ala40Pro,Ala,40,Pro,GCC,CCC
p.Ala40Gly,Ala,40,Gly,GCC,GGC
p.Ala40Val,Ala,40,Val,GCC,GTC
p.Phe41Ser,Phe,41,Ser,TTC,TCC
p.Phe41Ile,Phe,41,Ile,TTC,ATC
p.Phe41Cys,Phe,41,Cys,TTC,TGC
p.Phe41Tyr,Phe,41,Tyr,TTC,TAC
p.Phe41Val,Phe,41,Val,TTC,GTC
p.Phe41Leu,Phe,41,Leu,TTC,CTC
p.Leu42Gln,Leu,42,Gln,CTG,CAG
p.Leu42Pro,Leu,42,Pro,CTG,CCG
p.Leu42Val,Leu,42,Val,CTG,GTG
p.Leu42Met,Leu,42,Met,CTG,ATG
p.Leu42Arg,Leu,42,Arg,CTG,CGG
p.Gln43Lys,Gln,43,Lys,CAG,AAG
p.Gln43Glu,Gln,43,Glu,CAG,GAG
p.Gln43Pro,Gln,43,Pro,CAG,CCG
p.Gln43His,Gln,43,His,CAG,CAT
p.Gln43Ter,Gln,43,Ter,CAG,TAG
p.Gln43Arg,Gln,43,Arg,CAG,CGG
p.Gln43Leu,Gln,43,Leu,CAG,CTG
p.Glu44Lys,Glu,44,Lys,GAG,AAG
p.Glu44Gln,Glu,44,Gln,GAG,CAG
p.Glu44Asp,Glu,44,Asp,GAG,GAT
p.Glu44Ter,Glu,44,Ter,GAG,TAG
p.Glu44Val,Glu,44,Val,GAG,GTG
p.Glu44Ala,Glu,44,Ala,GAG,GCG
p.Glu44Gly,Glu,44,Gly,GAG,GGG
p.Ala45Ser,Ala,45,Ser,GCC,TCC
p.Ala45Thr,Ala,45,Thr,GCC,ACC
p.Ala45Asp,Ala,45,Asp,GCC,GAC
p.Ala45Pro,Ala,45,Pro,GCC,CCC
p.Ala45Gly,Ala,45,Gly,GCC,GGC
p.Ala45Val,Ala,45,Val,GCC,GTC
p.Gln46Lys,Gln,46,Lys,CAG,AAG
p.Gln46Glu,Gln,46,Glu,CAG,GAG
p.Gln46Pro,Gln,46,Pro,CAG,CCG
p.Gln46His,Gln,46,His,CAG,CAT
p.Gln46Ter,Gln,46,Ter,CAG,TAG
p.Gln46Arg,Gln,46,Arg,CAG,CGG
p.Gln46Leu,Gln,46,Leu,CAG,CTG
p.Val47Asp,Val,47,Asp,GTC,GAC
p.Val47Ala,Val,47,Ala,GTC,GCC
p.Val47Phe,Val,47,Phe,GTC,TTC
p.Val47Ile,Val,47,Ile,GTC,ATC
p.Val47Gly,Val,47,Gly,GTC,GGC
p.Val47Leu,Val,47,Leu,GTC,CTC
p.Met48Lys,Met,48,Lys,ATG,AAG
p.Met48Thr,Met,48,Thr,ATG,ACG
p.Met48Leu,Met,48,Leu,ATG,TTG
p.Met48Ile,Met,48,Ile,ATG,ATT
p.Met48Val,Met,48,Val,ATG,GTG
p.Met48Arg,Met,48,Arg,ATG,AGG
p.Lys49Gln,Lys,49,Gln,AAG,CAG
p.Lys49Glu,Lys,49,Glu,AAG,GAG
p.Lys49Asn,Lys,49,Asn,AAG,AAT
p.Lys49Thr,Lys,49,Thr,AAG,ACG
p.Lys49Ter,Lys,49,Ter,AAG,TAG
p.Lys49Met,Lys,49,Met,AAG,ATG
p.Lys49Arg,Lys,49,Arg,AAG,AGG
p.Lys50Gln,Lys,50,Gln,AAG,CAG
p.Lys50Glu,Lys,50,Glu,AAG,GAG
p.Lys50Asn,Lys,50,Asn,AAG,AAT
p.Lys50Thr,Lys,50,Thr,AAG,ACG
p.Lys50Ter,Lys,50,Ter,AAG,TAG
p.Lys50Met,Lys,50,Met,AAG,ATG
p.Lys50Arg,Lys,50,Arg,AAG,AGG
p.Leu51Gln,Leu,51,Gln,CTG,CAG
p.Leu51Pro,Leu,51,Pro,CTG,CCG
p.Leu51Val,Leu,51,Val,CTG,GTG
p.Leu51Met,Leu,51,Met,CTG,ATG
p.Leu51Arg,Leu,51,Arg,CTG,CGG
p.Arg52Lys,Arg,52,Lys,AGG,AAG
p.Arg52Thr,Arg,52,Thr,AGG,ACG
p.Arg52Trp,Arg,52,Trp,AGG,TGG
p.Arg52Met,Arg,52,Met,AGG,ATG
p.Arg52Ser,Arg,52,Ser,AGG,AGT
p.Arg52Gly,Arg,52,Gly,AGG,GGG
p.His53Asn,His,53,Asn,CAT,AAT
p.His53Gln,His,53,Gln,CAT,CAA
p.His53Leu,His,53,Leu,CAT,CTT
p.His53Pro,His,53,Pro,CAT,CCT
p.His53Asp,His,53,Asp,CAT,GAT
p.His53Arg,His,53,Arg,CAT,CGT
p.His53Tyr,His,53,Tyr,CAT,TAT
p.Glu54Lys,Glu,54,Lys,GAG,AAG
p.Glu54Gln,Glu,54,Gln,GAG,CAG
p.Glu54Asp,Glu,54,Asp,GAG,GAT
p.Glu54Ter,Glu,54,Ter,GAG,TAG
p.Glu54Val,Glu,54,Val,GAG,GTG
p.Glu54Ala,Glu,54,Ala,GAG,GCG
p.Glu54Gly,Glu,54,Gly,GAG,GGG
p.Lys55Gln,Lys,55,Gln,AAG,CAG
p.Lys55Glu,Lys,55,Glu,AAG,GAG
p.Lys55Asn,Lys,55,Asn,AAG,AAT
p.Lys55Thr,Lys,55,Thr,AAG,ACG
p.Lys55Ter,Lys,55,Ter,AAG,TAG
p.Lys55Met,Lys,55,Met,AAG,ATG
p.Lys55Arg,Lys,55,Arg,AAG,AGG
p.Leu56Gln,Leu,56,Gln,CTG,CAG
p.Leu56Pro,Leu,56,Pro,CTG,CCG
p.Leu56Val,Leu,56,Val,CTG,GTG
p.Leu56Met,Leu,56,Met,CTG,ATG
p.Leu56Arg,Leu,56,Arg,CTG,CGG
p.Val57Glu,Val,57,Glu,GTG,GAG
p.Val57Leu,Val,57,Leu,GTG,TTG
p.Val57Met,Val,57,Met,GTG,ATG
p.Val57Ala,Val,57,Ala,GTG,GCG
p.Val57Gly,Val,57,Gly,GTG,GGG
p.Gln58Lys,Gln,58,Lys,CAG,AAG
p.Gln58Glu,Gln,58,Glu,CAG,GAG
p.Gln58Pro,Gln,58,Pro,CAG,CCG
p.Gln58His,Gln,58,His,CAG,CAT
p.Gln58Ter,Gln,58,Ter,CAG,TAG
p.Gln58Arg,Gln,58,Arg,CAG,CGG
p.Gln58Leu,Gln,58,Leu,CAG,CTG
p.Leu59Ter,Leu,59,Ter,TTG,TAG
p.Leu59Trp,Leu,59,Trp,TTG,TGG
p.Leu59Met,Leu,59,Met,TTG,ATG
p.Leu59Val,Leu,59,Val,TTG,GTG
p.Leu59Phe,Leu,59,Phe,TTG,TTT
p.Leu59Ser,Leu,59,Ser,TTG,TCG
p.Tyr60Ser,Tyr,60,Ser,TAT,TCT
p.Tyr60Asn,Tyr,60,Asn,TAT,AAT
p.Tyr60Cys,Tyr,60,Cys,TAT,TGT
p.Tyr60His,Tyr,60,His,TAT,CAT
p.Tyr60Ter,Tyr,60,Ter,TAT,TAA
p.Tyr60Asp,Tyr,60,Asp,TAT,GAT
p.Tyr60Phe,Tyr,60,Phe,TAT,TTT
p.Ala61Ser,Ala,61,Ser,GCT,TCT
p.Ala61Pro,Ala,61,Pro,GCT,CCT
p.Ala61Val,Ala,61,Val,GCT,GTT
p.Ala61Gly,Ala,61,Gly,GCT,GGT
p.Ala61Asp,Ala,61,Asp,GCT,GAT
p.Ala61Thr,Ala,61,Thr,GCT,ACT
p.Val62Glu,Val,62,Glu,GTG,GAG
p.Val62Leu,Val,62,Leu,GTG,TTG
p.Val62Met,Val,62,Met,GTG,ATG
p.Val62Ala,Val,62,Ala,GTG,GCG
p.Val62Gly,Val,62,Gly,GTG,GGG
p.Val63Ala,Val,63,Ala,GTT,GCT
p.Val63Leu,Val,63,Leu,GTT,CTT
p.Val63Ile,Val,63,Ile,GTT,ATT
p.Val63Gly,Val,63,Gly,GTT,GGT
p.Val63Asp,Val,63,Asp,GTT,GAT
p.Val63Phe,Val,63,Phe,GTT,TTT
p.Ser64Ala,Ser,64,Ala,TCA,GCA
p.Ser64Thr,Ser,64,Thr,TCA,ACA
p.Ser64Ter,Ser,64,Ter,TCA,TAA
p.Ser64Pro,Ser,64,Pro,TCA,CCA
p.Ser64Leu,Ser,64,Leu,TCA,TTA
p.Glu65Lys,Glu,65,Lys,GAG,AAG
p.Glu65Gln,Glu,65,Gln,GAG,CAG
p.Glu65Asp,Glu,65,Asp,GAG,GAT
p.Glu65Ter,Glu,65,Ter,GAG,TAG
p.Glu65Val,Glu,65,Val,GAG,GTG
p.Glu65Ala,Glu,65,Ala,GAG,GCG
p.Glu65Gly,Glu,65,Gly,GAG,GGG
p.Glu66Lys,Glu,66,Lys,GAG,AAG
p.Glu66Gln,Glu,66,Gln,GAG,CAG
p.Glu66Asp,Glu,66,Asp,GAG,GAT
p.Glu66Ter,Glu,66,Ter,GAG,TAG
p.Glu66Val,Glu,66,Val,GAG,GTG
p.Glu66Ala,Glu,66,Ala,GAG,GCG
p.Glu66Gly,Glu,66,Gly,GAG,GGG
p.Pro67Ser,Pro,67,Ser,CCC,TCC
p.Pro67Thr,Pro,67,Thr,CCC,ACC
p.Pro67Arg,Pro,67,Arg,CCC,CGC
p.Pro67Ala,Pro,67,Ala,CCC,GCC
p.Pro67His,Pro,67,His,CCC,CAC
p.Pro67Leu,Pro,67,Leu,CCC,CTC
p.Ile68Asn,Ile,68,Asn,ATT,AAT
p.Ile68Leu,Ile,68,Leu,ATT,CTT
p.Ile68Met,Ile,68,Met,ATT,ATG
p.Ile68Val,Ile,68,Val,ATT,GTT
p.Ile68Ser,Ile,68,Ser,ATT,AGT
p.Ile68Phe,Ile,68,Phe,ATT,TTT
p.Ile68Thr,Ile,68,Thr,ATT,ACT
p.Tyr69Asn,Tyr,69,Asn,TAC,AAC
p.Tyr69Ser,Tyr,69,Ser,TAC,TCC
p.Tyr69Cys,Tyr,69,Cys,TAC,TGC
p.Tyr69Phe,Tyr,69,Phe,TAC,TTC
p.Tyr69Asp,Tyr,69,Asp,TAC,GAC
p.Tyr69Ter,Tyr,69,Ter,TAC,TAA
p.Tyr69His,Tyr,69,His,TAC,CAC
p.Ile70Asn,Ile,70,Asn,ATC,AAC
p.Ile70Thr,Ile,70,Thr,ATC,ACC
p.Ile70Phe,Ile,70,Phe,ATC,TTC
p.Ile70Met,Ile,70,Met,ATC,ATG
p.Ile70Val,Ile,70,Val,ATC,GTC
p.Ile70Ser,Ile,70,Ser,ATC,AGC
p.Ile70Leu,Ile,70,Leu,ATC,CTC
p.Val71Asp,Val,71,Asp,GTC,GAC
p.Val71Ala,Val,71,Ala,GTC,GCC
p.Val71Phe,Val,71,Phe,GTC,TTC
p.Val71Ile,Val,71,Ile,GTC,ATC
p.Val71Gly,Val,71,Gly,GTC,GGC
p.Val71Leu,Val,71,Leu,GTC,CTC
p.Thr72Lys,Thr,72,Lys,ACG,AAG
p.Thr72Pro,Thr,72,Pro,ACG,CCG
p.Thr72Met,Thr,72,Met,ACG,ATG
p.Thr72Arg,Thr,72,Arg,ACG,AGG
p.Thr72Ala,Thr,72,Ala,ACG,GCG
p.Thr72Ser,Thr,72,Ser,ACG,TCG
p.Glu73Lys,Glu,73,Lys,GAG,AAG
p.Glu73Gln,Glu,73,Gln,GAG,CAG
p.Glu73Asp,Glu,73,Asp,GAG,GAT
p.Glu73Ter,Glu,73,Ter,GAG,TAG
p.Glu73Val,Glu,73,Val,GAG,GTG
p.Glu73Ala,Glu,73,Ala,GAG,GCG
p.Glu73Gly,Glu,73,Gly,GAG,GGG
p.Tyr74Asn,Tyr,74,Asn,TAC,AAC
p.Tyr74Ser,Tyr,74,Ser,TAC,TCC
p.Tyr74Cys,Tyr,74,Cys,TAC,TGC
p.Tyr74Phe,Tyr,74,Phe,TAC,TTC
p.Tyr74Asp,Tyr,74,Asp,TAC,GAC
p.Tyr74Ter,Tyr,74,Ter,TAC,TAA
p.Tyr74His,Tyr,74,His,TAC,CAC
p.Met75Lys,Met,75,Lys,ATG,AAG
p.Met75Thr,Met,75,Thr,ATG,ACG
p.Met75Leu,Met,75,Leu,ATG,TTG
p.Met75Ile,Met,75,Ile,ATG,ATT
p.Met75Val,Met,75,Val,ATG,GTG
p.Met75Arg,Met,75,Arg,ATG,AGG
p.Ser76Asn,Ser,76,Asn,AGC,AAC
p.Ser76Thr,Ser,76,Thr,AGC,ACC
p.Ser76Cys,Ser,76,Cys,AGC,TGC
p.Ser76Arg,Ser,76,Arg,AGC,CGC
p.Ser76Ile,Ser,76,Ile,AGC,ATC
p.Ser76Gly,Ser,76,Gly,AGC,GGC
p.Lys77Gln,Lys,77,Gln,AAG,CAG
p.Lys77Glu,Lys,77,Glu,AAG,GAG
p.Lys77Asn,Lys,77,Asn,AAG,AAT
p.Lys77Thr,Lys,77,Thr,AAG,ACG
p.Lys77Ter,Lys,77,Ter,AAG,TAG
p.Lys77Met,Lys,77,Met,AAG,ATG
p.Lys77Arg,Lys,77,Arg,AAG,AGG
p.Gly78Glu,Gly,78,Glu,GGG,GAG
p.Gly78Val,Gly,78,Val,GGG,GTG
p.Gly78Trp,Gly,78,Trp,GGG,TGG
p.Gly78Arg,Gly,78,Arg,GGG,CGG
p.Gly78Ala,Gly,78,Ala,GGG,GCG
p.Ser79Asn,Ser,79,Asn,AGT,AAT
p.Ser79Cys,Ser,79,Cys,AGT,TGT
p.Ser79Ile,Ser,79,Ile,AGT,ATT
p.Ser79Gly,Ser,79,Gly,AGT,GGT
p.Ser79Arg,Ser,79,Arg,AGT,CGT
p.Ser79Thr,Ser,79,Thr,AGT,ACT
p.Leu80Ter,Leu,80,Ter,TTG,TAG
p.Leu80Trp,Leu,80,Trp,TTG,TGG
p.Leu80Met,Leu,80,Met,TTG,ATG
p.Leu80Val,Leu,80,Val,TTG,GTG
p.Leu80Phe,Leu,80,Phe,TTG,TTT
p.Leu80Ser,Leu,80,Ser,TTG,TCG
p.Leu81Gln,Leu,81,Gln,CTG,CAG
p.Leu81Pro,Leu,81,Pro,CTG,CCG
p.Leu81Val,Leu,81,Val,CTG,GTG
p.Leu81Met,Leu,81,Met,CTG,ATG
p.Leu81Arg,Leu,81,Arg,CTG,CGG
p.Asp82Asn,Asp,82,Asn,GAC,AAC
p.Asp82Glu,Asp,82,Glu,GAC,GAA
p.Asp82Val,Asp,82,Val,GAC,GTC
p.Asp82Ala,Asp,82,Ala,GAC,GCC
p.Asp82Tyr,Asp,82,Tyr,GAC,TAC
p.Asp82His,Asp,82,His,GAC,CAC
p.Asp82Gly,Asp,82,Gly,GAC,GGC
p.Phe83Ser,Phe,83,Ser,TTT,TCT
p.Phe83Cys,Phe,83,Cys,TTT,TGT
p.Phe83Leu,Phe,83,Leu,TTT,CTT
p.Phe83Ile,Phe,83,Ile,TTT,ATT
p.Phe83Val,Phe,83,Val,TTT,GTT
p.Phe83Tyr,Phe,83,Tyr,TTT,TAT
p.Leu84His,Leu,84,His,CTC,CAC
p.Leu84Arg,Leu,84,Arg,CTC,CGC
p.Leu84Phe,Leu,84,Phe,CTC,TTC
p.Leu84Pro,Leu,84,Pro,CTC,CCC
p.Leu84Ile,Leu,84,Ile,CTC,ATC
p.Leu84Val,Leu,84,Val,CTC,GTC
p.Lys85Gln,Lys,85,Gln,AAG,CAG
p.Lys85Glu,Lys,85,Glu,AAG,GAG
p.Lys85Asn,Lys,85,Asn,AAG,AAT
p.Lys85Thr,Lys,85,Thr,AAG,ACG
p.Lys85Ter,Lys,85,Ter,AAG,TAG
p.Lys85Met,Lys,85,Met,AAG,ATG
p.Lys85Arg,Lys,85,Arg,AAG,AGG
p.Gly86Glu,Gly,86,Glu,GGG,GAG
p.Gly86Val,Gly,86,Val,GGG,GTG
p.Gly86Trp,Gly,86,Trp,GGG,TGG
p.Gly86Arg,Gly,86,Arg,GGG,CGG
p.Gly86Ala,Gly,86,Ala,GGG,GCG
p.Glu87Lys,Glu,87,Lys,GAG,AAG
p.Glu87Gln,Glu,87,Gln,GAG,CAG
p.Glu87Asp,Glu,87,Asp,GAG,GAT
p.Glu87Ter,Glu,87,Ter,GAG,TAG
p.Glu87Val,Glu,87,Val,GAG,GTG
p.Glu87Ala,Glu,87,Ala,GAG,GCG
p.Glu87Gly,Glu,87,Gly,GAG,GGG
p.Thr88Ile,Thr,88,Ile,ACA,ATA
p.Thr88Ala,Thr,88,Ala,ACA,GCA
p.Thr88Lys,Thr,88,Lys,ACA,AAA
p.Thr88Ser,Thr,88,Ser,ACA,TCA
p.Thr88Arg,Thr,88,Arg,ACA,AGA
p.Thr88Pro,Thr,88,Pro,ACA,CCA
p.Gly89Cys,Gly,89,Cys,GGC,TGC
p.Gly89Arg,Gly,89,Arg,GGC,CGC
p.Gly89Asp,Gly,89,Asp,GGC,GAC
p.Gly89Ala,Gly,89,Ala,GGC,GCC
p.Gly89Val,Gly,89,Val,GGC,GTC
p.Gly89Ser,Gly,89,Ser,GGC,AGC
p.Lys90Gln,Lys,90,Gln,AAG,CAG
p.Lys90Glu,Lys,90,Glu,AAG,GAG
p.Lys90Asn,Lys,90,Asn,AAG,AAT
p.Lys90Thr,Lys,90,Thr,AAG,ACG
p.Lys90Ter,Lys,90,Ter,AAG,TAG
p.Lys90Met,Lys,90,Met,AAG,ATG
p.Lys90Arg,Lys,90,Arg,AAG,AGG
p.Tyr91Asn,Tyr,91,Asn,TAC,AAC
p.Tyr91Ser,Tyr,91,Ser,TAC,TCC
p.Tyr91Cys,Tyr,91,Cys,TAC,TGC
p.Tyr91Phe,Tyr,91,Phe,TAC,TTC
p.Tyr91Asp,Tyr,91,Asp,TAC,GAC
p.Tyr91Ter,Tyr,91,Ter,TAC,TAA
p.Tyr91His,Tyr,91,His,TAC,CAC
p.Leu92Gln,Leu,92,Gln,CTG,CAG
p.Leu92Pro,Leu,92,Pro,CTG,CCG
p.Leu92Val,Leu,92,Val,CTG,GTG
p.Leu92Met,Leu,92,Met,CTG,ATG
p.Leu92Arg,Leu,92,Arg,CTG,CGG
p.Arg93Gln,Arg,93,Gln,CGG,CAG
p.Arg93Pro,Arg,93,Pro,CGG,CCG
p.Arg93Trp,Arg,93,Trp,CGG,TGG
p.Arg93Leu,Arg,93,Leu,CGG,CTG
p.Arg93Gly,Arg,93,Gly,CGG,GGG
p.Leu94Gln,Leu,94,Gln,CTG,CAG
p.Leu94Pro,Leu,94,Pro,CTG,CCG
p.Leu94Val,Leu,94,Val,CTG,GTG
p.Leu94Met,Leu,94,Met,CTG,ATG
p.Leu94Arg,Leu,94,Arg,CTG,CGG
p.Pro95Ser,Pro,95,Ser,CCT,TCT
p.Pro95Ala,Pro,95,Ala,CCT,GCT
p.Pro95His,Pro,95,His,CCT,CAT
p.Pro95Leu,Pro,95,Leu,CCT,CTT
p.Pro95Arg,Pro,95,Arg,CCT,CGT
p.Pro95Thr,Pro,95,Thr,CCT,ACT
p.Gln96Lys,Gln,96,Lys,CAG,AAG
p.Gln96Glu,Gln,96,Glu,CAG,GAG
p.Gln96Pro,Gln,96,Pro,CAG,CCG
p.Gln96His,Gln,96,His,CAG,CAT
p.Gln96Ter,Gln,96,Ter,CAG,TAG
p.Gln96Arg,Gln,96,Arg,CAG,CGG
p.Gln96Leu,Gln,96,Leu,CAG,CTG
p.Leu97Gln,Leu,97,Gln,CTG,CAG
p.Leu97Pro,Leu,97,Pro,CTG,CCG
p.Leu97Val,Leu,97,Val,CTG,GTG
p.Leu97Met,Leu,97,Met,CTG,ATG
p.Leu97Arg,Leu,97,Arg,CTG,CGG
p.Val98Glu,Val,98,Glu,GTG,GAG
p.Val98Leu,Val,98,Leu,GTG,TTG
p.Val98Met,Val,98,Met,GTG,ATG
p.Val98Ala,Val,98,Ala,GTG,GCG
p.Val98Gly,Val,98,Gly,GTG,GGG
p.Asp99Asn,Asp,99,Asn,GAC,AAC
p.Asp99Glu,Asp,99,Glu,GAC,GAA
p.Asp99Val,Asp,99,Val,GAC,GTC
p.Asp99Ala,Asp,99,Ala,GAC,GCC
p.Asp99Tyr,Asp,99,Tyr,GAC,TAC
p.Asp99His,Asp,99,His,GAC,CAC
p.Asp99Gly,Asp,99,Gly,GAC,GGC
p.Met100Lys,Met,100,Lys,ATG,AAG
p.Met100Thr,Met,100,Thr,ATG,ACG
p.Met100Leu,Met,100,Leu,ATG,TTG
p.Met100Ile,Met,100,Ile,ATG,ATT
p.Met100Val,Met,100,Val,ATG,GTG
p.Met100Arg,Met,100,Arg,ATG,AGG
p.Ala101Ser,Ala,101,Ser,GCT,TCT
p.Ala101Pro,Ala,101,Pro,GCT,CCT
p.Ala101Val,Ala,101,Val,GCT,GTT
p.Ala101Gly,Ala,101,Gly,GCT,GGT
p.Ala101Asp,Ala,101,Asp,GCT,GAT
p.Ala101Thr,Ala,101,Thr,GCT,ACT
p.Ala102Ser,Ala,102,Ser,GCT,TCT
p.Ala102Pro,Ala,102,Pro,GCT,CCT
p.Ala102Val,Ala,102,Val,GCT,GTT
p.Ala102Gly,Ala,102,Gly,GCT,GGT
p.Ala102Asp,Ala,102,Asp,GCT,GAT
p.Ala102Thr,Ala,102,Thr,GCT,ACT
p.Gln103Lys,Gln,103,Lys,CAG,AAG
p.Gln103Glu,Gln,103,Glu,CAG,GAG
p.Gln103Pro,Gln,103,Pro,CAG,CCG
p.Gln103His,Gln,103,His,CAG,CAT
p.Gln103Ter,Gln,103,Ter,CAG,TAG
p.Gln103Arg,Gln,103,Arg,CAG,CGG
p.Gln103Leu,Gln,103,Leu,CAG,CTG
p.Ile104Asn,Ile,104,Asn,ATC,AAC
p.Ile104Thr,Ile,104,Thr,ATC,ACC
p.Ile104Phe,Ile,104,Phe,ATC,TTC
p.Ile104Met,Ile,104,Met,ATC,ATG
p.Ile104Val,Ile,104,Val,ATC,GTC
p.Ile104Ser,Ile,104,Ser,ATC,AGC
p.Ile104Leu,Ile,104,Leu,ATC,CTC
p.Ala105Ser,Ala,105,Ser,GCC,TCC
p.Ala105Thr,Ala,105,Thr,GCC,ACC
p.Ala105Asp,Ala,105,Asp,GCC,GAC
p.Ala105Pro,Ala,105,Pro,GCC,CCC
p.Ala105Gly,Ala,105,Gly,GCC,GGC
p.Ala105Val,Ala,105,Val,GCC,GTC
p.Ser106Ala,Ser,106,Ala,TCA,GCA
p.Ser106Thr,Ser,106,Thr,TCA,ACA
p.Ser106Ter,Ser,106,Ter,TCA,TAA
p.Ser106Pro,Ser,106,Pro,TCA,CCA
p.Ser106Leu,Ser,106,Leu,TCA,TTA
p.Gly107Cys,Gly,107,Cys,GGC,TGC
p.Gly107Arg,Gly,107,Arg,GGC,CGC
p.Gly107Asp,Gly,107,Asp,GGC,GAC
p.Gly107Ala,Gly,107,Ala,GGC,GCC
p.Gly107Val,Gly,107,Val,GGC,GTC
p.Gly107Ser,Gly,107,Ser,GGC,AGC
p.Met108Lys,Met,108,Lys,ATG,AAG
p.Met108Thr,Met,108,Thr,ATG,ACG
p.Met108Leu,Met,108,Leu,ATG,TTG
p.Met108Ile,Met,108,Ile,ATG,ATT
p.Met108Val,Met,108,Val,ATG,GTG
p.Met108Arg,Met,108,Arg,ATG,AGG
p.Ala109Glu,Ala,109,Glu,GCG,GAG
p.Ala109Thr,Ala,109,Thr,GCG,ACG
p.Ala109Pro,Ala,109,Pro,GCG,CCG
p.Ala109Gly,Ala,109,Gly,GCG,GGG
p.Ala109Val,Ala,109,Val,GCG,GTG
p.Ala109Ser,Ala,109,Ser,GCG,TCG
p.Tyr110Asn,Tyr,110,Asn,TAC,AAC
p.Tyr110Ser,Tyr,110,Ser,TAC,TCC
p.Tyr110Cys,Tyr,110,Cys,TAC,TGC
p.Tyr110Phe,Tyr,110,Phe,TAC,TTC
p.Tyr110Asp,Tyr,110,Asp,TAC,GAC
p.Tyr110Ter,Tyr,110,Ter,TAC,TAA
p.Tyr110His,Tyr,110,His,TAC,CAC
p.Val111Glu,Val,111,Glu,GTG,GAG
p.Val111Leu,Val,111,Leu,GTG,TTG
p.Val111Met,Val,111,Met,GTG,ATG
p.Val111Ala,Val,111,Ala,GTG,GCG
p.Val111Gly,Val,111,Gly,GTG,GGG
p.Glu112Lys,Glu,112,Lys,GAG,AAG
p.Glu112Gln,Glu,112,Gln,GAG,CAG
p.Glu112Asp,Glu,112,Asp,GAG,GAT
p.Glu112Ter,Glu,112,Ter,GAG,TAG
p.Glu112Val,Glu,112,Val,GAG,GTG
p.Glu112Ala,Glu,112,Ala,GAG,GCG
p.Glu112Gly,Glu,112,Gly,GAG,GGG
p.Arg113Gln,Arg,113,Gln,CGG,CAG
p.Arg113Pro,Arg,113,Pro,CGG,CCG
p.Arg113Trp,Arg,113,Trp,CGG,TGG
p.Arg113Leu,Arg,113,Leu,CGG,CTG
p.Arg113Gly,Arg,113,Gly,CGG,GGG
p.Met114Lys,Met,114,Lys,ATG,AAG
p.Met114Thr,Met,114,Thr,ATG,ACG
p.Met114Leu,Met,114,Leu,ATG,TTG
p.Met114Ile,Met,114,Ile,ATG,ATT
p.Met114Val,Met,114,Val,ATG,GTG
p.Met114Arg,Met,114,Arg,ATG,AGG
p.Asn115Thr,Asn,115,Thr,AAC,ACC
p.Asn115Lys,Asn,115,Lys,AAC,AAA
p.Asn115Asp,Asn,115,Asp,AAC,GAC
p.Asn115Tyr,Asn,115,Tyr,AAC,TAC
p.Asn115Ile,Asn,115,Ile,AAC,ATC
p.Asn115His,Asn,115,His,AAC,CAC
p.Asn115Ser,Asn,115,Ser,AAC,AGC
p.Tyr116Asn,Tyr,116,Asn,TAC,AAC
p.Tyr116Ser,Tyr,116,Ser,TAC,TCC
p.Tyr116Cys,Tyr,116,Cys,TAC,TGC
p.Tyr116Phe,Tyr,116,Phe,TAC,TTC
p.Tyr116Asp,Tyr,116,Asp,TAC,GAC
p.Tyr116Ter,Tyr,116,Ter,TAC,TAA
p.Tyr116His,Tyr,116,His,TAC,CAC
p.Val117Asp,Val,117,Asp,GTC,GAC
p.Val117Ala,Val,117,Ala,GTC,GCC
p.Val117Phe,Val,117,Phe,GTC,TTC
p.Val117Ile,Val,117,Ile,GTC,ATC
p.Val117Gly,Val,117,Gly,GTC,GGC
p.Val117Leu,Val,117,Leu,GTC,CTC
p.His118Asn,His,118,Asn,CAC,AAC
p.His118Gln,His,118,Gln,CAC,CAA
p.His118Arg,His,118,Arg,CAC,CGC
p.His118Asp,His,118,Asp,CAC,GAC
p.His118Pro,His,118,Pro,CAC,CCC
p.His118Tyr,His,118,Tyr,CAC,TAC
p.His118Leu,His,118,Leu,CAC,CTC
p.Arg119Gln,Arg,119,Gln,CGG,CAG
p.Arg119Pro,Arg,119,Pro,CGG,CCG
p.Arg119Trp,Arg,119,Trp,CGG,TGG
p.Arg119Leu,Arg,119,Leu,CGG,CTG
p.Arg119Gly,Arg,119,Gly,CGG,GGG
p.Asp120Asn,Asp,120,Asn,GAC,AAC
p.Asp120Glu,Asp,120,Glu,GAC,GAA
p.Asp120Val,Asp,120,Val,GAC,GTC
p.Asp120Ala,Asp,120,Ala,GAC,GCC
p.Asp120Tyr,Asp,120,Tyr,GAC,TAC
p.Asp120His,Asp,120,His,GAC,CAC
p.Asp120Gly,Asp,120,Gly,GAC,GGC
p.Leu121His,Leu,121,His,CTT,CAT
p.Leu121Ile,Leu,121,Ile,CTT,ATT
p.Leu121Pro,Leu,121,Pro,CTT,CCT
p.Leu121Val,Leu,121,Val,CTT,GTT
p.Leu121Phe,Leu,121,Phe,CTT,TTT
p.Leu121Arg,Leu,121,Arg,CTT,CGT
p.Arg122Cys,Arg,122,Cys,CGT,TGT
p.Arg122His,Arg,122,His,CGT,CAT
p.Arg122Leu,Arg,122,Leu,CGT,CTT
p.Arg122Pro,Arg,122,Pro,CGT,CCT
p.Arg122Ser,Arg,122,Ser,CGT,AGT
p.Arg122Gly,Arg,122,Gly,CGT,GGT
p.Ala123Gly,Ala,123,Gly,GCA,GGA
p.Ala123Glu,Ala,123,Glu,GCA,GAA
p.Ala123Ser,Ala,123,Ser,GCA,TCA
p.Ala123Val,Ala,123,Val,GCA,GTA
p.Ala123Thr,Ala,123,Thr,GCA,ACA
p.Ala123Pro,Ala,123,Pro,GCA,CCA
p.Ala124Ser,Ala,124,Ser,GCC,TCC
p.Ala124Thr,Ala,124,Thr,GCC,ACC
p.Ala124Asp,Ala,124,Asp,GCC,GAC
p.Ala124Pro,Ala,124,Pro,GCC,CCC
p.Ala124Gly,Ala,124,Gly,GCC,GGC
p.Ala124Val,Ala,124,Val,GCC,GTC
p.Asn125Thr,Asn,125,Thr,AAC,ACC
p.Asn125Lys,Asn,125,Lys,AAC,AAA
p.Asn125Asp,Asn,125,Asp,AAC,GAC
p.Asn125Tyr,Asn,125,Tyr,AAC,TAC
p.Asn125Ile,Asn,125,Ile,AAC,ATC
p.Asn125His,Asn,125,His,AAC,CAC
p.Asn125Ser,Asn,125,Ser,AAC,AGC
p.Ile126Asn,Ile,126,Asn,ATC,AAC
p.Ile126Thr,Ile,126,Thr,ATC,ACC
p.Ile126Phe,Ile,126,Phe,ATC,TTC
p.Ile126Met,Ile,126,Met,ATC,ATG
p.Ile126Val,Ile,126,Val,ATC,GTC
p.Ile126Ser,Ile,126,Ser,ATC,AGC
p.Ile126Leu,Ile,126,Leu,ATC,CTC
p.Leu127Gln,Leu,127,Gln,CTG,CAG
p.Leu127Pro,Leu,127,Pro,CTG,CCG
p.Leu127Val,Leu,127,Val,CTG,GTG
p.Leu127Met,Leu,127,Met,CTG,ATG
p.Leu127Arg,Leu,127,Arg,CTG,CGG
p.Val128Glu,Val,128,Glu,GTG,GAG
p.Val128Leu,Val,128,Leu,GTG,TTG
p.Val128Met,Val,128,Met,GTG,ATG
p.Val128Ala,Val,128,Ala,GTG,GCG
p.Val128Gly,Val,128,Gly,GTG,GGG
p.Gly129Ala,Gly,129,Ala,GGA,GCA
p.Gly129Glu,Gly,129,Glu,GGA,GAA
p.Gly129Ter,Gly,129,Ter,GGA,TGA
p.Gly129Arg,Gly,129,Arg,GGA,CGA
p.Gly129Val,Gly,129,Val,GGA,GTA
p.Glu130Lys,Glu,130,Lys,GAG,AAG
p.Glu130Gln,Glu,130,Gln,GAG,CAG
p.Glu130Asp,Glu,130,Asp,GAG,GAT
p.Glu130Ter,Glu,130,Ter,GAG,TAG
p.Glu130Val,Glu,130,Val,GAG,GTG
p.Glu130Ala,Glu,130,Ala,GAG,GCG
p.Glu130Gly,Glu,130,Gly,GAG,GGG
p.Asn131Thr,Asn,131,Thr,AAC,ACC
p.Asn131Lys,Asn,131,Lys,AAC,AAA
p.Asn131Asp,Asn,131,Asp,AAC,GAC
p.Asn131Tyr,Asn,131,Tyr,AAC,TAC
p.Asn131Ile,Asn,131,Ile,AAC,ATC
p.Asn131His,Asn,131,His,AAC,CAC
p.Asn131Ser,Asn,131,Ser,AAC,AGC
p.Leu132Gln,Leu,132,Gln,CTG,CAG
p.Leu132Pro,Leu,132,Pro,CTG,CCG
p.Leu132Val,Leu,132,Val,CTG,GTG
p.Leu132Met,Leu,132,Met,CTG,ATG
p.Leu132Arg,Leu,132,Arg,CTG,CGG
p.Val133Glu,Val,133,Glu,GTG,GAG
p.Val133Leu,Val,133,Leu,GTG,TTG
p.Val133Met,Val,133,Met,GTG,ATG
p.Val133Ala,Val,133,Ala,GTG,GCG
p.Val133Gly,Val,133,Gly,GTG,GGG
p.Cys134Ter,Cys,134,Ter,TGC,TGA
p.Cys134Arg,Cys,134,Arg,TGC,CGC
p.Cys134Phe,Cys,134,Phe,TGC,TTC
p.Cys134Trp,Cys,134,Trp,TGC,TGG
p.Cys134Tyr,Cys,134,Tyr,TGC,TAC
p.Cys134Gly,Cys,134,Gly,TGC,GGC
p.Cys134Ser,Cys,134,Ser,TGC,AGC
p.Lys135Ile,Lys,135,Ile,AAA,ATA
p.Lys135Glu,Lys,135,Glu,AAA,GAA
p.Lys135Asn,Lys,135,Asn,AAA,AAT
p.Lys135Gln,Lys,135,Gln,AAA,CAA
p.Lys135Arg,Lys,135,Arg,AAA,AGA
p.Lys135Thr,Lys,135,Thr,AAA,ACA
p.Lys135Ter,Lys,135,Ter,AAA,TAA
p.Val136Glu,Val,136,Glu,GTG,GAG
p.Val136Leu,Val,136,Leu,GTG,TTG
p.Val136Met,Val,136,Met,GTG,ATG
p.Val136Ala,Val,136,Ala,GTG,GCG
p.Val136Gly,Val,136,Gly,GTG,GGG
p.Ala137Ser,Ala,137,Ser,GCC,TCC
p.Ala137Thr,Ala,137,Thr,GCC,ACC
p.Ala137Asp,Ala,137,Asp,GCC,GAC
p.Ala137Pro,Ala,137,Pro,GCC,CCC
p.Ala137Gly,Ala,137,Gly,GCC,GGC
p.Ala137Val,Ala,137,Val,GCC,GTC
p.Asp138Asn,Asp,138,Asn,GAC,AAC
p.Asp138Glu,Asp,138,Glu,GAC,GAA
p.Asp138Val,Asp,138,Val,GAC,GTC
p.Asp138Ala,Asp,138,Ala,GAC,GCC
p.Asp138Tyr,Asp,138,Tyr,GAC,TAC
p.Asp138His,Asp,138,His,GAC,CAC
p.Asp138Gly,Asp,138,Gly,GAC,GGC
p.Phe139Ser,Phe,139,Ser,TTT,TCT
p.Phe139Cys,Phe,139,Cys,TTT,TGT
p.Phe139Leu,Phe,139,Leu,TTT,CTT
p.Phe139Ile,Phe,139,Ile,TTT,ATT
p.Phe139Val,Phe,139,Val,TTT,GTT
p.Phe139Tyr,Phe,139,Tyr,TTT,TAT
p.Gly140Glu,Gly,140,Glu,GGG,GAG
p.Gly140Val,Gly,140,Val,GGG,GTG
p.Gly140Trp,Gly,140,Trp,GGG,TGG
p.Gly140Arg,Gly,140,Arg,GGG,CGG
p.Gly140Ala,Gly,140,Ala,GGG,GCG
p.Leu141Gln,Leu,141,Gln,CTG,CAG
p.Leu141Pro,Leu,141,Pro,CTG,CCG
p.Leu141Val,Leu,141,Val,CTG,GTG
p.Leu141Met,Leu,141,Met,CTG,ATG
p.Leu141Arg,Leu,141,Arg,CTG,CGG
p.Ala142Ser,Ala,142,Ser,GCT,TCT
p.Ala142Pro,Ala,142,Pro,GCT,CCT
p.Ala142Val,Ala,142,Val,GCT,GTT
p.Ala142Gly,Ala,142,Gly,GCT,GGT
p.Ala142Asp,Ala,142,Asp,GCT,GAT
p.Ala142Thr,Ala,142,Thr,GCT,ACT
p.Arg143Gln,Arg,143,Gln,CGG,CAG
p.Arg143Pro,Arg,143,Pro,CGG,CCG
p.Arg143Trp,Arg,143,Trp,CGG,TGG
p.Arg143Leu,Arg,143,Leu,CGG,CTG
p.Arg143Gly,Arg,143,Gly,CGG,GGG
p.Leu144His,Leu,144,His,CTC,CAC
p.Leu144Arg,Leu,144,Arg,CTC,CGC
p.Leu144Phe,Leu,144,Phe,CTC,TTC
p.Leu144Pro,Leu,144,Pro,CTC,CCC
p.Leu144Ile,Leu,144,Ile,CTC,ATC
p.Leu144Val,Leu,144,Val,CTC,GTC
p.Ile145Asn,Ile,145,Asn,ATT,AAT
p.Ile145Leu,Ile,145,Leu,ATT,CTT
p.Ile145Met,Ile,145,Met,ATT,ATG
p.Ile145Val,Ile,145,Val,ATT,GTT
p.Ile145Ser,Ile,145,Ser,ATT,AGT
p.Ile145Phe,Ile,145,Phe,ATT,TTT
p.Ile145Thr,Ile,145,Thr,ATT,ACT
p.Glu146Gly,Glu,146,Gly,GAA,GGA
p.Glu146Ala,Glu,146,Ala,GAA,GCA
p.Glu146Asp,Glu,146,Asp,GAA,GAT
p.Glu146Lys,Glu,146,Lys,GAA,AAA
p.Glu146Gln,Glu,146,Gln,GAA,CAA
p.Glu146Val,Glu,146,Val,GAA,GTA
p.Glu146Ter,Glu,146,Ter,GAA,TAA
p.Asp147Asn,Asp,147,Asn,GAC,AAC
p.Asp147Glu,Asp,147,Glu,GAC,GAA
p.Asp147Val,Asp,147,Val,GAC,GTC
p.Asp147Ala,Asp,147,Ala,GAC,GCC
p.Asp147Tyr,Asp,147,Tyr,GAC,TAC
p.Asp147His,Asp,147,His,GAC,CAC
p.Asp147Gly,Asp,147,Gly,GAC,GGC
p.Asn148Lys,Asn,148,Lys,AAT,AAA
p.Asn148His,Asn,148,His,AAT,CAT
p.Asn148Ile,Asn,148,Ile,AAT,ATT
p.Asn148Ser,Asn,148,Ser,AAT,AGT
p.Asn148Asp,Asn,148,Asp,AAT,GAT
p.Asn148Tyr,Asn,148,Tyr,AAT,TAT
p.Asn148Thr,Asn,148,Thr,AAT,ACT
p.Glu149Lys,Glu,149,Lys,GAG,AAG
p.Glu149Gln,Glu,149,Gln,GAG,CAG
p.Glu149Asp,Glu,149,Asp,GAG,GAT
p.Glu149Ter,Glu,149,Ter,GAG,TAG
p.Glu149Val,Glu,149,Val,GAG,GTG
p.Glu149Ala,Glu,149,Ala,GAG,GCG
p.Glu149Gly,Glu,149,Gly,GAG,GGG
p.Tyr150Asn,Tyr,150,Asn,TAC,AAC
p.Tyr150Ser,Tyr,150,Ser,TAC,TCC
p.Tyr150Cys,Tyr,150,Cys,TAC,TGC
p.Tyr150Phe,Tyr,150,Phe,TAC,TTC
p.Tyr150Asp,Tyr,150,Asp,TAC,GAC
p.Tyr150Ter,Tyr,150,Ter,TAC,TAA
p.Tyr150His,Tyr,150,His,TAC,CAC
p.Thr151Lys,Thr,151,Lys,ACG,AAG
p.Thr151Pro,Thr,151,Pro,ACG,CCG
p.Thr151Met,Thr,151,Met,ACG,ATG
p.Thr151Arg,Thr,151,Arg,ACG,AGG
p.Thr151Ala,Thr,151,Ala,ACG,GCG
p.Thr151Ser,Thr,151,Ser,ACG,TCG
p.Ala152Glu,Ala,152,Glu,GCG,GAG
p.Ala152Thr,Ala,152,Thr,GCG,ACG
p.Ala152Pro,Ala,152,Pro,GCG,CCG
p.Ala152Gly,Ala,152,Gly,GCG,GGG
p.Ala152Val,Ala,152,Val,GCG,GTG
p.Ala152Ser,Ala,152,Ser,GCG,TCG
p.Arg153Gln,Arg,153,Gln,CGG,CAG
p.Arg153Pro,Arg,153,Pro,CGG,CCG
p.Arg153Trp,Arg,153,Trp,CGG,TGG
p.Arg153Leu,Arg,153,Leu,CGG,CTG
p.Arg153Gly,Arg,153,Gly,CGG,GGG
p.Gln154Lys,Gln,154,Lys,CAA,AAA
p.Gln154Glu,Gln,154,Glu,CAA,GAA
p.Gln154His,Gln,154,His,CAA,CAT
p.Gln154Arg,Gln,154,Arg,CAA,CGA
p.Gln154Leu,Gln,154,Leu,CAA,CTA
p.Gln154Ter,Gln,154,Ter,CAA,TAA
p.Gln154Pro,Gln,154,Pro,CAA,CCA
p.Gly155Ala,Gly,155,Ala,GGT,GCT
p.Gly155Cys,Gly,155,Cys,GGT,TGT
p.Gly155Ser,Gly,155,Ser,GGT,AGT
p.Gly155Val,Gly,155,Val,GGT,GTT
p.Gly155Asp,Gly,155,Asp,GGT,GAT
p.Gly155Arg,Gly,155,Arg,GGT,CGT
p.Ala156Ser,Ala,156,Ser,GCC,TCC
p.Ala156Thr,Ala,156,Thr,GCC,ACC
p.Ala156Asp,Ala,156,Asp,GCC,GAC
p.Ala156Pro,Ala,156,Pro,GCC,CCC
p.Ala156Gly,Ala,156,Gly,GCC,GGC
p.Ala156Val,Ala,156,Val,GCC,GTC
p.Lys157Ile,Lys,157,Ile,AAA,ATA
p.Lys157Glu,Lys,157,Glu,AAA,GAA
p.Lys157Asn,Lys,157,Asn,AAA,AAT
p.Lys157Gln,Lys,157,Gln,AAA,CAA
p.Lys157Arg,Lys,157,Arg,AAA,AGA
p.Lys157Thr,Lys,157,Thr,AAA,ACA
p.Lys157Ter,Lys,157,Ter,AAA,TAA
p.Phe158Ser,Phe,158,Ser,TTC,TCC
p.Phe158Ile,Phe,158,Ile,TTC,ATC
p.Phe158Cys,Phe,158,Cys,TTC,TGC
p.Phe158Tyr,Phe,158,Tyr,TTC,TAC
p.Phe158Val,Phe,158,Val,TTC,GTC
p.Phe158Leu,Phe,158,Leu,TTC,CTC
p.Pro159Ser,Pro,159,Ser,CCC,TCC
p.Pro159Thr,Pro,159,Thr,CCC,ACC
p.Pro159Arg,Pro,159,Arg,CCC,CGC
p.Pro159Ala,Pro,159,Ala,CCC,GCC
p.Pro159His,Pro,159,His,CCC,CAC
p.Pro159Leu,Pro,159,Leu,CCC,CTC
p.Ile160Asn,Ile,160,Asn,ATC,AAC
p.Ile160Thr,Ile,160,Thr,ATC,ACC
p.Ile160Phe,Ile,160,Phe,ATC,TTC
p.Ile160Met,Ile,160,Met,ATC,ATG
p.Ile160Val,Ile,160,Val,ATC,GTC
p.Ile160Ser,Ile,160,Ser,ATC,AGC
p.Ile160Leu,Ile,160,Leu,ATC,CTC
p.Lys161Gln,Lys,161,Gln,AAG,CAG
p.Lys161Glu,Lys,161,Glu,AAG,GAG
p.Lys161Asn,Lys,161,Asn,AAG,AAT
p.Lys161Thr,Lys,161,Thr,AAG,ACG
p.Lys161Ter,Lys,161,Ter,AAG,TAG
p.Lys161Met,Lys,161,Met,AAG,ATG
p.Lys161Arg,Lys,161,Arg,AAG,AGG
p.Trp162Cys,Trp,162,Cys,TGG,TGT
p.Trp162Ter,Trp,162,Ter,TGG,TAG
p.Trp162Leu,Trp,162,Leu,TGG,TTG
p.Trp162Arg,Trp,162,Arg,TGG,CGG
p.Trp162Ser,Trp,162,Ser,TGG,TCG
p.Trp162Gly,Trp,162,Gly,TGG,GGG
p.Thr163Lys,Thr,163,Lys,ACG,AAG
p.Thr163Pro,Thr,163,Pro,ACG,CCG
p.Thr163Met,Thr,163,Met,ACG,ATG
p.Thr163Arg,Thr,163,Arg,ACG,AGG
p.Thr163Ala,Thr,163,Ala,ACG,GCG
p.Thr163Ser,Thr,163,Ser,ACG,TCG
p.Ala164Ser,Ala,164,Ser,GCT,TCT
p.Ala164Pro,Ala,164,Pro,GCT,CCT
p.Ala164Val,Ala,164,Val,GCT,GTT
p.Ala164Gly,Ala,164,Gly,GCT,GGT
p.Ala164Asp,Ala,164,Asp,GCT,GAT
p.Ala164Thr,Ala,164,Thr,GCT,ACT
p.Pro165Ala,Pro,165,Ala,CCA,GCA
p.Pro165Gln,Pro,165,Gln,CCA,CAA
p.Pro165Ser,Pro,165,Ser,CCA,TCA
p.Pro165Arg,Pro,165,Arg,CCA,CGA
p.Pro165Thr,Pro,165,Thr,CCA,ACA
p.Pro165Leu,Pro,165,Leu,CCA,CTA
p.Glu166Gly,Glu,166,Gly,GAA,GGA
p.Glu166Ala,Glu,166,Ala,GAA,GCA
p.Glu166Asp,Glu,166,Asp,GAA,GAT
p.Glu166Lys,Glu,166,Lys,GAA,AAA
p.Glu166Gln,Glu,166,Gln,GAA,CAA
p.Glu166Val,Glu,166,Val,GAA,GTA
p.Glu166Ter,Glu,166,Ter,GAA,TAA
p.Ala167Ser,Ala,167,Ser,GCT,TCT
p.Ala167Pro,Ala,167,Pro,GCT,CCT
p.Ala167Val,Ala,167,Val,GCT,GTT
p.Ala167Gly,Ala,167,Gly,GCT,GGT
p.Ala167Asp,Ala,167,Asp,GCT,GAT
p.Ala167Thr,Ala,167,Thr,GCT,ACT
p.Ala168Ser,Ala,168,Ser,GCC,TCC
p.Ala168Thr,Ala,168,Thr,GCC,ACC
p.Ala168Asp,Ala,168,Asp,GCC,GAC
p.Ala168Pro,Ala,168,Pro,GCC,CCC
p.Ala168Gly,Ala,168,Gly,GCC,GGC
p.Ala168Val,Ala,168,Val,GCC,GTC
p.Leu169His,Leu,169,His,CTC,CAC
p.Leu169Arg,Leu,169,Arg,CTC,CGC
p.Leu169Phe,Leu,169,Phe,CTC,TTC
p.Leu169Pro,Leu,169,Pro,CTC,CCC
p.Leu169Ile,Leu,169,Ile,CTC,ATC
p.Leu169Val,Leu,169,Val,CTC,GTC
p.Tyr170Ser,Tyr,170,Ser,TAT,TCT
p.Tyr170Asn,Tyr,170,Asn,TAT,AAT
p.Tyr170Cys,Tyr,170,Cys,TAT,TGT
p.Tyr170His,Tyr,170,His,TAT,CAT
p.Tyr170Ter,Tyr,170,Ter,TAT,TAA
p.Tyr170Asp,Tyr,170,Asp,TAT,GAT
p.Tyr170Phe,Tyr,170,Phe,TAT,TTT
p.Gly171Cys,Gly,171,Cys,GGC,TGC
p.Gly171Arg,Gly,171,Arg,GGC,CGC
p.Gly171Asp,Gly,171,Asp,GGC,GAC
p.Gly171Ala,Gly,171,Ala,GGC,GCC
p.Gly171Val,Gly,171,Val,GGC,GTC
p.Gly171Ser,Gly,171,Ser,GGC,AGC
p.Arg172Cys,Arg,172,Cys,CGC,TGC
p.Arg172His,Arg,172,His,CGC,CAC
p.Arg172Pro,Arg,172,Pro,CGC,CCC
p.Arg172Gly,Arg,172,Gly,CGC,GGC
p.Arg172Ser,Arg,172,Ser,CGC,AGC
p.Arg172Leu,Arg,172,Leu,CGC,CTC
p.Phe173Ser,Phe,173,Ser,TTC,TCC
p.Phe173Ile,Phe,173,Ile,TTC,ATC
p.Phe173Cys,Phe,173,Cys,TTC,TGC
p.Phe173Tyr,Phe,173,Tyr,TTC,TAC
p.Phe173Val,Phe,173,Val,TTC,GTC
p.Phe173Leu,Phe,173,Leu,TTC,CTC
p.Thr174Asn,Thr,174,Asn,ACC,AAC
p.Thr174Ser,Thr,174,Ser,ACC,TCC
p.Thr174Pro,Thr,174,Pro,ACC,CCC
p.Thr174Ala,Thr,174,Ala,ACC,GCC
p.Thr174Ile,Thr,174,Ile,ACC,ATC
p.Ile175Asn,Ile,175,Asn,ATC,AAC
p.Ile175Thr,Ile,175,Thr,ATC,ACC
p.Ile175Phe,Ile,175,Phe,ATC,TTC
p.Ile175Met,Ile,175,Met,ATC,ATG
p.Ile175Val,Ile,175,Val,ATC,GTC
p.Ile175Ser,Ile,175,Ser,ATC,AGC
p.Ile175Leu,Ile,175,Leu,ATC,CTC
p.Lys176Gln,Lys,176,Gln,AAG,CAG
p.Lys176Glu,Lys,176,Glu,AAG,GAG
p.Lys176Asn,Lys,176,Asn,AAG,AAT
p.Lys176Thr,Lys,176,Thr,AAG,ACG
p.Lys176Ter,Lys,176,Ter,AAG,TAG
p.Lys176Met,Lys,176,Met,AAG,ATG
p.Lys176Arg,Lys,176,Arg,AAG,AGG
p.Ser177Thr,Ser,177,Thr,TCG,ACG
p.Ser177Pro,Ser,177,Pro,TCG,CCG
p.Ser177Ter,Ser,177,Ter,TCG,TAG
p.Ser177Leu,Ser,177,Leu,TCG,TTG
p.Ser177Trp,Ser,177,Trp,TCG,TGG
p.Ser177Ala,Ser,177,Ala,TCG,GCG
p.Asp178Asn,Asp,178,Asn,GAC,AAC
p.Asp178Glu,Asp,178,Glu,GAC,GAA
p.Asp178Val,Asp,178,Val,GAC,GTC
p.Asp178Ala,Asp,178,Ala,GAC,GCC
p.Asp178Tyr,Asp,178,Tyr,GAC,TAC
p.Asp178His,Asp,178,His,GAC,CAC
p.Asp178Gly,Asp,178,Gly,GAC,GGC
p.Val179Glu,Val,179,Glu,GTG,GAG
p.Val179Leu,Val,179,Leu,GTG,TTG
p.Val179Met,Val,179,Met,GTG,ATG
p.Val179Ala,Val,179,Ala,GTG,GCG
p.Val179Gly,Val,179,Gly,GTG,GGG
p.Trp180Cys,Trp,180,Cys,TGG,TGT
p.Trp180Ter,Trp,180,Ter,TGG,TAG
p.Trp180Leu,Trp,180,Leu,TGG,TTG
p.Trp180Arg,Trp,180,Arg,TGG,CGG
p.Trp180Ser,Trp,180,Ser,TGG,TCG
p.Trp180Gly,Trp,180,Gly,TGG,GGG
p.Ser181Thr,Ser,181,Thr,TCC,ACC
p.Ser181Cys,Ser,181,Cys,TCC,TGC
p.Ser181Phe,Ser,181,Phe,TCC,TTC
p.Ser181Pro,Ser,181,Pro,TCC,CCC
p.Ser181Ala,Ser,181,Ala,TCC,GCC
p.Ser181Tyr,Ser,181,Tyr,TCC,TAC
p.Phe182Ser,Phe,182,Ser,TTC,TCC
p.Phe182Ile,Phe,182,Ile,TTC,ATC
p.Phe182Cys,Phe,182,Cys,TTC,TGC
p.Phe182Tyr,Phe,182,Tyr,TTC,TAC
p.Phe182Val,Phe,182,Val,TTC,GTC
p.Phe182Leu,Phe,182,Leu,TTC,CTC
p.Gly183Glu,Gly,183,Glu,GGG,GAG
p.Gly183Val,Gly,183,Val,GGG,GTG
p.Gly183Trp,Gly,183,Trp,GGG,TGG
p.Gly183Arg,Gly,183,Arg,GGG,CGG
p.Gly183Ala,Gly,183,Ala,GGG,GCG
p.Ile184Asn,Ile,184,Asn,ATC,AAC
p.Ile184Thr,Ile,184,Thr,ATC,ACC
p.Ile184Phe,Ile,184,Phe,ATC,TTC
p.Ile184Met,Ile,184,Met,ATC,ATG
p.Ile184Val,Ile,184,Val,ATC,GTC
p.Ile184Ser,Ile,184,Ser,ATC,AGC
p.Ile184Leu,Ile,184,Leu,ATC,CTC
p.Leu185Gln,Leu,185,Gln,CTG,CAG
p.Leu185Pro,Leu,185,Pro,CTG,CCG
p.Leu185Val,Leu,185,Val,CTG,GTG
p.Leu185Met,Leu,185,Met,CTG,ATG
p.Leu185Arg,Leu,185,Arg,CTG,CGG
p.Leu186Gln,Leu,186,Gln,CTG,CAG
p.Leu186Pro,Leu,186,Pro,CTG,CCG
p.Leu186Val,Leu,186,Val,CTG,GTG
p.Leu186Met,Leu,186,Met,CTG,ATG
p.Leu186Arg,Leu,186,Arg,CTG,CGG
p.Thr187Ser,Thr,187,Ser,ACT,TCT
p.Thr187Ala,Thr,187,Ala,ACT,GCT
p.Thr187Asn,Thr,187,Asn,ACT,AAT
p.Thr187Ile,Thr,187,Ile,ACT,ATT
p.Thr187Pro,Thr,187,Pro,ACT,CCT
p.Glu188Lys,Glu,188,Lys,GAG,AAG
p.Glu188Gln,Glu,188,Gln,GAG,CAG
p.Glu188Asp,Glu,188,Asp,GAG,GAT
p.Glu188Ter,Glu,188,Ter,GAG,TAG
p.Glu188Val,Glu,188,Val,GAG,GTG
p.Glu188Ala,Glu,188,Ala,GAG,GCG
p.Glu188Gly,Glu,188,Gly,GAG,GGG
p.Leu189His,Leu,189,His,CTC,CAC
p.Leu189Arg,Leu,189,Arg,CTC,CGC
p.Leu189Phe,Leu,189,Phe,CTC,TTC
p.Leu189Pro,Leu,189,Pro,CTC,CCC
p.Leu189Ile,Leu,189,Ile,CTC,ATC
p.Leu189Val,Leu,189,Val,CTC,GTC
p.Thr190Asn,Thr,190,Asn,ACC,AAC
p.Thr190Ser,Thr,190,Ser,ACC,TCC
p.Thr190Pro,Thr,190,Pro,ACC,CCC
p.Thr190Ala,Thr,190,Ala,ACC,GCC
p.Thr190Ile,Thr,190,Ile,ACC,ATC
p.Thr191Ile,Thr,191,Ile,ACA,ATA
p.Thr191Ala,Thr,191,Ala,ACA,GCA
p.Thr191Lys,Thr,191,Lys,ACA,AAA
p.Thr191Ser,Thr,191,Ser,ACA,TCA
p.Thr191Arg,Thr,191,Arg,ACA,AGA
p.Thr191Pro,Thr,191,Pro,ACA,CCA
p.Lys192Gln,Lys,192,Gln,AAG,CAG
p.Lys192Glu,Lys,192,Glu,AAG,GAG
p.Lys192Asn,Lys,192,Asn,AAG,AAT
p.Lys192Thr,Lys,192,Thr,AAG,ACG
p.Lys192Ter,Lys,192,Ter,AAG,TAG
p.Lys192Met,Lys,192,Met,AAG,ATG
p.Lys192Arg,Lys,192,Arg,AAG,AGG
p.Gly193Ala,Gly,193,Ala,GGA,GCA
p.Gly193Glu,Gly,193,Glu,GGA,GAA
p.Gly193Ter,Gly,193,Ter,GGA,TGA
p.Gly193Arg,Gly,193,Arg,GGA,CGA
p.Gly193Val,Gly,193,Val,GGA,GTA
p.Arg194Gln,Arg,194,Gln,CGG,CAG
p.Arg194Pro,Arg,194,Pro,CGG,CCG
p.Arg194Trp,Arg,194,Trp,CGG,TGG
p.Arg194Leu,Arg,194,Leu,CGG,CTG
p.Arg194Gly,Arg,194,Gly,CGG,GGG
p.Val195Glu,Val,195,Glu,GTG,GAG
p.Val195Leu,Val,195,Leu,GTG,TTG
p.Val195Met,Val,195,Met,GTG,ATG
p.Val195Ala,Val,195,Ala,GTG,GCG
p.Val195Gly,Val,195,Gly,GTG,GGG
p.Pro196Ser,Pro,196,Ser,CCC,TCC
p.Pro196Thr,Pro,196,Thr,CCC,ACC
p.Pro196Arg,Pro,196,Arg,CCC,CGC
p.Pro196Ala,Pro,196,Ala,CCC,GCC
p.Pro196His,Pro,196,His,CCC,CAC
p.Pro196Leu,Pro,196,Leu,CCC,CTC
p.Tyr197Asn,Tyr,197,Asn,TAC,AAC
p.Tyr197Ser,Tyr,197,Ser,TAC,TCC
p.Tyr197Cys,Tyr,197,Cys,TAC,TGC
p.Tyr197Phe,Tyr,197,Phe,TAC,TTC
p.Tyr197Asp,Tyr,197,Asp,TAC,GAC
p.Tyr197Ter,Tyr,197,Ter,TAC,TAA
p.Tyr197His,Tyr,197,His,TAC,CAC
p.Pro198Ser,Pro,198,Ser,CCT,TCT
p.Pro198Ala,Pro,198,Ala,CCT,GCT
p.Pro198His,Pro,198,His,CCT,CAT
p.Pro198Leu,Pro,198,Leu,CCT,CTT
p.Pro198Arg,Pro,198,Arg,CCT,CGT
p.Pro198Thr,Pro,198,Thr,CCT,ACT
p.Gly199Glu,Gly,199,Glu,GGG,GAG
p.Gly199Val,Gly,199,Val,GGG,GTG
p.Gly199Trp,Gly,199,Trp,GGG,TGG
p.Gly199Arg,Gly,199,Arg,GGG,CGG
p.Gly199Ala,Gly,199,Ala,GGG,GCG
p.Met200Lys,Met,200,Lys,ATG,AAG
p.Met200Thr,Met,200,Thr,ATG,ACG
p.Met200Leu,Met,200,Leu,ATG,TTG
p.Met200Ile,Met,200,Ile,ATG,ATT
p.Met200Val,Met,200,Val,ATG,GTG
p.Met200Arg,Met,200,Arg,ATG,AGG
p.Val201Glu,Val,201,Glu,GTG,GAG
p.Val201Leu,Val,201,Leu,GTG,TTG
p.Val201Met,Val,201,Met,GTG,ATG
p.Val201Ala,Val,201,Ala,GTG,GCG
p.Val201Gly,Val,201,Gly,GTG,GGG
p.Asn202Thr,Asn,202,Thr,AAC,ACC
p.Asn202Lys,Asn,202,Lys,AAC,AAA
p.Asn202Asp,Asn,202,Asp,AAC,GAC
p.Asn202Tyr,Asn,202,Tyr,AAC,TAC
p.Asn202Ile,Asn,202,Ile,AAC,ATC
p.Asn202His,Asn,202,His,AAC,CAC
p.Asn202Ser,Asn,202,Ser,AAC,AGC
p.Arg203Cys,Arg,203,Cys,CGC,TGC
p.Arg203His,Arg,203,His,CGC,CAC
p.Arg203Pro,Arg,203,Pro,CGC,CCC
p.Arg203Gly,Arg,203,Gly,CGC,GGC
p.Arg203Ser,Arg,203,Ser,CGC,AGC
p.Arg203Leu,Arg,203,Leu,CGC,CTC
p.Glu204Lys,Glu,204,Lys,GAG,AAG
p.Glu204Gln,Glu,204,Gln,GAG,CAG
p.Glu204Asp,Glu,204,Asp,GAG,GAT
p.Glu204Ter,Glu,204,Ter,GAG,TAG
p.Glu204Val,Glu,204,Val,GAG,GTG
p.Glu204Ala,Glu,204,Ala,GAG,GCG
p.Glu204Gly,Glu,204,Gly,GAG,GGG
p.Val205Glu,Val,205,Glu,GTG,GAG
p.Val205Leu,Val,205,Leu,GTG,TTG
p.Val205Met,Val,205,Met,GTG,ATG
p.Val205Ala,Val,205,Ala,GTG,GCG
p.Val205Gly,Val,205,Gly,GTG,GGG
p.Leu206Gln,Leu,206,Gln,CTG,CAG
p.Leu206Pro,Leu,206,Pro,CTG,CCG
p.Leu206Val,Leu,206,Val,CTG,GTG
p.Leu206Met,Leu,206,Met,CTG,ATG
p.Leu206Arg,Leu,206,Arg,CTG,CGG
p.Asp207Asn,Asp,207,Asn,GAC,AAC
p.Asp207Glu,Asp,207,Glu,GAC,GAA
p.Asp207Val,Asp,207,Val,GAC,GTC
p.Asp207Ala,Asp,207,Ala,GAC,GCC
p.Asp207Tyr,Asp,207,Tyr,GAC,TAC
p.Asp207His,Asp,207,His,GAC,CAC
p.Asp207Gly,Asp,207,Gly,GAC,GGC
p.Gln208Lys,Gln,208,Lys,CAG,AAG
p.Gln208Glu,Gln,208,Glu,CAG,GAG
p.Gln208Pro,Gln,208,Pro,CAG,CCG
p.Gln208His,Gln,208,His,CAG,CAT
p.Gln208Ter,Gln,208,Ter,CAG,TAG
p.Gln208Arg,Gln,208,Arg,CAG,CGG
p.Gln208Leu,Gln,208,Leu,CAG,CTG
p.Val209Glu,Val,209,Glu,GTG,GAG
p.Val209Leu,Val,209,Leu,GTG,TTG
p.Val209Met,Val,209,Met,GTG,ATG
p.Val209Ala,Val,209,Ala,GTG,GCG
p.Val209Gly,Val,209,Gly,GTG,GGG
p.Glu210Lys,Glu,210,Lys,GAG,AAG
p.Glu210Gln,Glu,210,Gln,GAG,CAG
p.Glu210Asp,Glu,210,Asp,GAG,GAT
p.Glu210Ter,Glu,210,Ter,GAG,TAG
p.Glu210Val,Glu,210,Val,GAG,GTG
p.Glu210Ala,Glu,210,Ala,GAG,GCG
p.Glu210Gly,Glu,210,Gly,GAG,GGG
p.Arg211Gln,Arg,211,Gln,CGG,CAG
p.Arg211Pro,Arg,211,Pro,CGG,CCG
p.Arg211Trp,Arg,211,Trp,CGG,TGG
p.Arg211Leu,Arg,211,Leu,CGG,CTG
p.Arg211Gly,Arg,211,Gly,CGG,GGG
p.Gly212Cys,Gly,212,Cys,GGC,TGC
p.Gly212Arg,Gly,212,Arg,GGC,CGC
p.Gly212Asp,Gly,212,Asp,GGC,GAC
p.Gly212Ala,Gly,212,Ala,GGC,GCC
p.Gly212Val,Gly,212,Val,GGC,GTC
p.Gly212Ser,Gly,212,Ser,GGC,AGC
p.Tyr213Asn,Tyr,213,Asn,TAC,AAC
p.Tyr213Ser,Tyr,213,Ser,TAC,TCC
p.Tyr213Cys,Tyr,213,Cys,TAC,TGC
p.Tyr213Phe,Tyr,213,Phe,TAC,TTC
p.Tyr213Asp,Tyr,213,Asp,TAC,GAC
p.Tyr213Ter,Tyr,213,Ter,TAC,TAA
p.Tyr213His,Tyr,213,His,TAC,CAC
p.Arg214Gln,Arg,214,Gln,CGG,CAG
p.Arg214Pro,Arg,214,Pro,CGG,CCG
p.Arg214Trp,Arg,214,Trp,CGG,TGG
p.Arg214Leu,Arg,214,Leu,CGG,CTG
p.Arg214Gly,Arg,214,Gly,CGG,GGG
p.Met215Lys,Met,215,Lys,ATG,AAG
p.Met215Thr,Met,215,Thr,ATG,ACG
p.Met215Leu,Met,215,Leu,ATG,TTG
p.Met215Ile,Met,215,Ile,ATG,ATT
p.Met215Val,Met,215,Val,ATG,GTG
p.Met215Arg,Met,215,Arg,ATG,AGG
p.Pro216Ser,Pro,216,Ser,CCC,TCC
p.Pro216Thr,Pro,216,Thr,CCC,ACC
p.Pro216Arg,Pro,216,Arg,CCC,CGC
p.Pro216Ala,Pro,216,Ala,CCC,GCC
p.Pro216His,Pro,216,His,CCC,CAC
p.Pro216Leu,Pro,216,Leu,CCC,CTC
p.Cys217Ter,Cys,217,Ter,TGC,TGA
p.Cys217Arg,Cys,217,Arg,TGC,CGC
p.Cys217Phe,Cys,217,Phe,TGC,TTC
p.Cys217Trp,Cys,217,Trp,TGC,TGG
p.Cys217Tyr,Cys,217,Tyr,TGC,TAC
p.Cys217Gly,Cys,217,Gly,TGC,GGC
p.Cys217Ser,Cys,217,Ser,TGC,AGC
p.Pro218Gln,Pro,218,Gln,CCG,CAG
p.Pro218Thr,Pro,218,Thr,CCG,ACG
p.Pro218Arg,Pro,218,Arg,CCG,CGG
p.Pro218Leu,Pro,218,Leu,CCG,CTG
p.Pro218Ala,Pro,218,Ala,CCG,GCG
p.Pro218Ser,Pro,218,Ser,CCG,TCG
p.Pro219Gln,Pro,219,Gln,CCG,CAG
p.Pro219Thr,Pro,219,Thr,CCG,ACG
p.Pro219Arg,Pro,219,Arg,CCG,CGG
p.Pro219Leu,Pro,219,Leu,CCG,CTG
p.Pro219Ala,Pro,219,Ala,CCG,GCG
p.Pro219Ser,Pro,219,Ser,CCG,TCG
p.Glu220Lys,Glu,220,Lys,GAG,AAG
p.Glu220Gln,Glu,220,Gln,GAG,CAG
p.Glu220Asp,Glu,220,Asp,GAG,GAT
p.Glu220Ter,Glu,220,Ter,GAG,TAG
p.Glu220Val,Glu,220,Val,GAG,GTG
p.Glu220Ala,Glu,220,Ala,GAG,GCG
p.Glu220Gly,Glu,220,Gly,GAG,GGG
p.Cys221Ter,Cys,221,Ter,TGT,TGA
p.Cys221Trp,Cys,221,Trp,TGT,TGG
p.Cys221Ser,Cys,221,Ser,TGT,AGT
p.Cys221Gly,Cys,221,Gly,TGT,GGT
p.Cys221Phe,Cys,221,Phe,TGT,TTT
p.Cys221Arg,Cys,221,Arg,TGT,CGT
p.Cys221Tyr,Cys,221,Tyr,TGT,TAT
p.Pro222Ser,Pro,222,Ser,CCC,TCC
p.Pro222Thr,Pro,222,Thr,CCC,ACC
p.Pro222Arg,Pro,222,Arg,CCC,CGC
p.Pro222Ala,Pro,222,Ala,CCC,GCC
p.Pro222His,Pro,222,His,CCC,CAC
p.Pro222Leu,Pro,222,Leu,CCC,CTC
p.Glu223Lys,Glu,223,Lys,GAG,AAG
p.Glu223Gln,Glu,223,Gln,GAG,CAG
p.Glu223Asp,Glu,223,Asp,GAG,GAT
p.Glu223Ter,Glu,223,Ter,GAG,TAG
p.Glu223Val,Glu,223,Val,GAG,GTG
p.Glu223Ala,Glu,223,Ala,GAG,GCG
p.Glu223Gly,Glu,223,Gly,GAG,GGG
p.Ser224Thr,Ser,224,Thr,TCC,ACC
p.Ser224Cys,Ser,224,Cys,TCC,TGC
p.Ser224Phe,Ser,224,Phe,TCC,TTC
p.Ser224Pro,Ser,224,Pro,TCC,CCC
p.Ser224Ala,Ser,224,Ala,TCC,GCC
p.Ser224Tyr,Ser,224,Tyr,TCC,TAC
p.Leu225Gln,Leu,225,Gln,CTG,CAG
p.Leu225Pro,Leu,225,Pro,CTG,CCG
p.Leu225Val,Leu,225,Val,CTG,GTG
p.Leu225Met,Leu,225,Met,CTG,ATG
p.Leu225Arg,Leu,225,Arg,CTG,CGG
p.His226Asn,His,226,Asn,CAC,AAC
p.His226Gln,His,226,Gln,CAC,CAA
p.His226Arg,His,226,Arg,CAC,CGC
p.His226Asp,His,226,Asp,CAC,GAC
p.His226Pro,His,226,Pro,CAC,CCC
p.His226Tyr,His,226,Tyr,CAC,TAC
p.His226Leu,His,226,Leu,CAC,CTC
p.Asp227Asn,Asp,227,Asn,GAC,AAC
p.Asp227Glu,Asp,227,Glu,GAC,GAA
p.Asp227Val,Asp,227,Val,GAC,GTC
p.Asp227Ala,Asp,227,Ala,GAC,GCC
p.Asp227Tyr,Asp,227,Tyr,GAC,TAC
p.Asp227His,Asp,227,His,GAC,CAC
p.Asp227Gly,Asp,227,Gly,GAC,GGC
p.Leu228His,Leu,228,His,CTC,CAC
p.Leu228Arg,Leu,228,Arg,CTC,CGC
p.Leu228Phe,Leu,228,Phe,CTC,TTC
p.Leu228Pro,Leu,228,Pro,CTC,CCC
p.Leu228Ile,Leu,228,Ile,CTC,ATC
p.Leu228Val,Leu,228,Val,CTC,GTC
p.Met229Lys,Met,229,Lys,ATG,AAG
p.Met229Thr,Met,229,Thr,ATG,ACG
p.Met229Leu,Met,229,Leu,ATG,TTG
p.Met229Ile,Met,229,Ile,ATG,ATT
p.Met229Val,Met,229,Val,ATG,GTG
p.Met229Arg,Met,229,Arg,ATG,AGG
p.Cys230Ter,Cys,230,Ter,TGC,TGA
p.Cys230Arg,Cys,230,Arg,TGC,CGC
p.Cys230Phe,Cys,230,Phe,TGC,TTC
p.Cys230Trp,Cys,230,Trp,TGC,TGG
p.Cys230Tyr,Cys,230,Tyr,TGC,TAC
p.Cys230Gly,Cys,230,Gly,TGC,GGC
p.Cys230Ser,Cys,230,Ser,TGC,AGC
p.Gln231Lys,Gln,231,Lys,CAG,AAG
p.Gln231Glu,Gln,231,Glu,CAG,GAG
p.Gln231Pro,Gln,231,Pro,CAG,CCG
p.Gln231His,Gln,231,His,CAG,CAT
p.Gln231Ter,Gln,231,Ter,CAG,TAG
p.Gln231Arg,Gln,231,Arg,CAG,CGG
p.Gln231Leu,Gln,231,Leu,CAG,CTG
p.Cys232Ter,Cys,232,Ter,TGC,TGA
p.Cys232Arg,Cys,232,Arg,TGC,CGC
p.Cys232Phe,Cys,232,Phe,TGC,TTC
p.Cys232Trp,Cys,232,Trp,TGC,TGG
p.Cys232Tyr,Cys,232,Tyr,TGC,TAC
p.Cys232Gly,Cys,232,Gly,TGC,GGC
p.Cys232Ser,Cys,232,Ser,TGC,AGC
p.Trp233Cys,Trp,233,Cys,TGG,TGT
p.Trp233Ter,Trp,233,Ter,TGG,TAG
p.Trp233Leu,Trp,233,Leu,TGG,TTG
p.Trp233Arg,Trp,233,Arg,TGG,CGG
p.Trp233Ser,Trp,233,Ser,TGG,TCG
p.Trp233Gly,Trp,233,Gly,TGG,GGG
p.Arg234Gln,Arg,234,Gln,CGG,CAG
p.Arg234Pro,Arg,234,Pro,CGG,CCG
p.Arg234Trp,Arg,234,Trp,CGG,TGG
p.Arg234Leu,Arg,234,Leu,CGG,CTG
p.Arg234Gly,Arg,234,Gly,CGG,GGG
p.Lys235Gln,Lys,235,Gln,AAG,CAG
p.Lys235Glu,Lys,235,Glu,AAG,GAG
p.Lys235Asn,Lys,235,Asn,AAG,AAT
p.Lys235Thr,Lys,235,Thr,AAG,ACG
p.Lys235Ter,Lys,235,Ter,AAG,TAG
p.Lys235Met,Lys,235,Met,AAG,ATG
p.Lys235Arg,Lys,235,Arg,AAG,AGG
p.Glu236Lys,Glu,236,Lys,GAG,AAG
p.Glu236Gln,Glu,236,Gln,GAG,CAG
p.Glu236Asp,Glu,236,Asp,GAG,GAT
p.Glu236Ter,Glu,236,Ter,GAG,TAG
p.Glu236Val,Glu,236,Val,GAG,GTG
p.Glu236Ala,Glu,236,Ala,GAG,GCG
p.Glu236Gly,Glu,236,Gly,GAG,GGG
p.Pro237Ser,Pro,237,Ser,CCT,TCT
p.Pro237Ala,Pro,237,Ala,CCT,GCT
p.Pro237His,Pro,237,His,CCT,CAT
p.Pro237Leu,Pro,237,Leu,CCT,CTT
p.Pro237Arg,Pro,237,Arg,CCT,CGT
p.Pro237Thr,Pro,237,Thr,CCT,ACT
p.Glu238Lys,Glu,238,Lys,GAG,AAG
p.Glu238Gln,Glu,238,Gln,GAG,CAG
p.Glu238Asp,Glu,238,Asp,GAG,GAT
p.Glu238Ter,Glu,238,Ter,GAG,TAG
p.Glu238Val,Glu,238,Val,GAG,GTG
p.Glu238Ala,Glu,238,Ala,GAG,GCG
p.Glu238Gly,Glu,238,Gly,GAG,GGG
p.Glu239Lys,Glu,239,Lys,GAG,AAG
p.Glu239Gln,Glu,239,Gln,GAG,CAG
p.Glu239Asp,Glu,239,Asp,GAG,GAT
p.Glu239Ter,Glu,239,Ter,GAG,TAG
p.Glu239Val,Glu,239,Val,GAG,GTG
p.Glu239Ala,Glu,239,Ala,GAG,GCG
p.Glu239Gly,Glu,239,Gly,GAG,GGG
p.Arg240Gln,Arg,240,Gln,CGG,CAG
p.Arg240Pro,Arg,240,Pro,CGG,CCG
p.Arg240Trp,Arg,240,Trp,CGG,TGG
p.Arg240Leu,Arg,240,Leu,CGG,CTG
p.Arg240Gly,Arg,240,Gly,CGG,GGG
p.Pro241Ser,Pro,241,Ser,CCC,TCC
p.Pro241Thr,Pro,241,Thr,CCC,ACC
p.Pro241Arg,Pro,241,Arg,CCC,CGC
p.Pro241Ala,Pro,241,Ala,CCC,GCC
p.Pro241His,Pro,241,His,CCC,CAC
p.Pro241Leu,Pro,241,Leu,CCC,CTC
p.Thr242Asn,Thr,242,Asn,ACC,AAC
p.Thr242Ser,Thr,242,Ser,ACC,TCC
p.Thr242Pro,Thr,242,Pro,ACC,CCC
p.Thr242Ala,Thr,242,Ala,ACC,GCC
p.Thr242Ile,Thr,242,Ile,ACC,ATC
p.Phe243Ser,Phe,243,Ser,TTC,TCC
p.Phe243Ile,Phe,243,Ile,TTC,ATC
p.Phe243Cys,Phe,243,Cys,TTC,TGC
p.Phe243Tyr,Phe,243,Tyr,TTC,TAC
p.Phe243Val,Phe,243,Val,TTC,GTC
p.Phe243Leu,Phe,243,Leu,TTC,CTC
p.Glu244Lys,Glu,244,Lys,GAG,AAG
p.Glu244Gln,Glu,244,Gln,GAG,CAG
p.Glu244Asp,Glu,244,Asp,GAG,GAT
p.Glu244Ter,Glu,244,Ter,GAG,TAG
p.Glu244Val,Glu,244,Val,GAG,GTG
p.Glu244Ala,Glu,244,Ala,GAG,GCG
p.Glu244Gly,Glu,244,Gly,GAG,GGG
p.Tyr245Asn,Tyr,245,Asn,TAC,AAC
p.Tyr245Ser,Tyr,245,Ser,TAC,TCC
p.Tyr245Cys,Tyr,245,Cys,TAC,TGC
p.Tyr245Phe,Tyr,245,Phe,TAC,TTC
p.Tyr245Asp,Tyr,245,Asp,TAC,GAC
p.Tyr245Ter,Tyr,245,Ter,TAC,TAA
p.Tyr245His,Tyr,245,His,TAC,CAC
p.Leu246Gln,Leu,246,Gln,CTG,CAG
p.Leu246Pro,Leu,246,Pro,CTG,CCG
p.Leu246Val,Leu,246,Val,CTG,GTG
p.Leu246Met,Leu,246,Met,CTG,ATG
p.Leu246Arg,Leu,246,Arg,CTG,CGG
p.Gln247Lys,Gln,247,Lys,CAG,AAG
p.Gln247Glu,Gln,247,Glu,CAG,GAG
p.Gln247Pro,Gln,247,Pro,CAG,CCG
p.Gln247His,Gln,247,His,CAG,CAT
p.Gln247Ter,Gln,247,Ter,CAG,TAG
p.Gln247Arg,Gln,247,Arg,CAG,CGG
p.Gln247Leu,Gln,247,Leu,CAG,CTG
p.Ala248Ser,Ala,248,Ser,GCC,TCC
p.Ala248Thr,Ala,248,Thr,GCC,ACC
p.Ala248Asp,Ala,248,Asp,GCC,GAC
p.Ala248Pro,Ala,248,Pro,GCC,CCC
p.Ala248Gly,Ala,248,Gly,GCC,GGC
p.Ala248Val,Ala,248,Val,GCC,GTC
p.Phe249Ser,Phe,249,Ser,TTC,TCC
p.Phe249Ile,Phe,249,Ile,TTC,ATC
p.Phe249Cys,Phe,249,Cys,TTC,TGC
p.Phe249Tyr,Phe,249,Tyr,TTC,TAC
p.Phe249Val,Phe,249,Val,TTC,GTC
p.Phe249Leu,Phe,249,Leu,TTC,CTC
p.Leu250Gln,Leu,250,Gln,CTG,CAG
p.Leu250Pro,Leu,250,Pro,CTG,CCG
p.Leu250Val,Leu,250,Val,CTG,GTG
p.Leu250Met,Leu,250,Met,CTG,ATG
p.Leu250Arg,Leu,250,Arg,CTG,CGG
