p.Gly1Ala,Gly,1,Ala,GGT,GCT
p.Gly1Cys,Gly,1,Cys,GGT,TGT
p.Gly1Ser,Gly,1,Ser,GGT,AGT
p.Gly1Val,Gly,1,Val,GGT,GTT
p.Gly1Asp,Gly,1,Asp,GGT,GAT
p.Gly1Arg,Gly,1,Arg,GGT,CGT
p.Asn2Thr,Asn,2,Thr,AAC,ACC
p.Asn2Lys,Asn,2,Lys,AAC,AAA
p.Asn2Asp,Asn,2,Asp,AAC,GAC
p.Asn2Tyr,Asn,2,Tyr,AAC,TAC
p.Asn2Ile,Asn,2,Ile,AAC,ATC
p.Asn2His,Asn,2,His,AAC,CAC
p.Asn2Ser,Asn,2,Ser,AAC,AGC
p.Ile3Asn,Ile,3,Asn,ATC,AAC
p.Ile3Thr,Ile,3,Thr,ATC,ACC
p.Ile3Phe,Ile,3,Phe,ATC,TTC
p.Ile3Met,Ile,3,Met,ATC,ATG
p.Ile3Val,Ile,3,Val,ATC,GTC
p.Ile3Ser,Ile,3,Ser,ATC,AGC
p.Ile3Leu,Ile,3,Leu,ATC,CTC
p.Phe4Ser,Phe,4,Ser,TTT,TCT
p.Phe4Cys,Phe,4,Cys,TTT,TGT
p.Phe4Leu,Phe,4,Leu,TTT,CTT
p.Phe4Ile,Phe,4,Ile,TTT,ATT
p.Phe4Val,Phe,4,Val,TTT,GTT
p.Phe4Tyr,Phe,4,Tyr,TTT,TAT
p.Ile5Asn,Ile,5,Asn,ATC,AAC
p.Ile5Thr,Ile,5,Thr,ATC,ACC
p.Ile5Phe,Ile,5,Phe,ATC,TTC
p.Ile5Met,Ile,5,Met,ATC,ATG
p.Ile5Val,Ile,5,Val,ATC,GTC
p.Ile5Ser,Ile,5,Ser,ATC,AGC
p.Ile5Leu,Ile,5,Leu,ATC,CTC
p.Lys6Gln,Lys,6,Gln,AAG,CAG
p.Lys6Glu,Lys,6,Glu,AAG,GAG
p.Lys6Asn,Lys,6,Asn,AAG,AAT
p.Lys6Thr,Lys,6,Thr,AAG,ACG
p.Lys6Ter,Lys,6,Ter,AAG,TAG
p.Lys6Met,Lys,6,Met,AAG,ATG
p.Lys6Arg,Lys,6,Arg,AAG,AGG
p.Asn7Thr,Asn,7,Thr,AAC,ACC
p.Asn7Lys,Asn,7,Lys,AAC,AAA
p.Asn7Asp,Asn,7,Asp,AAC,GAC
p.Asn7Tyr,Asn,7,Tyr,AAC,TAC
p.Asn7Ile,Asn,7,Ile,AAC,ATC
p.Asn7His,Asn,7,His,AAC,CAC
p.Asn7Ser,Asn,7,Ser,AAC,AGC
p.Leu8Ter,Leu,8,Ter,TTG,TAG
p.Leu8Trp,Leu,8,Trp,TTG,TGG
p.Leu8Met,Leu,8,Met,TTG,ATG
p.Leu8Val,Leu,8,Val,TTG,GTG
p.Leu8Phe,Leu,8,Phe,TTG,TTT
p.Leu8Ser,Leu,8,Ser,TTG,TCG
p.His9Asn,His,9,Asn,CAC,AAC
p.His9Gln,His,9,Gln,CAC,CAA
p.His9Arg,His,9,Arg,CAC,CGC
p.His9Asp,His,9,Asp,CAC,GAC
p.His9Pro,His,9,Pro,CAC,CCC
p.His9Tyr,His,9,Tyr,CAC,TAC
p.His9Leu,His,9,Leu,CAC,CTC
p.Pro10Ser,Pro,10,Ser,CCT,TCT
p.Pro10Ala,Pro,10,Ala,CCT,GCT
p.Pro10His,Pro,10,His,CCT,CAT
p.Pro10Leu,Pro,10,Leu,CCT,CTT
p.Pro10Arg,Pro,10,Arg,CCT,CGT
p.Pro10Thr,Pro,10,Thr,CCT,ACT
p.Asp11Glu,Asp,11,Glu,GAT,GAA
p.Asp11Ala,Asp,11,Ala,GAT,GCT
p.Asp11Asn,Asp,11,Asn,GAT,AAT
p.Asp11His,Asp,11,His,GAT,CAT
p.Asp11Val,Asp,11,Val,GAT,GTT
p.Asp11Gly,Asp,11,Gly,GAT,GGT
p.Asp11Tyr,Asp,11,Tyr,GAT,TAT
p.Ile12Asn,Ile,12,Asn,ATT,AAT
p.Ile12Leu,Ile,12,Leu,ATT,CTT
p.Ile12Met,Ile,12,Met,ATT,ATG
p.Ile12Val,Ile,12,Val,ATT,GTT
p.Ile12Ser,Ile,12,Ser,ATT,AGT
p.Ile12Phe,Ile,12,Phe,ATT,TTT
p.Ile12Thr,Ile,12,Thr,ATT,ACT
p.Asp13Asn,Asp,13,Asn,GAC,AAC
p.Asp13Glu,Asp,13,Glu,GAC,GAA
p.Asp13Val,Asp,13,Val,GAC,GTC
p.Asp13Ala,Asp,13,Ala,GAC,GCC
p.Asp13Tyr,Asp,13,Tyr,GAC,TAC
p.Asp13His,Asp,13,His,GAC,CAC
p.Asp13Gly,Asp,13,Gly,GAC,GGC
p.Asn14Thr,Asn,14,Thr,AAC,ACC
p.Asn14Lys,Asn,14,Lys,AAC,AAA
p.Asn14Asp,Asn,14,Asp,AAC,GAC
p.Asn14Tyr,Asn,14,Tyr,AAC,TAC
p.Asn14Ile,Asn,14,Ile,AAC,ATC
p.Asn14His,Asn,14,His,AAC,CAC
p.Asn14Ser,Asn,14,Ser,AAC,AGC
p.Lys15Gln,Lys,15,Gln,AAG,CAG
p.Lys15Glu,Lys,15,Glu,AAG,GAG
p.Lys15Asn,Lys,15,Asn,AAG,AAT
p.Lys15Thr,Lys,15,Thr,AAG,ACG
p.Lys15Ter,Lys,15,Ter,AAG,TAG
p.Lys15Met,Lys,15,Met,AAG,ATG
p.Lys15Arg,Lys,15,Arg,AAG,AGG
p.Ala16Ser,Ala,16,Ser,GCT,TCT
p.Ala16Pro,Ala,16,Pro,GCT,CCT
p.Ala16Val,Ala,16,Val,GCT,GTT
p.Ala16Gly,Ala,16,Gly,GCT,GGT
p.Ala16Asp,Ala,16,Asp,GCT,GAT
p.Ala16Thr,Ala,16,Thr,GCT,ACT
p.Leu17Ter,Leu,17,Ter,TTG,TAG
p.Leu17Trp,Leu,17,Trp,TTG,TGG
p.Leu17Met,Leu,17,Met,TTG,ATG
p.Leu17Val,Leu,17,Val,TTG,GTG
p.Leu17Phe,Leu,17,Phe,TTG,TTT
p.Leu17Ser,Leu,17,Ser,TTG,TCG
p.Tyr18Ser,Tyr,18,Ser,TAT,TCT
p.Tyr18Asn,Tyr,18,Asn,TAT,AAT
p.Tyr18Cys,Tyr,18,Cys,TAT,TGT
p.Tyr18His,Tyr,18,His,TAT,CAT
p.Tyr18Ter,Tyr,18,Ter,TAT,TAA
p.Tyr18Asp,Tyr,18,Asp,TAT,GAT
p.Tyr18Phe,Tyr,18,Phe,TAT,TTT
p.Asp19Asn,Asp,19,Asn,GAC,AAC
p.Asp19Glu,Asp,19,Glu,GAC,GAA
p.Asp19Val,Asp,19,Val,GAC,GTC
p.Asp19Ala,Asp,19,Ala,GAC,GCC
p.Asp19Tyr,Asp,19,Tyr,GAC,TAC
p.Asp19His,Asp,19,His,GAC,CAC
p.Asp19Gly,Asp,19,Gly,GAC,GGC
p.Thr20Ser,Thr,20,Ser,ACT,TCT
p.Thr20Ala,Thr,20,Ala,ACT,GCT
p.Thr20Asn,Thr,20,Asn,ACT,AAT
p.Thr20Ile,Thr,20,Ile,ACT,ATT
p.Thr20Pro,Thr,20,Pro,ACT,CCT
p.Phe21Ser,Phe,21,Ser,TTC,TCC
p.Phe21Ile,Phe,21,Ile,TTC,ATC
p.Phe21Cys,Phe,21,Cys,TTC,TGC
p.Phe21Tyr,Phe,21,Tyr,TTC,TAC
p.Phe21Val,Phe,21,Val,TTC,GTC
p.Phe21Leu,Phe,21,Leu,TTC,CTC
p.Ser22Ala,Ser,22,Ala,TCT,GCT
p.Ser22Cys,Ser,22,Cys,TCT,TGT
p.Ser22Pro,Ser,22,Pro,TCT,CCT
p.Ser22Phe,Ser,22,Phe,TCT,TTT
p.Ser22Tyr,Ser,22,Tyr,TCT,TAT
p.Ser22Thr,Ser,22,Thr,TCT,ACT
p.Val23Glu,Val,23,Glu,GTG,GAG
p.Val23Leu,Val,23,Leu,GTG,TTG
p.Val23Met,Val,23,Met,GTG,ATG
p.Val23Ala,Val,23,Ala,GTG,GCG
p.Val23Gly,Val,23,Gly,GTG,GGG
p.Phe24Ser,Phe,24,Ser,TTT,TCT
p.Phe24Cys,Phe,24,Cys,TTT,TGT
p.Phe24Leu,Phe,24,Leu,TTT,CTT
p.Phe24Ile,Phe,24,Ile,TTT,ATT
p.Phe24Val,Phe,24,Val,TTT,GTT
p.Phe24Tyr,Phe,24,Tyr,TTT,TAT
p.Gly25Ala,Gly,25,Ala,GGT,GCT
p.Gly25Cys,Gly,25,Cys,GGT,TGT
p.Gly25Ser,Gly,25,Ser,GGT,AGT
p.Gly25Val,Gly,25,Val,GGT,GTT
p.Gly25Asp,Gly,25,Asp,GGT,GAT
p.Gly25Arg,Gly,25,Arg,GGT,CGT
p.Asp26Asn,Asp,26,Asn,GAC,AAC
p.Asp26Glu,Asp,26,Glu,GAC,GAA
p.Asp26Val,Asp,26,Val,GAC,GTC
p.Asp26Ala,Asp,26,Ala,GAC,GCC
p.Asp26Tyr,Asp,26,Tyr,GAC,TAC
p.Asp26His,Asp,26,His,GAC,CAC
p.Asp26Gly,Asp,26,Gly,GAC,GGC
p.Ile27Asn,Ile,27,Asn,ATC,AAC
p.Ile27Thr,Ile,27,Thr,ATC,ACC
p.Ile27Phe,Ile,27,Phe,ATC,TTC
p.Ile27Met,Ile,27,Met,ATC,ATG
p.Ile27Val,Ile,27,Val,ATC,GTC
p.Ile27Ser,Ile,27,Ser,ATC,AGC
p.Ile27Leu,Ile,27,Leu,ATC,CTC
p.Leu28Ter,Leu,28,Ter,TTG,TAG
p.Leu28Trp,Leu,28,Trp,TTG,TGG
p.Leu28Met,Leu,28,Met,TTG,ATG
p.Leu28Val,Leu,28,Val,TTG,GTG
p.Leu28Phe,Leu,28,Phe,TTG,TTT
p.Leu28Ser,Leu,28,Ser,TTG,TCG
p.Ser29Thr,Ser,29,Thr,TCC,ACC
p.Ser29Cys,Ser,29,Cys,TCC,TGC
p.Ser29Phe,Ser,29,Phe,TCC,TTC
p.Ser29Pro,Ser,29,Pro,TCC,CCC
p.Ser29Ala,Ser,29,Ala,TCC,GCC
p.Ser29Tyr,Ser,29,Tyr,TCC,TAC
p.Ser30Asn,Ser,30,Asn,AGC,AAC
p.Ser30Thr,Ser,30,Thr,AGC,ACC
p.Ser30Cys,Ser,30,Cys,AGC,TGC
p.Ser30Arg,Ser,30,Arg,AGC,CGC
p.Ser30Ile,Ser,30,Ile,AGC,ATC
p.Ser30Gly,Ser,30,Gly,AGC,GGC
p.Lys31Gln,Lys,31,Gln,AAG,CAG
p.Lys31Glu,Lys,31,Glu,AAG,GAG
p.Lys31Asn,Lys,31,Asn,AAG,AAT
p.Lys31Thr,Lys,31,Thr,AAG,ACG
p.Lys31Ter,Lys,31,Ter,AAG,TAG
p.Lys31Met,Lys,31,Met,AAG,ATG
p.Lys31Arg,Lys,31,Arg,AAG,AGG
p.Ile32Asn,Ile,32,Asn,ATT,AAT
p.Ile32Leu,Ile,32,Leu,ATT,CTT
p.Ile32Met,Ile,32,Met,ATT,ATG
p.Ile32Val,Ile,32,Val,ATT,GTT
p.Ile32Ser,Ile,32,Ser,ATT,AGT
p.Ile32Phe,Ile,32,Phe,ATT,TTT
p.Ile32Thr,Ile,32,Thr,ATT,ACT
p.Ala33Ser,Ala,33,Ser,GCC,TCC
p.Ala33Thr,Ala,33,Thr,GCC,ACC
p.Ala33Asp,Ala,33,Asp,GCC,GAC
p.Ala33Pro,Ala,33,Pro,GCC,CCC
p.Ala33Gly,Ala,33,Gly,GCC,GGC
p.Ala33Val,Ala,33,Val,GCC,GTC
p.Thr34Asn,Thr,34,Asn,ACC,AAC
p.Thr34Ser,Thr,34,Ser,ACC,TCC
p.Thr34Pro,Thr,34,Pro,ACC,CCC
p.Thr34Ala,Thr,34,Ala,ACC,GCC
p.Thr34Ile,Thr,34,Ile,ACC,ATC
p.Asp35Asn,Asp,35,Asn,GAC,AAC
p.Asp35Glu,Asp,35,Glu,GAC,GAA
p.Asp35Val,Asp,35,Val,GAC,GTC
p.Asp35Ala,Asp,35,Ala,GAC,GCC
p.Asp35Tyr,Asp,35,Tyr,GAC,TAC
p.Asp35His,Asp,35,His,GAC,CAC
p.Asp35Gly,Asp,35,Gly,GAC,GGC
p.Glu36Gly,Glu,36,Gly,GAA,GGA
p.Glu36Ala,Glu,36,Ala,GAA,GCA
p.Glu36Asp,Glu,36,Asp,GAA,GAT
p.Glu36Lys,Glu,36,Lys,GAA,AAA
p.Glu36Gln,Glu,36,Gln,GAA,CAA
p.Glu36Val,Glu,36,Val,GAA,GTA
p.Glu36Ter,Glu,36,Ter,GAA,TAA
p.Asn37Thr,Asn,37,Thr,AAC,ACC
p.Asn37Lys,Asn,37,Lys,AAC,AAA
p.Asn37Asp,Asn,37,Asp,AAC,GAC
p.Asn37Tyr,Asn,37,Tyr,AAC,TAC
p.Asn37Ile,Asn,37,Ile,AAC,ATC
p.Asn37His,Asn,37,His,AAC,CAC
p.Asn37Ser,Asn,37,Ser,AAC,AGC
p.Gly38Ala,Gly,38,Ala,GGA,GCA
p.Gly38Glu,Gly,38,Glu,GGA,GAA
p.Gly38Ter,Gly,38,Ter,GGA,TGA
p.Gly38Arg,Gly,38,Arg,GGA,CGA
p.Gly38Val,Gly,38,Val,GGA,GTA
p.Lys39Ile,Lys,39,Ile,AAA,ATA
p.Lys39Glu,Lys,39,Glu,AAA,GAA
p.Lys39Asn,Lys,39,Asn,AAA,AAT
p.Lys39Gln,Lys,39,Gln,AAA,CAA
p.Lys39Arg,Lys,39,Arg,AAA,AGA
p.Lys39Thr,Lys,39,Thr,AAA,ACA
p.Lys39Ter,Lys,39,Ter,AAA,TAA
p.Ser40Thr,Ser,40,Thr,TCC,ACC
p.Ser40Cys,Ser,40,Cys,TCC,TGC
p.Ser40Phe,Ser,40,Phe,TCC,TTC
p.Ser40Pro,Ser,40,Pro,TCC,CCC
p.Ser40Ala,Ser,40,Ala,TCC,GCC
p.Ser40Tyr,Ser,40,Tyr,TCC,TAC
p.Lys41Gln,Lys,41,Gln,AAG,CAG
p.Lys41Glu,Lys,41,Glu,AAG,GAG
p.Lys41Asn,Lys,41,Asn,AAG,AAT
p.Lys41Thr,Lys,41,Thr,AAG,ACG
p.Lys41Ter,Lys,41,Ter,AAG,TAG
p.Lys41Met,Lys,41,Met,AAG,ATG
p.Lys41Arg,Lys,41,Arg,AAG,AGG
p.Gly42Ala,Gly,42,Ala,GGT,GCT
p.Gly42Cys,Gly,42,Cys,GGT,TGT
p.Gly42Ser,Gly,42,Ser,GGT,AGT
p.Gly42Val,Gly,42,Val,GGT,GTT
p.Gly42Asp,Gly,42,Asp,GGT,GAT
p.Gly42Arg,Gly,42,Arg,GGT,CGT
p.Phe43Ser,Phe,43,Ser,TTT,TCT
p.Phe43Cys,Phe,43,Cys,TTT,TGT
p.Phe43Leu,Phe,43,Leu,TTT,CTT
p.Phe43Ile,Phe,43,Ile,TTT,ATT
p.Phe43Val,Phe,43,Val,TTT,GTT
p.Phe43Tyr,Phe,43,Tyr,TTT,TAT
p.Gly44Glu,Gly,44,Glu,GGG,GAG
p.Gly44Val,Gly,44,Val,GGG,GTG
p.Gly44Trp,Gly,44,Trp,GGG,TGG
p.Gly44Arg,Gly,44,Arg,GGG,CGG
p.Gly44Ala,Gly,44,Ala,GGG,GCG
p.Phe45Ser,Phe,45,Ser,TTT,TCT
p.Phe45Cys,Phe,45,Cys,TTT,TGT
p.Phe45Leu,Phe,45,Leu,TTT,CTT
p.Phe45Ile,Phe,45,Ile,TTT,ATT
p.Phe45Val,Phe,45,Val,TTT,GTT
p.Phe45Tyr,Phe,45,Tyr,TTT,TAT
p.Val46Ala,Val,46,Ala,GTT,GCT
p.Val46Leu,Val,46,Leu,GTT,CTT
p.Val46Ile,Val,46,Ile,GTT,ATT
p.Val46Gly,Val,46,Gly,GTT,GGT
p.Val46Asp,Val,46,Asp,GTT,GAT
p.Val46Phe,Val,46,Phe,GTT,TTT
p.His47Asn,His,47,Asn,CAC,AAC
p.His47Gln,His,47,Gln,CAC,CAA
p.His47Arg,His,47,Arg,CAC,CGC
p.His47Asp,His,47,Asp,CAC,GAC
p.His47Pro,His,47,Pro,CAC,CCC
p.His47Tyr,His,47,Tyr,CAC,TAC
p.His47Leu,His,47,Leu,CAC,CTC
p.Phe48Ser,Phe,48,Ser,TTC,TCC
p.Phe48Ile,Phe,48,Ile,TTC,ATC
p.Phe48Cys,Phe,48,Cys,TTC,TGC
p.Phe48Tyr,Phe,48,Tyr,TTC,TAC
p.Phe48Val,Phe,48,Val,TTC,GTC
p.Phe48Leu,Phe,48,Leu,TTC,CTC
p.Glu49Gly,Glu,49,Gly,GAA,GGA
p.Glu49Ala,Glu,49,Ala,GAA,GCA
p.Glu49Asp,Glu,49,Asp,GAA,GAT
p.Glu49Lys,Glu,49,Lys,GAA,AAA
p.Glu49Gln,Glu,49,Gln,GAA,CAA
p.Glu49Val,Glu,49,Val,GAA,GTA
p.Glu49Ter,Glu,49,Ter,GAA,TAA
p.Glu50Gly,Glu,50,Gly,GAA,GGA
p.Glu50Ala,Glu,50,Ala,GAA,GCA
p.Glu50Asp,Glu,50,Asp,GAA,GAT
p.Glu50Lys,Glu,50,Lys,GAA,AAA
p.Glu50Gln,Glu,50,Gln,GAA,CAA
p.Glu50Val,Glu,50,Val,GAA,GTA
p.Glu50Ter,Glu,50,Ter,GAA,TAA
p.Glu51Gly,Glu,51,Gly,GAA,GGA
p.Glu51Ala,Glu,51,Ala,GAA,GCA
p.Glu51Asp,Glu,51,Asp,GAA,GAT
p.Glu51Lys,Glu,51,Lys,GAA,AAA
p.Glu51Gln,Glu,51,Gln,GAA,CAA
p.Glu51Val,Glu,51,Val,GAA,GTA
p.Glu51Ter,Glu,51,Ter,GAA,TAA
p.Gly52Ala,Gly,52,Ala,GGT,GCT
p.Gly52Cys,Gly,52,Cys,GGT,TGT
p.Gly52Ser,Gly,52,Ser,GGT,AGT
p.Gly52Val,Gly,52,Val,GGT,GTT
p.Gly52Asp,Gly,52,Asp,GGT,GAT
p.Gly52Arg,Gly,52,Arg,GGT,CGT
p.Ala53Ser,Ala,53,Ser,GCT,TCT
p.Ala53Pro,Ala,53,Pro,GCT,CCT
p.Ala53Val,Ala,53,Val,GCT,GTT
p.Ala53Gly,Ala,53,Gly,GCT,GGT
p.Ala53Asp,Ala,53,Asp,GCT,GAT
p.Ala53Thr,Ala,53,Thr,GCT,ACT
p.Ala54Ser,Ala,54,Ser,GCC,TCC
p.Ala54Thr,Ala,54,Thr,GCC,ACC
p.Ala54Asp,Ala,54,Asp,GCC,GAC
p.Ala54Pro,Ala,54,Pro,GCC,CCC
p.Ala54Gly,Ala,54,Gly,GCC,GGC
p.Ala54Val,Ala,54,Val,GCC,GTC
p.Lys55Gln,Lys,55,Gln,AAG,CAG
p.Lys55Glu,Lys,55,Glu,AAG,GAG
p.Lys55Asn,Lys,55,Asn,AAG,AAT
p.Lys55Thr,Lys,55,Thr,AAG,ACG
p.Lys55Ter,Lys,55,Ter,AAG,TAG
p.Lys55Met,Lys,55,Met,AAG,ATG
p.Lys55Arg,Lys,55,Arg,AAG,AGG
p.Glu56Gly,Glu,56,Gly,GAA,GGA
p.Glu56Ala,Glu,56,Ala,GAA,GCA
p.Glu56Asp,Glu,56,Asp,GAA,GAT
p.Glu56Lys,Glu,56,Lys,GAA,AAA
p.Glu56Gln,Glu,56,Gln,GAA,CAA
p.Glu56Val,Glu,56,Val,GAA,GTA
p.Glu56Ter,Glu,56,Ter,GAA,TAA
p.Ala57Ser,Ala,57,Ser,GCT,TCT
p.Ala57Pro,Ala,57,Pro,GCT,CCT
p.Ala57Val,Ala,57,Val,GCT,GTT
p.Ala57Gly,Ala,57,Gly,GCT,GGT
p.Ala57Asp,Ala,57,Asp,GCT,GAT
p.Ala57Thr,Ala,57,Thr,GCT,ACT
p.Ile58Asn,Ile,58,Asn,ATT,AAT
p.Ile58Leu,Ile,58,Leu,ATT,CTT
p.Ile58Met,Ile,58,Met,ATT,ATG
p.Ile58Val,Ile,58,Val,ATT,GTT
p.Ile58Ser,Ile,58,Ser,ATT,AGT
p.Ile58Phe,Ile,58,Phe,ATT,TTT
p.Ile58Thr,Ile,58,Thr,ATT,ACT
p.Asp59Glu,Asp,59,Glu,GAT,GAA
p.Asp59Ala,Asp,59,Ala,GAT,GCT
p.Asp59Asn,Asp,59,Asn,GAT,AAT
p.Asp59His,Asp,59,His,GAT,CAT
p.Asp59Val,Asp,59,Val,GAT,GTT
p.Asp59Gly,Asp,59,Gly,GAT,GGT
p.Asp59Tyr,Asp,59,Tyr,GAT,TAT
p.Ala60Ser,Ala,60,Ser,GCT,TCT
p.Ala60Pro,Ala,60,Pro,GCT,CCT
p.Ala60Val,Ala,60,Val,GCT,GTT
p.Ala60Gly,Ala,60,Gly,GCT,GGT
p.Ala60Asp,Ala,60,Asp,GCT,GAT
p.Ala60Thr,Ala,60,Thr,GCT,ACT
p.Leu61Ter,Leu,61,Ter,TTG,TAG
p.Leu61Trp,Leu,61,Trp,TTG,TGG
p.Leu61Met,Leu,61,Met,TTG,ATG
p.Leu61Val,Leu,61,Val,TTG,GTG
p.Leu61Phe,Leu,61,Phe,TTG,TTT
p.Leu61Ser,Leu,61,Ser,TTG,TCG
p.Asn62Lys,Asn,62,Lys,AAT,AAA
p.Asn62His,Asn,62,His,AAT,CAT
p.Asn62Ile,Asn,62,Ile,AAT,ATT
p.Asn62Ser,Asn,62,Ser,AAT,AGT
p.Asn62Asp,Asn,62,Asp,AAT,GAT
p.Asn62Tyr,Asn,62,Tyr,AAT,TAT
p.Asn62Thr,Asn,62,Thr,AAT,ACT
p.Gly63Ala,Gly,63,Ala,GGT,GCT
p.Gly63Cys,Gly,63,Cys,GGT,TGT
p.Gly63Ser,Gly,63,Ser,GGT,AGT
p.Gly63Val,Gly,63,Val,GGT,GTT
p.Gly63Asp,Gly,63,Asp,GGT,GAT
p.Gly63Arg,Gly,63,Arg,GGT,CGT
p.Met64Lys,Met,64,Lys,ATG,AAG
p.Met64Thr,Met,64,Thr,ATG,ACG
p.Met64Leu,Met,64,Leu,ATG,TTG
p.Met64Ile,Met,64,Ile,ATG,ATT
p.Met64Val,Met,64,Val,ATG,GTG
p.Met64Arg,Met,64,Arg,ATG,AGG
p.Leu65Gln,Leu,65,Gln,CTG,CAG
p.Leu65Pro,Leu,65,Pro,CTG,CCG
p.Leu65Val,Leu,65,Val,CTG,GTG
p.Leu65Met,Leu,65,Met,CTG,ATG
p.Leu65Arg,Leu,65,Arg,CTG,CGG
p.Leu66Ter,Leu,66,Ter,TTG,TAG
p.Leu66Trp,Leu,66,Trp,TTG,TGG
p.Leu66Met,Leu,66,Met,TTG,ATG
p.Leu66Val,Leu,66,Val,TTG,GTG
p.Leu66Phe,Leu,66,Phe,TTG,TTT
p.Leu66Ser,Leu,66,Ser,TTG,TCG
p.Asn67Thr,Asn,67,Thr,AAC,ACC
p.Asn67Lys,Asn,67,Lys,AAC,AAA
p.Asn67Asp,Asn,67,Asp,AAC,GAC
p.Asn67Tyr,Asn,67,Tyr,AAC,TAC
p.Asn67Ile,Asn,67,Ile,AAC,ATC
p.Asn67His,Asn,67,His,AAC,CAC
p.Asn67Ser,Asn,67,Ser,AAC,AGC
p.Gly68Ala,Gly,68,Ala,GGT,GCT
p.Gly68Cys,Gly,68,Cys,GGT,TGT
p.Gly68Ser,Gly,68,Ser,GGT,AGT
p.Gly68Val,Gly,68,Val,GGT,GTT
p.Gly68Asp,Gly,68,Asp,GGT,GAT
p.Gly68Arg,Gly,68,Arg,GGT,CGT
p.Gln69Lys,Gln,69,Lys,CAA,AAA
p.Gln69Glu,Gln,69,Glu,CAA,GAA
p.Gln69His,Gln,69,His,CAA,CAT
p.Gln69Arg,Gln,69,Arg,CAA,CGA
p.Gln69Leu,Gln,69,Leu,CAA,CTA
p.Gln69Ter,Gln,69,Ter,CAA,TAA
p.Gln69Pro,Gln,69,Pro,CAA,CCA
p.Glu70Gly,Glu,70,Gly,GAA,GGA
p.Glu70Ala,Glu,70,Ala,GAA,GCA
p.Glu70Asp,Glu,70,Asp,GAA,GAT
p.Glu70Lys,Glu,70,Lys,GAA,AAA
p.Glu70Gln,Glu,70,Gln,GAA,CAA
p.Glu70Val,Glu,70,Val,GAA,GTA
p.Glu70Ter,Glu,70,Ter,GAA,TAA
p.Ile71Asn,Ile,71,Asn,ATT,AAT
p.Ile71Leu,Ile,71,Leu,ATT,CTT
p.Ile71Met,Ile,71,Met,ATT,ATG
p.Ile71Val,Ile,71,Val,ATT,GTT
p.Ile71Ser,Ile,71,Ser,ATT,AGT
p.Ile71Phe,Ile,71,Phe,ATT,TTT
p.Ile71Thr,Ile,71,Thr,ATT,ACT
p.Tyr72Ser,Tyr,72,Ser,TAT,TCT
p.Tyr72Asn,Tyr,72,Asn,TAT,AAT
p.Tyr72Cys,Tyr,72,Cys,TAT,TGT
p.Tyr72His,Tyr,72,His,TAT,CAT
p.Tyr72Ter,Tyr,72,Ter,TAT,TAA
p.Tyr72Asp,Tyr,72,Asp,TAT,GAT
p.Tyr72Phe,Tyr,72,Phe,TAT,TTT
p.Val73Ala,Val,73,Ala,GTT,GCT
p.Val73Leu,Val,73,Leu,GTT,CTT
p.Val73Ile,Val,73,Ile,GTT,ATT
p.Val73Gly,Val,73,Gly,GTT,GGT
p.Val73Asp,Val,73,Asp,GTT,GAT
p.Val73Phe,Val,73,Phe,GTT,TTT
p.Ala74Ser,Ala,74,Ser,GCT,TCT
p.Ala74Pro,Ala,74,Pro,GCT,CCT
p.Ala74Val,Ala,74,Val,GCT,GTT
p.Ala74Gly,Ala,74,Gly,GCT,GGT
p.Ala74Asp,Ala,74,Asp,GCT,GAT
p.Ala74Thr,Ala,74,Thr,GCT,ACT
p.Pro75Ser,Pro,75,Ser,CCT,TCT
p.Pro75Ala,Pro,75,Ala,CCT,GCT
p.Pro75His,Pro,75,His,CCT,CAT
p.Pro75Leu,Pro,75,Leu,CCT,CTT
p.Pro75Arg,Pro,75,Arg,CCT,CGT
p.Pro75Thr,Pro,75,Thr,CCT,ACT
