p.Met1Lys,Met,1,Lys,ATG,AAG
p.Met1Thr,Met,1,Thr,ATG,ACG
p.Met1Leu,Met,1,Leu,ATG,TTG
p.Met1Ile,Met,1,Ile,ATG,ATT
p.Met1Val,Met,1,Val,ATG,GTG
p.Met1Arg,Met,1,Arg,ATG,AGG
p.Thr2Ile,Thr,2,Ile,ACA,ATA
p.Thr2Ala,Thr,2,Ala,ACA,GCA
p.Thr2Lys,Thr,2,Lys,ACA,AAA
p.Thr2Ser,Thr,2,Ser,ACA,TCA
p.Thr2Arg,Thr,2,Arg,ACA,AGA
p.Thr2Pro,Thr,2,Pro,ACA,CCA
p.Ala3Ser,Ala,3,Ser,GCC,TCC
p.Ala3Thr,Ala,3,Thr,GCC,ACC
p.Ala3Asp,Ala,3,Asp,GCC,GAC
p.Ala3Pro,Ala,3,Pro,GCC,CCC
p.Ala3Gly,Ala,3,Gly,GCC,GGC
p.Ala3Val,Ala,3,Val,GCC,GTC
p.Ile4Asn,Ile,4,Asn,ATC,AAC
p.Ile4Thr,Ile,4,Thr,ATC,ACC
p.Ile4Phe,Ile,4,Phe,ATC,TTC
p.Ile4Met,Ile,4,Met,ATC,ATG
p.Ile4Val,Ile,4,Val,ATC,GTC
p.Ile4Ser,Ile,4,Ser,ATC,AGC
p.Ile4Leu,Ile,4,Leu,ATC,CTC
p.Ile5Asn,Ile,5,Asn,ATC,AAC
p.Ile5Thr,Ile,5,Thr,ATC,ACC
p.Ile5Phe,Ile,5,Phe,ATC,TTC
p.Ile5Met,Ile,5,Met,ATC,ATG
p.Ile5Val,Ile,5,Val,ATC,GTC
p.Ile5Ser,Ile,5,Ser,ATC,AGC
p.Ile5Leu,Ile,5,Leu,ATC,CTC
p.Lys6Ile,Lys,6,Ile,AAA,ATA
p.Lys6Glu,Lys,6,Glu,AAA,GAA
p.Lys6Asn,Lys,6,Asn,AAA,AAT
p.Lys6Gln,Lys,6,Gln,AAA,CAA
p.Lys6Arg,Lys,6,Arg,AAA,AGA
p.Lys6Thr,Lys,6,Thr,AAA,ACA
p.Lys6Ter,Lys,6,Ter,AAA,TAA
p.Glu7Lys,Glu,7,Lys,GAG,AAG
p.Glu7Gln,Glu,7,Gln,GAG,CAG
p.Glu7Asp,Glu,7,Asp,GAG,GAT
p.Glu7Ter,Glu,7,Ter,GAG,TAG
p.Glu7Val,Glu,7,Val,GAG,GTG
p.Glu7Ala,Glu,7,Ala,GAG,GCG
p.Glu7Gly,Glu,7,Gly,GAG,GGG
p.Ile8Asn,Ile,8,Asn,ATC,AAC
p.Ile8Thr,Ile,8,Thr,ATC,ACC
p.Ile8Phe,Ile,8,Phe,ATC,TTC
p.Ile8Met,Ile,8,Met,ATC,ATG
p.Ile8Val,Ile,8,Val,ATC,GTC
p.Ile8Ser,Ile,8,Ser,ATC,AGC
p.Ile8Leu,Ile,8,Leu,ATC,CTC
p.Val9Ala,Val,9,Ala,GTT,GCT
p.Val9Leu,Val,9,Leu,GTT,CTT
p.Val9Ile,Val,9,Ile,GTT,ATT
p.Val9Gly,Val,9,Gly,GTT,GGT
p.Val9Asp,Val,9,Asp,GTT,GAT
p.Val9Phe,Val,9,Phe,GTT,TTT
p.Ser10Asn,Ser,10,Asn,AGC,AAC
p.Ser10Thr,Ser,10,Thr,AGC,ACC
p.Ser10Cys,Ser,10,Cys,AGC,TGC
p.Ser10Arg,Ser,10,Arg,AGC,CGC
p.Ser10Ile,Ser,10,Ile,AGC,ATC
p.Ser10Gly,Ser,10,Gly,AGC,GGC
p.Arg11Gly,Arg,11,Gly,AGA,GGA
p.Arg11Ile,Arg,11,Ile,AGA,ATA
p.Arg11Lys,Arg,11,Lys,AGA,AAA
p.Arg11Ter,Arg,11,Ter,AGA,TGA
p.Arg11Ser,Arg,11,Ser,AGA,AGT
p.Arg11Thr,Arg,11,Thr,AGA,ACA
p.Asn12Thr,Asn,12,Thr,AAC,ACC
p.Asn12Lys,Asn,12,Lys,AAC,AAA
p.Asn12Asp,Asn,12,Asp,AAC,GAC
p.Asn12Tyr,Asn,12,Tyr,AAC,TAC
p.Asn12Ile,Asn,12,Ile,AAC,ATC
p.Asn12His,Asn,12,His,AAC,CAC
p.Asn12Ser,Asn,12,Ser,AAC,AGC
p.Lys13Ile,Lys,13,Ile,AAA,ATA
p.Lys13Glu,Lys,13,Glu,AAA,GAA
p.Lys13Asn,Lys,13,Asn,AAA,AAT
p.Lys13Gln,Lys,13,Gln,AAA,CAA
p.Lys13Arg,Lys,13,Arg,AAA,AGA
p.Lys13Thr,Lys,13,Thr,AAA,ACA
p.Lys13Ter,Lys,13,Ter,AAA,TAA
p.Arg14Lys,Arg,14,Lys,AGG,AAG
p.Arg14Thr,Arg,14,Thr,AGG,ACG
p.Arg14Trp,Arg,14,Trp,AGG,TGG
p.Arg14Met,Arg,14,Met,AGG,ATG
p.Arg14Ser,Arg,14,Ser,AGG,AGT
p.Arg14Gly,Arg,14,Gly,AGG,GGG
p.Arg15Gly,Arg,15,Gly,AGA,GGA
p.Arg15Ile,Arg,15,Ile,AGA,ATA
p.Arg15Lys,Arg,15,Lys,AGA,AAA
p.Arg15Ter,Arg,15,Ter,AGA,TGA
p.Arg15Ser,Arg,15,Ser,AGA,AGT
p.Arg15Thr,Arg,15,Thr,AGA,ACA
p.Tyr16Ser,Tyr,16,Ser,TAT,TCT
p.Tyr16Asn,Tyr,16,Asn,TAT,AAT
p.Tyr16Cys,Tyr,16,Cys,TAT,TGT
p.Tyr16His,Tyr,16,His,TAT,CAT
p.Tyr16Ter,Tyr,16,Ter,TAT,TAA
p.Tyr16Asp,Tyr,16,Asp,TAT,GAT
p.Tyr16Phe,Tyr,16,Phe,TAT,TTT
p.Gln17Lys,Gln,17,Lys,CAA,AAA
p.Gln17Glu,Gln,17,Glu,CAA,GAA
p.Gln17His,Gln,17,His,CAA,CAT
p.Gln17Arg,Gln,17,Arg,CAA,CGA
p.Gln17Leu,Gln,17,Leu,CAA,CTA
p.Gln17Ter,Gln,17,Ter,CAA,TAA
p.Gln17Pro,Gln,17,Pro,CAA,CCA
p.Glu18Lys,Glu,18,Lys,GAG,AAG
p.Glu18Gln,Glu,18,Gln,GAG,CAG
p.Glu18Asp,Glu,18,Asp,GAG,GAT
p.Glu18Ter,Glu,18,Ter,GAG,TAG
p.Glu18Val,Glu,18,Val,GAG,GTG
p.Glu18Ala,Glu,18,Ala,GAG,GCG
p.Glu18Gly,Glu,18,Gly,GAG,GGG
p.Asp19Glu,Asp,19,Glu,GAT,GAA
p.Asp19Ala,Asp,19,Ala,GAT,GCT
p.Asp19Asn,Asp,19,Asn,GAT,AAT
p.Asp19His,Asp,19,His,GAT,CAT
p.Asp19Val,Asp,19,Val,GAT,GTT
p.Asp19Gly,Asp,19,Gly,GAT,GGT
p.Asp19Tyr,Asp,19,Tyr,GAT,TAT
p.Gly20Ala,Gly,20,Ala,GGA,GCA
p.Gly20Glu,Gly,20,Glu,GGA,GAA
p.Gly20Ter,Gly,20,Ter,GGA,TGA
p.Gly20Arg,Gly,20,Arg,GGA,CGA
p.Gly20Val,Gly,20,Val,GGA,GTA
p.Phe21Ser,Phe,21,Ser,TTC,TCC
p.Phe21Ile,Phe,21,Ile,TTC,ATC
p.Phe21Cys,Phe,21,Cys,TTC,TGC
p.Phe21Tyr,Phe,21,Tyr,TTC,TAC
p.Phe21Val,Phe,21,Val,TTC,GTC
p.Phe21Leu,Phe,21,Leu,TTC,CTC
p.Asp22Asn,Asp,22,Asn,GAC,AAC
p.Asp22Glu,Asp,22,Glu,GAC,GAA
p.Asp22Val,Asp,22,Val,GAC,GTC
p.Asp22Ala,Asp,22,Ala,GAC,GCC
p.Asp22Tyr,Asp,22,Tyr,GAC,TAC
p.Asp22His,Asp,22,His,GAC,CAC
p.Asp22Gly,Asp,22,Gly,GAC,GGC
p.Leu23Ile,Leu,23,Ile,TTA,ATA
p.Leu23Ser,Leu,23,Ser,TTA,TCA
p.Leu23Val,Leu,23,Val,TTA,GTA
p.Leu23Ter,Leu,23,Ter,TTA,TAA
p.Leu23Phe,Leu,23,Phe,TTA,TTT
p.Asp24Asn,Asp,24,Asn,GAC,AAC
p.Asp24Glu,Asp,24,Glu,GAC,GAA
p.Asp24Val,Asp,24,Val,GAC,GTC
p.Asp24Ala,Asp,24,Ala,GAC,GCC
p.Asp24Tyr,Asp,24,Tyr,GAC,TAC
p.Asp24His,Asp,24,His,GAC,CAC
p.Asp24Gly,Asp,24,Gly,GAC,GGC
p.Leu25Ter,Leu,25,Ter,TTG,TAG
p.Leu25Trp,Leu,25,Trp,TTG,TGG
p.Leu25Met,Leu,25,Met,TTG,ATG
p.Leu25Val,Leu,25,Val,TTG,GTG
p.Leu25Phe,Leu,25,Phe,TTG,TTT
p.Leu25Ser,Leu,25,Ser,TTG,TCG
p.Thr26Asn,Thr,26,Asn,ACC,AAC
p.Thr26Ser,Thr,26,Ser,ACC,TCC
p.Thr26Pro,Thr,26,Pro,ACC,CCC
p.Thr26Ala,Thr,26,Ala,ACC,GCC
p.Thr26Ile,Thr,26,Ile,ACC,ATC
p.Tyr27Ser,Tyr,27,Ser,TAT,TCT
p.Tyr27Asn,Tyr,27,Asn,TAT,AAT
p.Tyr27Cys,Tyr,27,Cys,TAT,TGT
p.Tyr27His,Tyr,27,His,TAT,CAT
p.Tyr27Ter,Tyr,27,Ter,TAT,TAA
p.Tyr27Asp,Tyr,27,Asp,TAT,GAT
p.Tyr27Phe,Tyr,27,Phe,TAT,TTT
p.Ile28Asn,Ile,28,Asn,ATT,AAT
p.Ile28Leu,Ile,28,Leu,ATT,CTT
p.Ile28Met,Ile,28,Met,ATT,ATG
p.Ile28Val,Ile,28,Val,ATT,GTT
p.Ile28Ser,Ile,28,Ser,ATT,AGT
p.Ile28Phe,Ile,28,Phe,ATT,TTT
p.Ile28Thr,Ile,28,Thr,ATT,ACT
p.Tyr29Ser,Tyr,29,Ser,TAT,TCT
p.Tyr29Asn,Tyr,29,Asn,TAT,AAT
p.Tyr29Cys,Tyr,29,Cys,TAT,TGT
p.Tyr29His,Tyr,29,His,TAT,CAT
p.Tyr29Ter,Tyr,29,Ter,TAT,TAA
p.Tyr29Asp,Tyr,29,Asp,TAT,GAT
p.Tyr29Phe,Tyr,29,Phe,TAT,TTT
p.Pro30Ala,Pro,30,Ala,CCA,GCA
p.Pro30Gln,Pro,30,Gln,CCA,CAA
p.Pro30Ser,Pro,30,Ser,CCA,TCA
p.Pro30Arg,Pro,30,Arg,CCA,CGA
p.Pro30Thr,Pro,30,Thr,CCA,ACA
p.Pro30Leu,Pro,30,Leu,CCA,CTA
p.Asn31Thr,Asn,31,Thr,AAC,ACC
p.Asn31Lys,Asn,31,Lys,AAC,AAA
p.Asn31Asp,Asn,31,Asp,AAC,GAC
p.Asn31Tyr,Asn,31,Tyr,AAC,TAC
p.Asn31Ile,Asn,31,Ile,AAC,ATC
p.Asn31His,Asn,31,His,AAC,CAC
p.Asn31Ser,Asn,31,Ser,AAC,AGC
p.Ile32Asn,Ile,32,Asn,ATT,AAT
p.Ile32Leu,Ile,32,Leu,ATT,CTT
p.Ile32Met,Ile,32,Met,ATT,ATG
p.Ile32Val,Ile,32,Val,ATT,GTT
p.Ile32Ser,Ile,32,Ser,ATT,AGT
p.Ile32Phe,Ile,32,Phe,ATT,TTT
p.Ile32Thr,Ile,32,Thr,ATT,ACT
p.Ile33Asn,Ile,33,Asn,ATT,AAT
p.Ile33Leu,Ile,33,Leu,ATT,CTT
p.Ile33Met,Ile,33,Met,ATT,ATG
p.Ile33Val,Ile,33,Val,ATT,GTT
p.Ile33Ser,Ile,33,Ser,ATT,AGT
p.Ile33Phe,Ile,33,Phe,ATT,TTT
p.Ile33Thr,Ile,33,Thr,ATT,ACT
p.Ala34Ser,Ala,34,Ser,GCT,TCT
p.Ala34Pro,Ala,34,Pro,GCT,CCT
p.Ala34Val,Ala,34,Val,GCT,GTT
p.Ala34Gly,Ala,34,Gly,GCT,GGT
p.Ala34Asp,Ala,34,Asp,GCT,GAT
p.Ala34Thr,Ala,34,Thr,GCT,ACT
p.Met35Lys,Met,35,Lys,ATG,AAG
p.Met35Thr,Met,35,Thr,ATG,ACG
p.Met35Leu,Met,35,Leu,ATG,TTG
p.Met35Ile,Met,35,Ile,ATG,ATT
p.Met35Val,Met,35,Val,ATG,GTG
p.Met35Arg,Met,35,Arg,ATG,AGG
p.Gly36Ala,Gly,36,Ala,GGA,GCA
p.Gly36Glu,Gly,36,Glu,GGA,GAA
p.Gly36Ter,Gly,36,Ter,GGA,TGA
p.Gly36Arg,Gly,36,Arg,GGA,CGA
p.Gly36Val,Gly,36,Val,GGA,GTA
p.Phe37Ser,Phe,37,Ser,TTT,TCT
p.Phe37Cys,Phe,37,Cys,TTT,TGT
p.Phe37Leu,Phe,37,Leu,TTT,CTT
p.Phe37Ile,Phe,37,Ile,TTT,ATT
p.Phe37Val,Phe,37,Val,TTT,GTT
p.Phe37Tyr,Phe,37,Tyr,TTT,TAT
p.Pro38Ser,Pro,38,Ser,CCT,TCT
p.Pro38Ala,Pro,38,Ala,CCT,GCT
p.Pro38His,Pro,38,His,CCT,CAT
p.Pro38Leu,Pro,38,Leu,CCT,CTT
p.Pro38Arg,Pro,38,Arg,CCT,CGT
p.Pro38Thr,Pro,38,Thr,CCT,ACT
p.Ala39Gly,Ala,39,Gly,GCA,GGA
p.Ala39Glu,Ala,39,Glu,GCA,GAA
p.Ala39Ser,Ala,39,Ser,GCA,TCA
p.Ala39Val,Ala,39,Val,GCA,GTA
p.Ala39Thr,Ala,39,Thr,GCA,ACA
p.Ala39Pro,Ala,39,Pro,GCA,CCA
p.Glu40Gly,Glu,40,Gly,GAA,GGA
p.Glu40Ala,Glu,40,Ala,GAA,GCA
p.Glu40Asp,Glu,40,Asp,GAA,GAT
p.Glu40Lys,Glu,40,Lys,GAA,AAA
p.Glu40Gln,Glu,40,Gln,GAA,CAA
p.Glu40Val,Glu,40,Val,GAA,GTA
p.Glu40Ter,Glu,40,Ter,GAA,TAA
p.Arg41Gly,Arg,41,Gly,AGA,GGA
p.Arg41Ile,Arg,41,Ile,AGA,ATA
p.Arg41Lys,Arg,41,Lys,AGA,AAA
p.Arg41Ter,Arg,41,Ter,AGA,TGA
p.Arg41Ser,Arg,41,Ser,AGA,AGT
p.Arg41Thr,Arg,41,Thr,AGA,ACA
p.Leu42His,Leu,42,His,CTT,CAT
p.Leu42Ile,Leu,42,Ile,CTT,ATT
p.Leu42Pro,Leu,42,Pro,CTT,CCT
p.Leu42Val,Leu,42,Val,CTT,GTT
p.Leu42Phe,Leu,42,Phe,CTT,TTT
p.Leu42Arg,Leu,42,Arg,CTT,CGT
p.Glu43Gly,Glu,43,Gly,GAA,GGA
p.Glu43Ala,Glu,43,Ala,GAA,GCA
p.Glu43Asp,Glu,43,Asp,GAA,GAT
p.Glu43Lys,Glu,43,Lys,GAA,AAA
p.Glu43Gln,Glu,43,Gln,GAA,CAA
p.Glu43Val,Glu,43,Val,GAA,GTA
p.Glu43Ter,Glu,43,Ter,GAA,TAA
p.Gly44Cys,Gly,44,Cys,GGC,TGC
p.Gly44Arg,Gly,44,Arg,GGC,CGC
p.Gly44Asp,Gly,44,Asp,GGC,GAC
p.Gly44Ala,Gly,44,Ala,GGC,GCC
p.Gly44Val,Gly,44,Val,GGC,GTC
p.Gly44Ser,Gly,44,Ser,GGC,AGC
p.Val45Ile,Val,45,Ile,GTA,ATA
p.Val45Ala,Val,45,Ala,GTA,GCA
p.Val45Gly,Val,45,Gly,GTA,GGA
p.Val45Glu,Val,45,Glu,GTA,GAA
p.Val45Leu,Val,45,Leu,GTA,TTA
p.Tyr46Asn,Tyr,46,Asn,TAC,AAC
p.Tyr46Ser,Tyr,46,Ser,TAC,TCC
p.Tyr46Cys,Tyr,46,Cys,TAC,TGC
p.Tyr46Phe,Tyr,46,Phe,TAC,TTC
p.Tyr46Asp,Tyr,46,Asp,TAC,GAC
p.Tyr46Ter,Tyr,46,Ter,TAC,TAA
p.Tyr46His,Tyr,46,His,TAC,CAC
p.Arg47Lys,Arg,47,Lys,AGG,AAG
p.Arg47Thr,Arg,47,Thr,AGG,ACG
p.Arg47Trp,Arg,47,Trp,AGG,TGG
p.Arg47Met,Arg,47,Met,AGG,ATG
p.Arg47Ser,Arg,47,Ser,AGG,AGT
p.Arg47Gly,Arg,47,Gly,AGG,GGG
p.Asn48Thr,Asn,48,Thr,AAC,ACC
p.Asn48Lys,Asn,48,Lys,AAC,AAA
p.Asn48Asp,Asn,48,Asp,AAC,GAC
p.Asn48Tyr,Asn,48,Tyr,AAC,TAC
p.Asn48Ile,Asn,48,Ile,AAC,ATC
p.Asn48His,Asn,48,His,AAC,CAC
p.Asn48Ser,Asn,48,Ser,AAC,AGC
p.Asn49Lys,Asn,49,Lys,AAT,AAA
p.Asn49His,Asn,49,His,AAT,CAT
p.Asn49Ile,Asn,49,Ile,AAT,ATT
p.Asn49Ser,Asn,49,Ser,AAT,AGT
p.Asn49Asp,Asn,49,Asp,AAT,GAT
p.Asn49Tyr,Asn,49,Tyr,AAT,TAT
p.Asn49Thr,Asn,49,Thr,AAT,ACT
p.Ile50Asn,Ile,50,Asn,ATT,AAT
p.Ile50Leu,Ile,50,Leu,ATT,CTT
p.Ile50Met,Ile,50,Met,ATT,ATG
p.Ile50Val,Ile,50,Val,ATT,GTT
p.Ile50Ser,Ile,50,Ser,ATT,AGT
p.Ile50Phe,Ile,50,Phe,ATT,TTT
p.Ile50Thr,Ile,50,Thr,ATT,ACT
p.Asp51Glu,Asp,51,Glu,GAT,GAA
p.Asp51Ala,Asp,51,Ala,GAT,GCT
p.Asp51Asn,Asp,51,Asn,GAT,AAT
p.Asp51His,Asp,51,His,GAT,CAT
p.Asp51Val,Asp,51,Val,GAT,GTT
p.Asp51Gly,Asp,51,Gly,GAT,GGT
p.Asp51Tyr,Asp,51,Tyr,GAT,TAT
p.Asp52Glu,Asp,52,Glu,GAT,GAA
p.Asp52Ala,Asp,52,Ala,GAT,GCT
p.Asp52Asn,Asp,52,Asn,GAT,AAT
p.Asp52His,Asp,52,His,GAT,CAT
p.Asp52Val,Asp,52,Val,GAT,GTT
p.Asp52Gly,Asp,52,Gly,GAT,GGT
p.Asp52Tyr,Asp,52,Tyr,GAT,TAT
p.Val53Ile,Val,53,Ile,GTA,ATA
p.Val53Ala,Val,53,Ala,GTA,GCA
p.Val53Gly,Val,53,Gly,GTA,GGA
p.Val53Glu,Val,53,Glu,GTA,GAA
p.Val53Leu,Val,53,Leu,GTA,TTA
p.Val54Ile,Val,54,Ile,GTA,ATA
p.Val54Ala,Val,54,Ala,GTA,GCA
p.Val54Gly,Val,54,Gly,GTA,GGA
p.Val54Glu,Val,54,Glu,GTA,GAA
p.Val54Leu,Val,54,Leu,GTA,TTA
p.Arg55Lys,Arg,55,Lys,AGG,AAG
p.Arg55Thr,Arg,55,Thr,AGG,ACG
p.Arg55Trp,Arg,55,Trp,AGG,TGG
p.Arg55Met,Arg,55,Met,AGG,ATG
p.Arg55Ser,Arg,55,Ser,AGG,AGT
p.Arg55Gly,Arg,55,Gly,AGG,GGG
p.Phe56Ser,Phe,56,Ser,TTT,TCT
p.Phe56Cys,Phe,56,Cys,TTT,TGT
p.Phe56Leu,Phe,56,Leu,TTT,CTT
p.Phe56Ile,Phe,56,Ile,TTT,ATT
p.Phe56Val,Phe,56,Val,TTT,GTT
p.Phe56Tyr,Phe,56,Tyr,TTT,TAT
p.Leu57Ter,Leu,57,Ter,TTG,TAG
p.Leu57Trp,Leu,57,Trp,TTG,TGG
p.Leu57Met,Leu,57,Met,TTG,ATG
p.Leu57Val,Leu,57,Val,TTG,GTG
p.Leu57Phe,Leu,57,Phe,TTG,TTT
p.Leu57Ser,Leu,57,Ser,TTG,TCG
p.Asp58Glu,Asp,58,Glu,GAT,GAA
p.Asp58Ala,Asp,58,Ala,GAT,GCT
p.Asp58Asn,Asp,58,Asn,GAT,AAT
p.Asp58His,Asp,58,His,GAT,CAT
p.Asp58Val,Asp,58,Val,GAT,GTT
p.Asp58Gly,Asp,58,Gly,GAT,GGT
p.Asp58Tyr,Asp,58,Tyr,GAT,TAT
p.Ser59Ala,Ser,59,Ala,TCA,GCA
p.Ser59Thr,Ser,59,Thr,TCA,ACA
p.Ser59Ter,Ser,59,Ter,TCA,TAA
p.Ser59Pro,Ser,59,Pro,TCA,CCA
p.Ser59Leu,Ser,59,Leu,TCA,TTA
p.Lys60Gln,Lys,60,Gln,AAG,CAG
p.Lys60Glu,Lys,60,Glu,AAG,GAG
p.Lys60Asn,Lys,60,Asn,AAG,AAT
p.Lys60Thr,Lys,60,Thr,AAG,ACG
p.Lys60Ter,Lys,60,Ter,AAG,TAG
p.Lys60Met,Lys,60,Met,AAG,ATG
p.Lys60Arg,Lys,60,Arg,AAG,AGG
p.His61Asn,His,61,Asn,CAT,AAT
p.His61Gln,His,61,Gln,CAT,CAA
p.His61Leu,His,61,Leu,CAT,CTT
p.His61Pro,His,61,Pro,CAT,CCT
p.His61Asp,His,61,Asp,CAT,GAT
p.His61Arg,His,61,Arg,CAT,CGT
p.His61Tyr,His,61,Tyr,CAT,TAT
p.Lys62Ile,Lys,62,Ile,AAA,ATA
p.Lys62Glu,Lys,62,Glu,AAA,GAA
p.Lys62Asn,Lys,62,Asn,AAA,AAT
p.Lys62Gln,Lys,62,Gln,AAA,CAA
p.Lys62Arg,Lys,62,Arg,AAA,AGA
p.Lys62Thr,Lys,62,Thr,AAA,ACA
p.Lys62Ter,Lys,62,Ter,AAA,TAA
p.Asn63Thr,Asn,63,Thr,AAC,ACC
p.Asn63Lys,Asn,63,Lys,AAC,AAA
p.Asn63Asp,Asn,63,Asp,AAC,GAC
p.Asn63Tyr,Asn,63,Tyr,AAC,TAC
p.Asn63Ile,Asn,63,Ile,AAC,ATC
p.Asn63His,Asn,63,His,AAC,CAC
p.Asn63Ser,Asn,63,Ser,AAC,AGC
p.His64Asn,His,64,Asn,CAT,AAT
p.His64Gln,His,64,Gln,CAT,CAA
p.His64Leu,His,64,Leu,CAT,CTT
p.His64Pro,His,64,Pro,CAT,CCT
p.His64Asp,His,64,Asp,CAT,GAT
p.His64Arg,His,64,Arg,CAT,CGT
p.His64Tyr,His,64,Tyr,CAT,TAT
p.Tyr65Asn,Tyr,65,Asn,TAC,AAC
p.Tyr65Ser,Tyr,65,Ser,TAC,TCC
p.Tyr65Cys,Tyr,65,Cys,TAC,TGC
p.Tyr65Phe,Tyr,65,Phe,TAC,TTC
p.Tyr65Asp,Tyr,65,Asp,TAC,GAC
p.Tyr65Ter,Tyr,65,Ter,TAC,TAA
p.Tyr65His,Tyr,65,His,TAC,CAC
p.Lys66Gln,Lys,66,Gln,AAG,CAG
p.Lys66Glu,Lys,66,Glu,AAG,GAG
p.Lys66Asn,Lys,66,Asn,AAG,AAT
p.Lys66Thr,Lys,66,Thr,AAG,ACG
p.Lys66Ter,Lys,66,Ter,AAG,TAG
p.Lys66Met,Lys,66,Met,AAG,ATG
p.Lys66Arg,Lys,66,Arg,AAG,AGG
p.Ile67Lys,Ile,67,Lys,ATA,AAA
p.Ile67Arg,Ile,67,Arg,ATA,AGA
p.Ile67Val,Ile,67,Val,ATA,GTA
p.Ile67Met,Ile,67,Met,ATA,ATG
p.Ile67Thr,Ile,67,Thr,ATA,ACA
p.Ile67Leu,Ile,67,Leu,ATA,TTA
p.Tyr68Asn,Tyr,68,Asn,TAC,AAC
p.Tyr68Ser,Tyr,68,Ser,TAC,TCC
p.Tyr68Cys,Tyr,68,Cys,TAC,TGC
p.Tyr68Phe,Tyr,68,Phe,TAC,TTC
p.Tyr68Asp,Tyr,68,Asp,TAC,GAC
p.Tyr68Ter,Tyr,68,Ter,TAC,TAA
p.Tyr68His,Tyr,68,His,TAC,CAC
p.Asn69Lys,Asn,69,Lys,AAT,AAA
p.Asn69His,Asn,69,His,AAT,CAT
p.Asn69Ile,Asn,69,Ile,AAT,ATT
p.Asn69Ser,Asn,69,Ser,AAT,AGT
p.Asn69Asp,Asn,69,Asp,AAT,GAT
p.Asn69Tyr,Asn,69,Tyr,AAT,TAT
p.Asn69Thr,Asn,69,Thr,AAT,ACT
p.Leu70His,Leu,70,His,CTT,CAT
p.Leu70Ile,Leu,70,Ile,CTT,ATT
p.Leu70Pro,Leu,70,Pro,CTT,CCT
p.Leu70Val,Leu,70,Val,CTT,GTT
p.Leu70Phe,Leu,70,Phe,CTT,TTT
p.Leu70Arg,Leu,70,Arg,CTT,CGT
p.Cys71Ter,Cys,71,Ter,TGT,TGA
p.Cys71Trp,Cys,71,Trp,TGT,TGG
p.Cys71Ser,Cys,71,Ser,TGT,AGT
p.Cys71Gly,Cys,71,Gly,TGT,GGT
p.Cys71Phe,Cys,71,Phe,TGT,TTT
p.Cys71Arg,Cys,71,Arg,TGT,CGT
p.Cys71Tyr,Cys,71,Tyr,TGT,TAT
p.Ala72Ser,Ala,72,Ser,GCT,TCT
p.Ala72Pro,Ala,72,Pro,GCT,CCT
p.Ala72Val,Ala,72,Val,GCT,GTT
p.Ala72Gly,Ala,72,Gly,GCT,GGT
p.Ala72Asp,Ala,72,Asp,GCT,GAT
p.Ala72Thr,Ala,72,Thr,GCT,ACT
p.Glu73Gly,Glu,73,Gly,GAA,GGA
p.Glu73Ala,Glu,73,Ala,GAA,GCA
p.Glu73Asp,Glu,73,Asp,GAA,GAT
p.Glu73Lys,Glu,73,Lys,GAA,AAA
p.Glu73Gln,Glu,73,Gln,GAA,CAA
p.Glu73Val,Glu,73,Val,GAA,GTA
p.Glu73Ter,Glu,73,Ter,GAA,TAA
p.Arg74Gly,Arg,74,Gly,AGA,GGA
p.Arg74Ile,Arg,74,Ile,AGA,ATA
p.Arg74Lys,Arg,74,Lys,AGA,AAA
p.Arg74Ter,Arg,74,Ter,AGA,TGA
p.Arg74Ser,Arg,74,Ser,AGA,AGT
p.Arg74Thr,Arg,74,Thr,AGA,ACA
p.His75Asn,His,75,Asn,CAT,AAT
p.His75Gln,His,75,Gln,CAT,CAA
p.His75Leu,His,75,Leu,CAT,CTT
p.His75Pro,His,75,Pro,CAT,CCT
p.His75Asp,His,75,Asp,CAT,GAT
p.His75Arg,His,75,Arg,CAT,CGT
p.His75Tyr,His,75,Tyr,CAT,TAT
p.Tyr76Ser,Tyr,76,Ser,TAT,TCT
p.Tyr76Asn,Tyr,76,Asn,TAT,AAT
p.Tyr76Cys,Tyr,76,Cys,TAT,TGT
p.Tyr76His,Tyr,76,His,TAT,CAT
p.Tyr76Ter,Tyr,76,Ter,TAT,TAA
p.Tyr76Asp,Tyr,76,Asp,TAT,GAT
p.Tyr76Phe,Tyr,76,Phe,TAT,TTT
p.Asp77Asn,Asp,77,Asn,GAC,AAC
p.Asp77Glu,Asp,77,Glu,GAC,GAA
p.Asp77Val,Asp,77,Val,GAC,GTC
p.Asp77Ala,Asp,77,Ala,GAC,GCC
p.Asp77Tyr,Asp,77,Tyr,GAC,TAC
p.Asp77His,Asp,77,His,GAC,CAC
p.Asp77Gly,Asp,77,Gly,GAC,GGC
p.Thr78Asn,Thr,78,Asn,ACC,AAC
p.Thr78Ser,Thr,78,Ser,ACC,TCC
p.Thr78Pro,Thr,78,Pro,ACC,CCC
p.Thr78Ala,Thr,78,Ala,ACC,GCC
p.Thr78Ile,Thr,78,Ile,ACC,ATC
p.Ala79Ser,Ala,79,Ser,GCC,TCC
p.Ala79Thr,Ala,79,Thr,GCC,ACC
p.Ala79Asp,Ala,79,Asp,GCC,GAC
p.Ala79Pro,Ala,79,Pro,GCC,CCC
p.Ala79Gly,Ala,79,Gly,GCC,GGC
p.Ala79Val,Ala,79,Val,GCC,GTC
p.Lys80Ile,Lys,80,Ile,AAA,ATA
p.Lys80Glu,Lys,80,Glu,AAA,GAA
p.Lys80Asn,Lys,80,Asn,AAA,AAT
p.Lys80Gln,Lys,80,Gln,AAA,CAA
p.Lys80Arg,Lys,80,Arg,AAA,AGA
p.Lys80Thr,Lys,80,Thr,AAA,ACA
p.Lys80Ter,Lys,80,Ter,AAA,TAA
p.Phe81Ser,Phe,81,Ser,TTT,TCT
p.Phe81Cys,Phe,81,Cys,TTT,TGT
p.Phe81Leu,Phe,81,Leu,TTT,CTT
p.Phe81Ile,Phe,81,Ile,TTT,ATT
p.Phe81Val,Phe,81,Val,TTT,GTT
p.Phe81Tyr,Phe,81,Tyr,TTT,TAT
p.Asn82Lys,Asn,82,Lys,AAT,AAA
p.Asn82His,Asn,82,His,AAT,CAT
p.Asn82Ile,Asn,82,Ile,AAT,ATT
p.Asn82Ser,Asn,82,Ser,AAT,AGT
p.Asn82Asp,Asn,82,Asp,AAT,GAT
p.Asn82Tyr,Asn,82,Tyr,AAT,TAT
p.Asn82Thr,Asn,82,Thr,AAT,ACT
p.Cys83Ter,Cys,83,Ter,TGC,TGA
p.Cys83Arg,Cys,83,Arg,TGC,CGC
p.Cys83Phe,Cys,83,Phe,TGC,TTC
p.Cys83Trp,Cys,83,Trp,TGC,TGG
p.Cys83Tyr,Cys,83,Tyr,TGC,TAC
p.Cys83Gly,Cys,83,Gly,TGC,GGC
p.Cys83Ser,Cys,83,Ser,TGC,AGC
p.Arg84Gly,Arg,84,Gly,AGA,GGA
p.Arg84Ile,Arg,84,Ile,AGA,ATA
p.Arg84Lys,Arg,84,Lys,AGA,AAA
p.Arg84Ter,Arg,84,Ter,AGA,TGA
p.Arg84Ser,Arg,84,Ser,AGA,AGT
p.Arg84Thr,Arg,84,Thr,AGA,ACA
p.Val85Ala,Val,85,Ala,GTT,GCT
p.Val85Leu,Val,85,Leu,GTT,CTT
p.Val85Ile,Val,85,Ile,GTT,ATT
p.Val85Gly,Val,85,Gly,GTT,GGT
p.Val85Asp,Val,85,Asp,GTT,GAT
p.Val85Phe,Val,85,Phe,GTT,TTT
p.Ala86Gly,Ala,86,Gly,GCA,GGA
p.Ala86Glu,Ala,86,Glu,GCA,GAA
p.Ala86Ser,Ala,86,Ser,GCA,TCA
p.Ala86Val,Ala,86,Val,GCA,GTA
p.Ala86Thr,Ala,86,Thr,GCA,ACA
p.Ala86Pro,Ala,86,Pro,GCA,CCA
p.Gln87Lys,Gln,87,Lys,CAA,AAA
p.Gln87Glu,Gln,87,Glu,CAA,GAA
p.Gln87His,Gln,87,His,CAA,CAT
p.Gln87Arg,Gln,87,Arg,CAA,CGA
p.Gln87Leu,Gln,87,Leu,CAA,CTA
p.Gln87Ter,Gln,87,Ter,CAA,TAA
p.Gln87Pro,Gln,87,Pro,CAA,CCA
p.Tyr88Ser,Tyr,88,Ser,TAT,TCT
p.Tyr88Asn,Tyr,88,Asn,TAT,AAT
p.Tyr88Cys,Tyr,88,Cys,TAT,TGT
p.Tyr88His,Tyr,88,His,TAT,CAT
p.Tyr88Ter,Tyr,88,Ter,TAT,TAA
p.Tyr88Asp,Tyr,88,Asp,TAT,GAT
p.Tyr88Phe,Tyr,88,Phe,TAT,TTT
p.Pro89Ser,Pro,89,Ser,CCT,TCT
p.Pro89Ala,Pro,89,Ala,CCT,GCT
p.Pro89His,Pro,89,His,CCT,CAT
p.Pro89Leu,Pro,89,Leu,CCT,CTT
p.Pro89Arg,Pro,89,Arg,CCT,CGT
p.Pro89Thr,Pro,89,Thr,CCT,ACT
p.Phe90Ser,Phe,90,Ser,TTT,TCT
p.Phe90Cys,Phe,90,Cys,TTT,TGT
p.Phe90Leu,Phe,90,Leu,TTT,CTT
p.Phe90Ile,Phe,90,Ile,TTT,ATT
p.Phe90Val,Phe,90,Val,TTT,GTT
p.Phe90Tyr,Phe,90,Tyr,TTT,TAT
p.Glu91Gly,Glu,91,Gly,GAA,GGA
p.Glu91Ala,Glu,91,Ala,GAA,GCA
p.Glu91Asp,Glu,91,Asp,GAA,GAT
p.Glu91Lys,Glu,91,Lys,GAA,AAA
p.Glu91Gln,Glu,91,Gln,GAA,CAA
p.Glu91Val,Glu,91,Val,GAA,GTA
p.Glu91Ter,Glu,91,Ter,GAA,TAA
p.Asp92Asn,Asp,92,Asn,GAC,AAC
p.Asp92Glu,Asp,92,Glu,GAC,GAA
p.Asp92Val,Asp,92,Val,GAC,GTC
p.Asp92Ala,Asp,92,Ala,GAC,GCC
p.Asp92Tyr,Asp,92,Tyr,GAC,TAC
p.Asp92His,Asp,92,His,GAC,CAC
p.Asp92Gly,Asp,92,Gly,GAC,GGC
p.His93Asn,His,93,Asn,CAT,AAT
p.His93Gln,His,93,Gln,CAT,CAA
p.His93Leu,His,93,Leu,CAT,CTT
p.His93Pro,His,93,Pro,CAT,CCT
p.His93Asp,His,93,Asp,CAT,GAT
p.His93Arg,His,93,Arg,CAT,CGT
p.His93Tyr,His,93,Tyr,CAT,TAT
p.Asn94Thr,Asn,94,Thr,AAC,ACC
p.Asn94Lys,Asn,94,Lys,AAC,AAA
p.Asn94Asp,Asn,94,Asp,AAC,GAC
p.Asn94Tyr,Asn,94,Tyr,AAC,TAC
p.Asn94Ile,Asn,94,Ile,AAC,ATC
p.Asn94His,Asn,94,His,AAC,CAC
p.Asn94Ser,Asn,94,Ser,AAC,AGC
p.Pro95Ala,Pro,95,Ala,CCA,GCA
p.Pro95Gln,Pro,95,Gln,CCA,CAA
p.Pro95Ser,Pro,95,Ser,CCA,TCA
p.Pro95Arg,Pro,95,Arg,CCA,CGA
p.Pro95Thr,Pro,95,Thr,CCA,ACA
p.Pro95Leu,Pro,95,Leu,CCA,CTA
p.Pro96Ala,Pro,96,Ala,CCA,GCA
p.Pro96Gln,Pro,96,Gln,CCA,CAA
p.Pro96Ser,Pro,96,Ser,CCA,TCA
p.Pro96Arg,Pro,96,Arg,CCA,CGA
p.Pro96Thr,Pro,96,Thr,CCA,ACA
p.Pro96Leu,Pro,96,Leu,CCA,CTA
p.Gln97Lys,Gln,97,Lys,CAG,AAG
p.Gln97Glu,Gln,97,Glu,CAG,GAG
p.Gln97Pro,Gln,97,Pro,CAG,CCG
p.Gln97His,Gln,97,His,CAG,CAT
p.Gln97Ter,Gln,97,Ter,CAG,TAG
p.Gln97Arg,Gln,97,Arg,CAG,CGG
p.Gln97Leu,Gln,97,Leu,CAG,CTG
p.Leu98Ile,Leu,98,Ile,CTA,ATA
p.Leu98Gln,Leu,98,Gln,CTA,CAA
p.Leu98Arg,Leu,98,Arg,CTA,CGA
p.Leu98Val,Leu,98,Val,CTA,GTA
p.Leu98Pro,Leu,98,Pro,CTA,CCA
p.Glu99Gly,Glu,99,Gly,GAA,GGA
p.Glu99Ala,Glu,99,Ala,GAA,GCA
p.Glu99Asp,Glu,99,Asp,GAA,GAT
p.Glu99Lys,Glu,99,Lys,GAA,AAA
p.Glu99Gln,Glu,99,Gln,GAA,CAA
p.Glu99Val,Glu,99,Val,GAA,GTA
p.Glu99Ter,Glu,99,Ter,GAA,TAA
p.Leu100His,Leu,100,His,CTT,CAT
p.Leu100Ile,Leu,100,Ile,CTT,ATT
p.Leu100Pro,Leu,100,Pro,CTT,CCT
p.Leu100Val,Leu,100,Val,CTT,GTT
p.Leu100Phe,Leu,100,Phe,CTT,TTT
p.Leu100Arg,Leu,100,Arg,CTT,CGT
p.Ile101Asn,Ile,101,Asn,ATC,AAC
p.Ile101Thr,Ile,101,Thr,ATC,ACC
p.Ile101Phe,Ile,101,Phe,ATC,TTC
p.Ile101Met,Ile,101,Met,ATC,ATG
p.Ile101Val,Ile,101,Val,ATC,GTC
p.Ile101Ser,Ile,101,Ser,ATC,AGC
p.Ile101Leu,Ile,101,Leu,ATC,CTC
p.Lys102Ile,Lys,102,Ile,AAA,ATA
p.Lys102Glu,Lys,102,Glu,AAA,GAA
p.Lys102Asn,Lys,102,Asn,AAA,AAT
p.Lys102Gln,Lys,102,Gln,AAA,CAA
p.Lys102Arg,Lys,102,Arg,AAA,AGA
p.Lys102Thr,Lys,102,Thr,AAA,ACA
p.Lys102Ter,Lys,102,Ter,AAA,TAA
p.Pro103Ser,Pro,103,Ser,CCC,TCC
p.Pro103Thr,Pro,103,Thr,CCC,ACC
p.Pro103Arg,Pro,103,Arg,CCC,CGC
p.Pro103Ala,Pro,103,Ala,CCC,GCC
p.Pro103His,Pro,103,His,CCC,CAC
p.Pro103Leu,Pro,103,Leu,CCC,CTC
p.Phe104Ser,Phe,104,Ser,TTT,TCT
p.Phe104Cys,Phe,104,Cys,TTT,TGT
p.Phe104Leu,Phe,104,Leu,TTT,CTT
p.Phe104Ile,Phe,104,Ile,TTT,ATT
p.Phe104Val,Phe,104,Val,TTT,GTT
p.Phe104Tyr,Phe,104,Tyr,TTT,TAT
p.Cys105Ter,Cys,105,Ter,TGT,TGA
p.Cys105Trp,Cys,105,Trp,TGT,TGG
p.Cys105Ser,Cys,105,Ser,TGT,AGT
p.Cys105Gly,Cys,105,Gly,TGT,GGT
p.Cys105Phe,Cys,105,Phe,TGT,TTT
p.Cys105Arg,Cys,105,Arg,TGT,CGT
p.Cys105Tyr,Cys,105,Tyr,TGT,TAT
p.Glu106Gly,Glu,106,Gly,GAA,GGA
p.Glu106Ala,Glu,106,Ala,GAA,GCA
p.Glu106Asp,Glu,106,Asp,GAA,GAT
p.Glu106Lys,Glu,106,Lys,GAA,AAA
p.Glu106Gln,Glu,106,Gln,GAA,CAA
p.Glu106Val,Glu,106,Val,GAA,GTA
p.Glu106Ter,Glu,106,Ter,GAA,TAA
p.Asp107Glu,Asp,107,Glu,GAT,GAA
p.Asp107Ala,Asp,107,Ala,GAT,GCT
p.Asp107Asn,Asp,107,Asn,GAT,AAT
p.Asp107His,Asp,107,His,GAT,CAT
p.Asp107Val,Asp,107,Val,GAT,GTT
p.Asp107Gly,Asp,107,Gly,GAT,GGT
p.Asp107Tyr,Asp,107,Tyr,GAT,TAT
p.Leu108His,Leu,108,His,CTT,CAT
p.Leu108Ile,Leu,108,Ile,CTT,ATT
p.Leu108Pro,Leu,108,Pro,CTT,CCT
p.Leu108Val,Leu,108,Val,CTT,GTT
p.Leu108Phe,Leu,108,Phe,CTT,TTT
p.Leu108Arg,Leu,108,Arg,CTT,CGT
p.Asp109Asn,Asp,109,Asn,GAC,AAC
p.Asp109Glu,Asp,109,Glu,GAC,GAA
p.Asp109Val,Asp,109,Val,GAC,GTC
p.Asp109Ala,Asp,109,Ala,GAC,GCC
p.Asp109Tyr,Asp,109,Tyr,GAC,TAC
p.Asp109His,Asp,109,His,GAC,CAC
p.Asp109Gly,Asp,109,Gly,GAC,GGC
p.Gln110Lys,Gln,110,Lys,CAA,AAA
p.Gln110Glu,Gln,110,Glu,CAA,GAA
p.Gln110His,Gln,110,His,CAA,CAT
p.Gln110Arg,Gln,110,Arg,CAA,CGA
p.Gln110Leu,Gln,110,Leu,CAA,CTA
p.Gln110Ter,Gln,110,Ter,CAA,TAA
p.Gln110Pro,Gln,110,Pro,CAA,CCA
p.Trp111Cys,Trp,111,Cys,TGG,TGT
p.Trp111Ter,Trp,111,Ter,TGG,TAG
p.Trp111Leu,Trp,111,Leu,TGG,TTG
p.Trp111Arg,Trp,111,Arg,TGG,CGG
p.Trp111Ser,Trp,111,Ser,TGG,TCG
p.Trp111Gly,Trp,111,Gly,TGG,GGG
p.Leu112Ile,Leu,112,Ile,CTA,ATA
p.Leu112Gln,Leu,112,Gln,CTA,CAA
p.Leu112Arg,Leu,112,Arg,CTA,CGA
p.Leu112Val,Leu,112,Val,CTA,GTA
p.Leu112Pro,Leu,112,Pro,CTA,CCA
p.Ser113Asn,Ser,113,Asn,AGT,AAT
p.Ser113Cys,Ser,113,Cys,AGT,TGT
p.Ser113Ile,Ser,113,Ile,AGT,ATT
p.Ser113Gly,Ser,113,Gly,AGT,GGT
p.Ser113Arg,Ser,113,Arg,AGT,CGT
p.Ser113Thr,Ser,113,Thr,AGT,ACT
p.Glu114Gly,Glu,114,Gly,GAA,GGA
p.Glu114Ala,Glu,114,Ala,GAA,GCA
p.Glu114Asp,Glu,114,Asp,GAA,GAT
p.Glu114Lys,Glu,114,Lys,GAA,AAA
p.Glu114Gln,Glu,114,Gln,GAA,CAA
p.Glu114Val,Glu,114,Val,GAA,GTA
p.Glu114Ter,Glu,114,Ter,GAA,TAA
p.Asp115Glu,Asp,115,Glu,GAT,GAA
p.Asp115Ala,Asp,115,Ala,GAT,GCT
p.Asp115Asn,Asp,115,Asn,GAT,AAT
p.Asp115His,Asp,115,His,GAT,CAT
p.Asp115Val,Asp,115,Val,GAT,GTT
p.Asp115Gly,Asp,115,Gly,GAT,GGT
p.Asp115Tyr,Asp,115,Tyr,GAT,TAT
p.Asp116Asn,Asp,116,Asn,GAC,AAC
p.Asp116Glu,Asp,116,Glu,GAC,GAA
p.Asp116Val,Asp,116,Val,GAC,GTC
p.Asp116Ala,Asp,116,Ala,GAC,GCC
p.Asp116Tyr,Asp,116,Tyr,GAC,TAC
p.Asp116His,Asp,116,His,GAC,CAC
p.Asp116Gly,Asp,116,Gly,GAC,GGC
p.Asn117Lys,Asn,117,Lys,AAT,AAA
p.Asn117His,Asn,117,His,AAT,CAT
p.Asn117Ile,Asn,117,Ile,AAT,ATT
p.Asn117Ser,Asn,117,Ser,AAT,AGT
p.Asn117Asp,Asn,117,Asp,AAT,GAT
p.Asn117Tyr,Asn,117,Tyr,AAT,TAT
p.Asn117Thr,Asn,117,Thr,AAT,ACT
p.His118Asn,His,118,Asn,CAT,AAT
p.His118Gln,His,118,Gln,CAT,CAA
p.His118Leu,His,118,Leu,CAT,CTT
p.His118Pro,His,118,Pro,CAT,CCT
p.His118Asp,His,118,Asp,CAT,GAT
p.His118Arg,His,118,Arg,CAT,CGT
p.His118Tyr,His,118,Tyr,CAT,TAT
p.Val119Ala,Val,119,Ala,GTT,GCT
p.Val119Leu,Val,119,Leu,GTT,CTT
p.Val119Ile,Val,119,Ile,GTT,ATT
p.Val119Gly,Val,119,Gly,GTT,GGT
p.Val119Asp,Val,119,Asp,GTT,GAT
p.Val119Phe,Val,119,Phe,GTT,TTT
p.Ala120Gly,Ala,120,Gly,GCA,GGA
p.Ala120Glu,Ala,120,Glu,GCA,GAA
p.Ala120Ser,Ala,120,Ser,GCA,TCA
p.Ala120Val,Ala,120,Val,GCA,GTA
p.Ala120Thr,Ala,120,Thr,GCA,ACA
p.Ala120Pro,Ala,120,Pro,GCA,CCA
p.Ala121Gly,Ala,121,Gly,GCA,GGA
p.Ala121Glu,Ala,121,Glu,GCA,GAA
p.Ala121Ser,Ala,121,Ser,GCA,TCA
p.Ala121Val,Ala,121,Val,GCA,GTA
p.Ala121Thr,Ala,121,Thr,GCA,ACA
p.Ala121Pro,Ala,121,Pro,GCA,CCA
p.Ile122Asn,Ile,122,Asn,ATT,AAT
p.Ile122Leu,Ile,122,Leu,ATT,CTT
p.Ile122Met,Ile,122,Met,ATT,ATG
p.Ile122Val,Ile,122,Val,ATT,GTT
p.Ile122Ser,Ile,122,Ser,ATT,AGT
p.Ile122Phe,Ile,122,Phe,ATT,TTT
p.Ile122Thr,Ile,122,Thr,ATT,ACT
p.His123Asn,His,123,Asn,CAC,AAC
p.His123Gln,His,123,Gln,CAC,CAA
p.His123Arg,His,123,Arg,CAC,CGC
p.His123Asp,His,123,Asp,CAC,GAC
p.His123Pro,His,123,Pro,CAC,CCC
p.His123Tyr,His,123,Tyr,CAC,TAC
p.His123Leu,His,123,Leu,CAC,CTC
p.Cys124Ter,Cys,124,Ter,TGT,TGA
p.Cys124Trp,Cys,124,Trp,TGT,TGG
p.Cys124Ser,Cys,124,Ser,TGT,AGT
p.Cys124Gly,Cys,124,Gly,TGT,GGT
p.Cys124Phe,Cys,124,Phe,TGT,TTT
p.Cys124Arg,Cys,124,Arg,TGT,CGT
p.Cys124Tyr,Cys,124,Tyr,TGT,TAT
p.Lys125Ile,Lys,125,Ile,AAA,ATA
p.Lys125Glu,Lys,125,Glu,AAA,GAA
p.Lys125Asn,Lys,125,Asn,AAA,AAT
p.Lys125Gln,Lys,125,Gln,AAA,CAA
p.Lys125Arg,Lys,125,Arg,AAA,AGA
p.Lys125Thr,Lys,125,Thr,AAA,ACA
p.Lys125Ter,Lys,125,Ter,AAA,TAA
p.Ala126Ser,Ala,126,Ser,GCT,TCT
p.Ala126Pro,Ala,126,Pro,GCT,CCT
p.Ala126Val,Ala,126,Val,GCT,GTT
p.Ala126Gly,Ala,126,Gly,GCT,GGT
p.Ala126Asp,Ala,126,Asp,GCT,GAT
p.Ala126Thr,Ala,126,Thr,GCT,ACT
p.Gly127Ala,Gly,127,Ala,GGA,GCA
p.Gly127Glu,Gly,127,Glu,GGA,GAA
p.Gly127Ter,Gly,127,Ter,GGA,TGA
p.Gly127Arg,Gly,127,Arg,GGA,CGA
p.Gly127Val,Gly,127,Val,GGA,GTA
p.Lys128Gln,Lys,128,Gln,AAG,CAG
p.Lys128Glu,Lys,128,Glu,AAG,GAG
p.Lys128Asn,Lys,128,Asn,AAG,AAT
p.Lys128Thr,Lys,128,Thr,AAG,ACG
p.Lys128Ter,Lys,128,Ter,AAG,TAG
p.Lys128Met,Lys,128,Met,AAG,ATG
p.Lys128Arg,Lys,128,Arg,AAG,AGG
p.Gly129Ala,Gly,129,Ala,GGA,GCA
p.Gly129Glu,Gly,129,Glu,GGA,GAA
p.Gly129Ter,Gly,129,Ter,GGA,TGA
p.Gly129Arg,Gly,129,Arg,GGA,CGA
p.Gly129Val,Gly,129,Val,GGA,GTA
p.Arg130Gly,Arg,130,Gly,CGA,GGA
p.Arg130Ter,Arg,130,Ter,CGA,TGA
p.Arg130Gln,Arg,130,Gln,CGA,CAA
p.Arg130Leu,Arg,130,Leu,CGA,CTA
p.Arg130Pro,Arg,130,Pro,CGA,CCA
p.Thr131Ser,Thr,131,Ser,ACT,TCT
p.Thr131Ala,Thr,131,Ala,ACT,GCT
p.Thr131Asn,Thr,131,Asn,ACT,AAT
p.Thr131Ile,Thr,131,Ile,ACT,ATT
p.Thr131Pro,Thr,131,Pro,ACT,CCT
p.Gly132Ala,Gly,132,Ala,GGT,GCT
p.Gly132Cys,Gly,132,Cys,GGT,TGT
p.Gly132Ser,Gly,132,Ser,GGT,AGT
p.Gly132Val,Gly,132,Val,GGT,GTT
p.Gly132Asp,Gly,132,Asp,GGT,GAT
p.Gly132Arg,Gly,132,Arg,GGT,CGT
p.Val133Ile,Val,133,Ile,GTA,ATA
p.Val133Ala,Val,133,Ala,GTA,GCA
p.Val133Gly,Val,133,Gly,GTA,GGA
p.Val133Glu,Val,133,Glu,GTA,GAA
p.Val133Leu,Val,133,Leu,GTA,TTA
p.Met134Lys,Met,134,Lys,ATG,AAG
p.Met134Thr,Met,134,Thr,ATG,ACG
p.Met134Leu,Met,134,Leu,ATG,TTG
p.Met134Ile,Met,134,Ile,ATG,ATT
p.Met134Val,Met,134,Val,ATG,GTG
p.Met134Arg,Met,134,Arg,ATG,AGG
p.Ile135Lys,Ile,135,Lys,ATA,AAA
p.Ile135Arg,Ile,135,Arg,ATA,AGA
p.Ile135Val,Ile,135,Val,ATA,GTA
p.Ile135Met,Ile,135,Met,ATA,ATG
p.Ile135Thr,Ile,135,Thr,ATA,ACA
p.Ile135Leu,Ile,135,Leu,ATA,TTA
p.Cys136Ter,Cys,136,Ter,TGT,TGA
p.Cys136Trp,Cys,136,Trp,TGT,TGG
p.Cys136Ser,Cys,136,Ser,TGT,AGT
p.Cys136Gly,Cys,136,Gly,TGT,GGT
p.Cys136Phe,Cys,136,Phe,TGT,TTT
p.Cys136Arg,Cys,136,Arg,TGT,CGT
p.Cys136Tyr,Cys,136,Tyr,TGT,TAT
p.Ala137Gly,Ala,137,Gly,GCA,GGA
p.Ala137Glu,Ala,137,Glu,GCA,GAA
p.Ala137Ser,Ala,137,Ser,GCA,TCA
p.Ala137Val,Ala,137,Val,GCA,GTA
p.Ala137Thr,Ala,137,Thr,GCA,ACA
p.Ala137Pro,Ala,137,Pro,GCA,CCA
p.Tyr138Ser,Tyr,138,Ser,TAT,TCT
p.Tyr138Asn,Tyr,138,Asn,TAT,AAT
p.Tyr138Cys,Tyr,138,Cys,TAT,TGT
p.Tyr138His,Tyr,138,His,TAT,CAT
p.Tyr138Ter,Tyr,138,Ter,TAT,TAA
p.Tyr138Asp,Tyr,138,Asp,TAT,GAT
p.Tyr138Phe,Tyr,138,Phe,TAT,TTT
p.Leu139Ile,Leu,139,Ile,TTA,ATA
p.Leu139Ser,Leu,139,Ser,TTA,TCA
p.Leu139Val,Leu,139,Val,TTA,GTA
p.Leu139Ter,Leu,139,Ter,TTA,TAA
p.Leu139Phe,Leu,139,Phe,TTA,TTT
p.Leu140Ile,Leu,140,Ile,TTA,ATA
p.Leu140Ser,Leu,140,Ser,TTA,TCA
p.Leu140Val,Leu,140,Val,TTA,GTA
p.Leu140Ter,Leu,140,Ter,TTA,TAA
p.Leu140Phe,Leu,140,Phe,TTA,TTT
p.His141Asn,His,141,Asn,CAT,AAT
p.His141Gln,His,141,Gln,CAT,CAA
p.His141Leu,His,141,Leu,CAT,CTT
p.His141Pro,His,141,Pro,CAT,CCT
p.His141Asp,His,141,Asp,CAT,GAT
p.His141Arg,His,141,Arg,CAT,CGT
p.His141Tyr,His,141,Tyr,CAT,TAT
p.Arg142Gln,Arg,142,Gln,CGG,CAG
p.Arg142Pro,Arg,142,Pro,CGG,CCG
p.Arg142Trp,Arg,142,Trp,CGG,TGG
p.Arg142Leu,Arg,142,Leu,CGG,CTG
p.Arg142Gly,Arg,142,Gly,CGG,GGG
p.Gly143Cys,Gly,143,Cys,GGC,TGC
p.Gly143Arg,Gly,143,Arg,GGC,CGC
p.Gly143Asp,Gly,143,Asp,GGC,GAC
p.Gly143Ala,Gly,143,Ala,GGC,GCC
p.Gly143Val,Gly,143,Val,GGC,GTC
p.Gly143Ser,Gly,143,Ser,GGC,AGC
p.Lys144Ile,Lys,144,Ile,AAA,ATA
p.Lys144Glu,Lys,144,Glu,AAA,GAA
p.Lys144Asn,Lys,144,Asn,AAA,AAT
p.Lys144Gln,Lys,144,Gln,AAA,CAA
p.Lys144Arg,Lys,144,Arg,AAA,AGA
p.Lys144Thr,Lys,144,Thr,AAA,ACA
p.Lys144Ter,Lys,144,Ter,AAA,TAA
p.Phe145Ser,Phe,145,Ser,TTT,TCT
p.Phe145Cys,Phe,145,Cys,TTT,TGT
p.Phe145Leu,Phe,145,Leu,TTT,CTT
p.Phe145Ile,Phe,145,Ile,TTT,ATT
p.Phe145Val,Phe,145,Val,TTT,GTT
p.Phe145Tyr,Phe,145,Tyr,TTT,TAT
p.Leu146Ile,Leu,146,Ile,TTA,ATA
p.Leu146Ser,Leu,146,Ser,TTA,TCA
p.Leu146Val,Leu,146,Val,TTA,GTA
p.Leu146Ter,Leu,146,Ter,TTA,TAA
p.Leu146Phe,Leu,146,Phe,TTA,TTT
p.Lys147Gln,Lys,147,Gln,AAG,CAG
p.Lys147Glu,Lys,147,Glu,AAG,GAG
p.Lys147Asn,Lys,147,Asn,AAG,AAT
p.Lys147Thr,Lys,147,Thr,AAG,ACG
p.Lys147Ter,Lys,147,Ter,AAG,TAG
p.Lys147Met,Lys,147,Met,AAG,ATG
p.Lys147Arg,Lys,147,Arg,AAG,AGG
p.Ala148Gly,Ala,148,Gly,GCA,GGA
p.Ala148Glu,Ala,148,Glu,GCA,GAA
p.Ala148Ser,Ala,148,Ser,GCA,TCA
p.Ala148Val,Ala,148,Val,GCA,GTA
p.Ala148Thr,Ala,148,Thr,GCA,ACA
p.Ala148Pro,Ala,148,Pro,GCA,CCA
p.Gln149Lys,Gln,149,Lys,CAA,AAA
p.Gln149Glu,Gln,149,Glu,CAA,GAA
p.Gln149His,Gln,149,His,CAA,CAT
p.Gln149Arg,Gln,149,Arg,CAA,CGA
p.Gln149Leu,Gln,149,Leu,CAA,CTA
p.Gln149Ter,Gln,149,Ter,CAA,TAA
p.Gln149Pro,Gln,149,Pro,CAA,CCA
p.Glu150Lys,Glu,150,Lys,GAG,AAG
p.Glu150Gln,Glu,150,Gln,GAG,CAG
p.Glu150Asp,Glu,150,Asp,GAG,GAT
p.Glu150Ter,Glu,150,Ter,GAG,TAG
p.Glu150Val,Glu,150,Val,GAG,GTG
p.Glu150Ala,Glu,150,Ala,GAG,GCG
p.Glu150Gly,Glu,150,Gly,GAG,GGG
p.Ala151Ser,Ala,151,Ser,GCC,TCC
p.Ala151Thr,Ala,151,Thr,GCC,ACC
p.Ala151Asp,Ala,151,Asp,GCC,GAC
p.Ala151Pro,Ala,151,Pro,GCC,CCC
p.Ala151Gly,Ala,151,Gly,GCC,GGC
p.Ala151Val,Ala,151,Val,GCC,GTC
p.Leu152Ile,Leu,152,Ile,CTA,ATA
p.Leu152Gln,Leu,152,Gln,CTA,CAA
p.Leu152Arg,Leu,152,Arg,CTA,CGA
p.Leu152Val,Leu,152,Val,CTA,GTA
p.Leu152Pro,Leu,152,Pro,CTA,CCA
p.Asp153Glu,Asp,153,Glu,GAT,GAA
p.Asp153Ala,Asp,153,Ala,GAT,GCT
p.Asp153Asn,Asp,153,Asn,GAT,AAT
p.Asp153His,Asp,153,His,GAT,CAT
p.Asp153Val,Asp,153,Val,GAT,GTT
p.Asp153Gly,Asp,153,Gly,GAT,GGT
p.Asp153Tyr,Asp,153,Tyr,GAT,TAT
p.Phe154Ser,Phe,154,Ser,TTC,TCC
p.Phe154Ile,Phe,154,Ile,TTC,ATC
p.Phe154Cys,Phe,154,Cys,TTC,TGC
p.Phe154Tyr,Phe,154,Tyr,TTC,TAC
p.Phe154Val,Phe,154,Val,TTC,GTC
p.Phe154Leu,Phe,154,Leu,TTC,CTC
p.Tyr155Ser,Tyr,155,Ser,TAT,TCT
p.Tyr155Asn,Tyr,155,Asn,TAT,AAT
p.Tyr155Cys,Tyr,155,Cys,TAT,TGT
p.Tyr155His,Tyr,155,His,TAT,CAT
p.Tyr155Ter,Tyr,155,Ter,TAT,TAA
p.Tyr155Asp,Tyr,155,Asp,TAT,GAT
p.Tyr155Phe,Tyr,155,Phe,TAT,TTT
p.Gly156Glu,Gly,156,Glu,GGG,GAG
p.Gly156Val,Gly,156,Val,GGG,GTG
p.Gly156Trp,Gly,156,Trp,GGG,TGG
p.Gly156Arg,Gly,156,Arg,GGG,CGG
p.Gly156Ala,Gly,156,Ala,GGG,GCG
p.Glu157Gly,Glu,157,Gly,GAA,GGA
p.Glu157Ala,Glu,157,Ala,GAA,GCA
p.Glu157Asp,Glu,157,Asp,GAA,GAT
p.Glu157Lys,Glu,157,Lys,GAA,AAA
p.Glu157Gln,Glu,157,Gln,GAA,CAA
p.Glu157Val,Glu,157,Val,GAA,GTA
p.Glu157Ter,Glu,157,Ter,GAA,TAA
p.Val158Ile,Val,158,Ile,GTA,ATA
p.Val158Ala,Val,158,Ala,GTA,GCA
p.Val158Gly,Val,158,Gly,GTA,GGA
p.Val158Glu,Val,158,Glu,GTA,GAA
p.Val158Leu,Val,158,Leu,GTA,TTA
p.Arg159Lys,Arg,159,Lys,AGG,AAG
p.Arg159Thr,Arg,159,Thr,AGG,ACG
p.Arg159Trp,Arg,159,Trp,AGG,TGG
p.Arg159Met,Arg,159,Met,AGG,ATG
p.Arg159Ser,Arg,159,Ser,AGG,AGT
p.Arg159Gly,Arg,159,Gly,AGG,GGG
p.Thr160Asn,Thr,160,Asn,ACC,AAC
p.Thr160Ser,Thr,160,Ser,ACC,TCC
p.Thr160Pro,Thr,160,Pro,ACC,CCC
p.Thr160Ala,Thr,160,Ala,ACC,GCC
p.Thr160Ile,Thr,160,Ile,ACC,ATC
p.Arg161Gly,Arg,161,Gly,AGA,GGA
p.Arg161Ile,Arg,161,Ile,AGA,ATA
p.Arg161Lys,Arg,161,Lys,AGA,AAA
p.Arg161Ter,Arg,161,Ter,AGA,TGA
p.Arg161Ser,Arg,161,Ser,AGA,AGT
p.Arg161Thr,Arg,161,Thr,AGA,ACA
p.Asp162Asn,Asp,162,Asn,GAC,AAC
p.Asp162Glu,Asp,162,Glu,GAC,GAA
p.Asp162Val,Asp,162,Val,GAC,GTC
p.Asp162Ala,Asp,162,Ala,GAC,GCC
p.Asp162Tyr,Asp,162,Tyr,GAC,TAC
p.Asp162His,Asp,162,His,GAC,CAC
p.Asp162Gly,Asp,162,Gly,GAC,GGC
p.Lys163Ile,Lys,163,Ile,AAA,ATA
p.Lys163Glu,Lys,163,Glu,AAA,GAA
p.Lys163Asn,Lys,163,Asn,AAA,AAT
p.Lys163Gln,Lys,163,Gln,AAA,CAA
p.Lys163Arg,Lys,163,Arg,AAA,AGA
p.Lys163Thr,Lys,163,Thr,AAA,ACA
p.Lys163Ter,Lys,163,Ter,AAA,TAA
p.Lys164Gln,Lys,164,Gln,AAG,CAG
p.Lys164Glu,Lys,164,Glu,AAG,GAG
p.Lys164Asn,Lys,164,Asn,AAG,AAT
p.Lys164Thr,Lys,164,Thr,AAG,ACG
p.Lys164Ter,Lys,164,Ter,AAG,TAG
p.Lys164Met,Lys,164,Met,AAG,ATG
p.Lys164Arg,Lys,164,Arg,AAG,AGG
p.Gly165Ala,Gly,165,Ala,GGA,GCA
p.Gly165Glu,Gly,165,Glu,GGA,GAA
p.Gly165Ter,Gly,165,Ter,GGA,TGA
p.Gly165Arg,Gly,165,Arg,GGA,CGA
p.Gly165Val,Gly,165,Val,GGA,GTA
p.Val166Ile,Val,166,Ile,GTA,ATA
p.Val166Ala,Val,166,Ala,GTA,GCA
p.Val166Gly,Val,166,Gly,GTA,GGA
p.Val166Glu,Val,166,Glu,GTA,GAA
p.Val166Leu,Val,166,Leu,GTA,TTA
p.Thr167Ser,Thr,167,Ser,ACT,TCT
p.Thr167Ala,Thr,167,Ala,ACT,GCT
p.Thr167Asn,Thr,167,Asn,ACT,AAT
p.Thr167Ile,Thr,167,Ile,ACT,ATT
p.Thr167Pro,Thr,167,Pro,ACT,CCT
p.Ile168Asn,Ile,168,Asn,ATT,AAT
p.Ile168Leu,Ile,168,Leu,ATT,CTT
p.Ile168Met,Ile,168,Met,ATT,ATG
p.Ile168Val,Ile,168,Val,ATT,GTT
p.Ile168Ser,Ile,168,Ser,ATT,AGT
p.Ile168Phe,Ile,168,Phe,ATT,TTT
p.Ile168Thr,Ile,168,Thr,ATT,ACT
p.Pro169Ser,Pro,169,Ser,CCC,TCC
p.Pro169Thr,Pro,169,Thr,CCC,ACC
p.Pro169Arg,Pro,169,Arg,CCC,CGC
p.Pro169Ala,Pro,169,Ala,CCC,GCC
p.Pro169His,Pro,169,His,CCC,CAC
p.Pro169Leu,Pro,169,Leu,CCC,CTC
p.Ser170Asn,Ser,170,Asn,AGT,AAT
p.Ser170Cys,Ser,170,Cys,AGT,TGT
p.Ser170Ile,Ser,170,Ile,AGT,ATT
p.Ser170Gly,Ser,170,Gly,AGT,GGT
p.Ser170Arg,Ser,170,Arg,AGT,CGT
p.Ser170Thr,Ser,170,Thr,AGT,ACT
p.Gln171Lys,Gln,171,Lys,CAG,AAG
p.Gln171Glu,Gln,171,Glu,CAG,GAG
p.Gln171Pro,Gln,171,Pro,CAG,CCG
p.Gln171His,Gln,171,His,CAG,CAT
p.Gln171Ter,Gln,171,Ter,CAG,TAG
p.Gln171Arg,Gln,171,Arg,CAG,CGG
p.Gln171Leu,Gln,171,Leu,CAG,CTG
p.Arg172Lys,Arg,172,Lys,AGG,AAG
p.Arg172Thr,Arg,172,Thr,AGG,ACG
p.Arg172Trp,Arg,172,Trp,AGG,TGG
p.Arg172Met,Arg,172,Met,AGG,ATG
p.Arg172Ser,Arg,172,Ser,AGG,AGT
p.Arg172Gly,Arg,172,Gly,AGG,GGG
p.Arg173Cys,Arg,173,Cys,CGC,TGC
p.Arg173His,Arg,173,His,CGC,CAC
p.Arg173Pro,Arg,173,Pro,CGC,CCC
p.Arg173Gly,Arg,173,Gly,CGC,GGC
p.Arg173Ser,Arg,173,Ser,CGC,AGC
p.Arg173Leu,Arg,173,Leu,CGC,CTC
p.Tyr174Ser,Tyr,174,Ser,TAT,TCT
p.Tyr174Asn,Tyr,174,Asn,TAT,AAT
p.Tyr174Cys,Tyr,174,Cys,TAT,TGT
p.Tyr174His,Tyr,174,His,TAT,CAT
p.Tyr174Ter,Tyr,174,Ter,TAT,TAA
p.Tyr174Asp,Tyr,174,Asp,TAT,GAT
p.Tyr174Phe,Tyr,174,Phe,TAT,TTT
p.Val175Glu,Val,175,Glu,GTG,GAG
p.Val175Leu,Val,175,Leu,GTG,TTG
p.Val175Met,Val,175,Met,GTG,ATG
p.Val175Ala,Val,175,Ala,GTG,GCG
p.Val175Gly,Val,175,Gly,GTG,GGG
p.Tyr176Ser,Tyr,176,Ser,TAT,TCT
p.Tyr176Asn,Tyr,176,Asn,TAT,AAT
p.Tyr176Cys,Tyr,176,Cys,TAT,TGT
p.Tyr176His,Tyr,176,His,TAT,CAT
p.Tyr176Ter,Tyr,176,Ter,TAT,TAA
p.Tyr176Asp,Tyr,176,Asp,TAT,GAT
p.Tyr176Phe,Tyr,176,Phe,TAT,TTT
p.Tyr177Ser,Tyr,177,Ser,TAT,TCT
p.Tyr177Asn,Tyr,177,Asn,TAT,AAT
p.Tyr177Cys,Tyr,177,Cys,TAT,TGT
p.Tyr177His,Tyr,177,His,TAT,CAT
p.Tyr177Ter,Tyr,177,Ter,TAT,TAA
p.Tyr177Asp,Tyr,177,Asp,TAT,GAT
p.Tyr177Phe,Tyr,177,Phe,TAT,TTT
p.Tyr178Ser,Tyr,178,Ser,TAT,TCT
p.Tyr178Asn,Tyr,178,Asn,TAT,AAT
p.Tyr178Cys,Tyr,178,Cys,TAT,TGT
p.Tyr178His,Tyr,178,His,TAT,CAT
p.Tyr178Ter,Tyr,178,Ter,TAT,TAA
p.Tyr178Asp,Tyr,178,Asp,TAT,GAT
p.Tyr178Phe,Tyr,178,Phe,TAT,TTT
p.Ser179Asn,Ser,179,Asn,AGC,AAC
p.Ser179Thr,Ser,179,Thr,AGC,ACC
p.Ser179Cys,Ser,179,Cys,AGC,TGC
p.Ser179Arg,Ser,179,Arg,AGC,CGC
p.Ser179Ile,Ser,179,Ile,AGC,ATC
p.Ser179Gly,Ser,179,Gly,AGC,GGC
p.Tyr180Asn,Tyr,180,Asn,TAC,AAC
p.Tyr180Ser,Tyr,180,Ser,TAC,TCC
p.Tyr180Cys,Tyr,180,Cys,TAC,TGC
p.Tyr180Phe,Tyr,180,Phe,TAC,TTC
p.Tyr180Asp,Tyr,180,Asp,TAC,GAC
p.Tyr180Ter,Tyr,180,Ter,TAC,TAA
p.Tyr180His,Tyr,180,His,TAC,CAC
p.Leu181Gln,Leu,181,Gln,CTG,CAG
p.Leu181Pro,Leu,181,Pro,CTG,CCG
p.Leu181Val,Leu,181,Val,CTG,GTG
p.Leu181Met,Leu,181,Met,CTG,ATG
p.Leu181Arg,Leu,181,Arg,CTG,CGG
p.Leu182Ile,Leu,182,Ile,TTA,ATA
p.Leu182Ser,Leu,182,Ser,TTA,TCA
p.Leu182Val,Leu,182,Val,TTA,GTA
p.Leu182Ter,Leu,182,Ter,TTA,TAA
p.Leu182Phe,Leu,182,Phe,TTA,TTT
p.Lys183Gln,Lys,183,Gln,AAG,CAG
p.Lys183Glu,Lys,183,Glu,AAG,GAG
p.Lys183Asn,Lys,183,Asn,AAG,AAT
p.Lys183Thr,Lys,183,Thr,AAG,ACG
p.Lys183Ter,Lys,183,Ter,AAG,TAG
p.Lys183Met,Lys,183,Met,AAG,ATG
p.Lys183Arg,Lys,183,Arg,AAG,AGG
p.Asn184Lys,Asn,184,Lys,AAT,AAA
p.Asn184His,Asn,184,His,AAT,CAT
p.Asn184Ile,Asn,184,Ile,AAT,ATT
p.Asn184Ser,Asn,184,Ser,AAT,AGT
p.Asn184Asp,Asn,184,Asp,AAT,GAT
p.Asn184Tyr,Asn,184,Tyr,AAT,TAT
p.Asn184Thr,Asn,184,Thr,AAT,ACT
p.His185Asn,His,185,Asn,CAT,AAT
p.His185Gln,His,185,Gln,CAT,CAA
p.His185Leu,His,185,Leu,CAT,CTT
p.His185Pro,His,185,Pro,CAT,CCT
p.His185Asp,His,185,Asp,CAT,GAT
p.His185Arg,His,185,Arg,CAT,CGT
p.His185Tyr,His,185,Tyr,CAT,TAT
p.Leu186Gln,Leu,186,Gln,CTG,CAG
p.Leu186Pro,Leu,186,Pro,CTG,CCG
p.Leu186Val,Leu,186,Val,CTG,GTG
p.Leu186Met,Leu,186,Met,CTG,ATG
p.Leu186Arg,Leu,186,Arg,CTG,CGG
p.Asp187Glu,Asp,187,Glu,GAT,GAA
p.Asp187Ala,Asp,187,Ala,GAT,GCT
p.Asp187Asn,Asp,187,Asn,GAT,AAT
p.Asp187His,Asp,187,His,GAT,CAT
p.Asp187Val,Asp,187,Val,GAT,GTT
p.Asp187Gly,Asp,187,Gly,GAT,GGT
p.Asp187Tyr,Asp,187,Tyr,GAT,TAT
p.Tyr188Ser,Tyr,188,Ser,TAT,TCT
p.Tyr188Asn,Tyr,188,Asn,TAT,AAT
p.Tyr188Cys,Tyr,188,Cys,TAT,TGT
p.Tyr188His,Tyr,188,His,TAT,CAT
p.Tyr188Ter,Tyr,188,Ter,TAT,TAA
p.Tyr188Asp,Tyr,188,Asp,TAT,GAT
p.Tyr188Phe,Tyr,188,Phe,TAT,TTT
p.Arg189Gly,Arg,189,Gly,AGA,GGA
p.Arg189Ile,Arg,189,Ile,AGA,ATA
p.Arg189Lys,Arg,189,Lys,AGA,AAA
p.Arg189Ter,Arg,189,Ter,AGA,TGA
p.Arg189Ser,Arg,189,Ser,AGA,AGT
p.Arg189Thr,Arg,189,Thr,AGA,ACA
p.Pro190Ala,Pro,190,Ala,CCA,GCA
p.Pro190Gln,Pro,190,Gln,CCA,CAA
p.Pro190Ser,Pro,190,Ser,CCA,TCA
p.Pro190Arg,Pro,190,Arg,CCA,CGA
p.Pro190Thr,Pro,190,Thr,CCA,ACA
p.Pro190Leu,Pro,190,Leu,CCA,CTA
p.Val191Glu,Val,191,Glu,GTG,GAG
p.Val191Leu,Val,191,Leu,GTG,TTG
p.Val191Met,Val,191,Met,GTG,ATG
p.Val191Ala,Val,191,Ala,GTG,GCG
p.Val191Gly,Val,191,Gly,GTG,GGG
p.Ala192Gly,Ala,192,Gly,GCA,GGA
p.Ala192Glu,Ala,192,Glu,GCA,GAA
p.Ala192Ser,Ala,192,Ser,GCA,TCA
p.Ala192Val,Ala,192,Val,GCA,GTA
p.Ala192Thr,Ala,192,Thr,GCA,ACA
p.Ala192Pro,Ala,192,Pro,GCA,CCA
p.Leu193Gln,Leu,193,Gln,CTG,CAG
p.Leu193Pro,Leu,193,Pro,CTG,CCG
p.Leu193Val,Leu,193,Val,CTG,GTG
p.Leu193Met,Leu,193,Met,CTG,ATG
p.Leu193Arg,Leu,193,Arg,CTG,CGG
p.Leu194Ter,Leu,194,Ter,TTG,TAG
p.Leu194Trp,Leu,194,Trp,TTG,TGG
p.Leu194Met,Leu,194,Met,TTG,ATG
p.Leu194Val,Leu,194,Val,TTG,GTG
p.Leu194Phe,Leu,194,Phe,TTG,TTT
p.Leu194Ser,Leu,194,Ser,TTG,TCG
p.Phe195Ser,Phe,195,Ser,TTT,TCT
p.Phe195Cys,Phe,195,Cys,TTT,TGT
p.Phe195Leu,Phe,195,Leu,TTT,CTT
p.Phe195Ile,Phe,195,Ile,TTT,ATT
p.Phe195Val,Phe,195,Val,TTT,GTT
p.Phe195Tyr,Phe,195,Tyr,TTT,TAT
p.His196Asn,His,196,Asn,CAC,AAC
p.His196Gln,His,196,Gln,CAC,CAA
p.His196Arg,His,196,Arg,CAC,CGC
p.His196Asp,His,196,Asp,CAC,GAC
p.His196Pro,His,196,Pro,CAC,CCC
p.His196Tyr,His,196,Tyr,CAC,TAC
p.His196Leu,His,196,Leu,CAC,CTC
p.Lys197Gln,Lys,197,Gln,AAG,CAG
p.Lys197Glu,Lys,197,Glu,AAG,GAG
p.Lys197Asn,Lys,197,Asn,AAG,AAT
p.Lys197Thr,Lys,197,Thr,AAG,ACG
p.Lys197Ter,Lys,197,Ter,AAG,TAG
p.Lys197Met,Lys,197,Met,AAG,ATG
p.Lys197Arg,Lys,197,Arg,AAG,AGG
p.Met198Lys,Met,198,Lys,ATG,AAG
p.Met198Thr,Met,198,Thr,ATG,ACG
p.Met198Leu,Met,198,Leu,ATG,TTG
p.Met198Ile,Met,198,Ile,ATG,ATT
p.Met198Val,Met,198,Val,ATG,GTG
p.Met198Arg,Met,198,Arg,ATG,AGG
p.Met199Lys,Met,199,Lys,ATG,AAG
p.Met199Thr,Met,199,Thr,ATG,ACG
p.Met199Leu,Met,199,Leu,ATG,TTG
p.Met199Ile,Met,199,Ile,ATG,ATT
p.Met199Val,Met,199,Val,ATG,GTG
p.Met199Arg,Met,199,Arg,ATG,AGG
p.Phe200Ser,Phe,200,Ser,TTT,TCT
p.Phe200Cys,Phe,200,Cys,TTT,TGT
p.Phe200Leu,Phe,200,Leu,TTT,CTT
p.Phe200Ile,Phe,200,Ile,TTT,ATT
p.Phe200Val,Phe,200,Val,TTT,GTT
p.Phe200Tyr,Phe,200,Tyr,TTT,TAT
p.Glu201Gly,Glu,201,Gly,GAA,GGA
p.Glu201Ala,Glu,201,Ala,GAA,GCA
p.Glu201Asp,Glu,201,Asp,GAA,GAT
p.Glu201Lys,Glu,201,Lys,GAA,AAA
p.Glu201Gln,Glu,201,Gln,GAA,CAA
p.Glu201Val,Glu,201,Val,GAA,GTA
p.Glu201Ter,Glu,201,Ter,GAA,TAA
p.Thr202Ser,Thr,202,Ser,ACT,TCT
p.Thr202Ala,Thr,202,Ala,ACT,GCT
p.Thr202Asn,Thr,202,Asn,ACT,AAT
p.Thr202Ile,Thr,202,Ile,ACT,ATT
p.Thr202Pro,Thr,202,Pro,ACT,CCT
p.Ile203Asn,Ile,203,Asn,ATT,AAT
p.Ile203Leu,Ile,203,Leu,ATT,CTT
p.Ile203Met,Ile,203,Met,ATT,ATG
p.Ile203Val,Ile,203,Val,ATT,GTT
p.Ile203Ser,Ile,203,Ser,ATT,AGT
p.Ile203Phe,Ile,203,Phe,ATT,TTT
p.Ile203Thr,Ile,203,Thr,ATT,ACT
p.Pro204Ala,Pro,204,Ala,CCA,GCA
p.Pro204Gln,Pro,204,Gln,CCA,CAA
p.Pro204Ser,Pro,204,Ser,CCA,TCA
p.Pro204Arg,Pro,204,Arg,CCA,CGA
p.Pro204Thr,Pro,204,Thr,CCA,ACA
p.Pro204Leu,Pro,204,Leu,CCA,CTA
p.Met205Lys,Met,205,Lys,ATG,AAG
p.Met205Thr,Met,205,Thr,ATG,ACG
p.Met205Leu,Met,205,Leu,ATG,TTG
p.Met205Ile,Met,205,Ile,ATG,ATT
p.Met205Val,Met,205,Val,ATG,GTG
p.Met205Arg,Met,205,Arg,ATG,AGG
p.Phe206Ser,Phe,206,Ser,TTC,TCC
p.Phe206Ile,Phe,206,Ile,TTC,ATC
p.Phe206Cys,Phe,206,Cys,TTC,TGC
p.Phe206Tyr,Phe,206,Tyr,TTC,TAC
p.Phe206Val,Phe,206,Val,TTC,GTC
p.Phe206Leu,Phe,206,Leu,TTC,CTC
p.Ser207Asn,Ser,207,Asn,AGT,AAT
p.Ser207Cys,Ser,207,Cys,AGT,TGT
p.Ser207Ile,Ser,207,Ile,AGT,ATT
p.Ser207Gly,Ser,207,Gly,AGT,GGT
p.Ser207Arg,Ser,207,Arg,AGT,CGT
p.Ser207Thr,Ser,207,Thr,AGT,ACT
p.Gly208Cys,Gly,208,Cys,GGC,TGC
p.Gly208Arg,Gly,208,Arg,GGC,CGC
p.Gly208Asp,Gly,208,Asp,GGC,GAC
p.Gly208Ala,Gly,208,Ala,GGC,GCC
p.Gly208Val,Gly,208,Val,GGC,GTC
p.Gly208Ser,Gly,208,Ser,GGC,AGC
p.Gly209Ala,Gly,209,Ala,GGA,GCA
p.Gly209Glu,Gly,209,Glu,GGA,GAA
p.Gly209Ter,Gly,209,Ter,GGA,TGA
p.Gly209Arg,Gly,209,Arg,GGA,CGA
p.Gly209Val,Gly,209,Val,GGA,GTA
p.Thr210Ser,Thr,210,Ser,ACT,TCT
p.Thr210Ala,Thr,210,Ala,ACT,GCT
p.Thr210Asn,Thr,210,Asn,ACT,AAT
p.Thr210Ile,Thr,210,Ile,ACT,ATT
p.Thr210Pro,Thr,210,Pro,ACT,CCT
p.Cys211Ter,Cys,211,Ter,TGC,TGA
p.Cys211Arg,Cys,211,Arg,TGC,CGC
p.Cys211Phe,Cys,211,Phe,TGC,TTC
p.Cys211Trp,Cys,211,Trp,TGC,TGG
p.Cys211Tyr,Cys,211,Tyr,TGC,TAC
p.Cys211Gly,Cys,211,Gly,TGC,GGC
p.Cys211Ser,Cys,211,Ser,TGC,AGC
p.Asn212Lys,Asn,212,Lys,AAT,AAA
p.Asn212His,Asn,212,His,AAT,CAT
p.Asn212Ile,Asn,212,Ile,AAT,ATT
p.Asn212Ser,Asn,212,Ser,AAT,AGT
p.Asn212Asp,Asn,212,Asp,AAT,GAT
p.Asn212Tyr,Asn,212,Tyr,AAT,TAT
p.Asn212Thr,Asn,212,Thr,AAT,ACT
p.Pro213Ser,Pro,213,Ser,CCT,TCT
p.Pro213Ala,Pro,213,Ala,CCT,GCT
p.Pro213His,Pro,213,His,CCT,CAT
p.Pro213Leu,Pro,213,Leu,CCT,CTT
p.Pro213Arg,Pro,213,Arg,CCT,CGT
p.Pro213Thr,Pro,213,Thr,CCT,ACT
p.Gln214Lys,Gln,214,Lys,CAG,AAG
p.Gln214Glu,Gln,214,Glu,CAG,GAG
p.Gln214Pro,Gln,214,Pro,CAG,CCG
p.Gln214His,Gln,214,His,CAG,CAT
p.Gln214Ter,Gln,214,Ter,CAG,TAG
p.Gln214Arg,Gln,214,Arg,CAG,CGG
p.Gln214Leu,Gln,214,Leu,CAG,CTG
p.Phe215Ser,Phe,215,Ser,TTT,TCT
p.Phe215Cys,Phe,215,Cys,TTT,TGT
p.Phe215Leu,Phe,215,Leu,TTT,CTT
p.Phe215Ile,Phe,215,Ile,TTT,ATT
p.Phe215Val,Phe,215,Val,TTT,GTT
p.Phe215Tyr,Phe,215,Tyr,TTT,TAT
p.Val216Glu,Val,216,Glu,GTG,GAG
p.Val216Leu,Val,216,Leu,GTG,TTG
p.Val216Met,Val,216,Met,GTG,ATG
p.Val216Ala,Val,216,Ala,GTG,GCG
p.Val216Gly,Val,216,Gly,GTG,GGG
p.Val217Asp,Val,217,Asp,GTC,GAC
p.Val217Ala,Val,217,Ala,GTC,GCC
p.Val217Phe,Val,217,Phe,GTC,TTC
p.Val217Ile,Val,217,Ile,GTC,ATC
p.Val217Gly,Val,217,Gly,GTC,GGC
p.Val217Leu,Val,217,Leu,GTC,CTC
p.Cys218Ter,Cys,218,Ter,TGC,TGA
p.Cys218Arg,Cys,218,Arg,TGC,CGC
p.Cys218Phe,Cys,218,Phe,TGC,TTC
p.Cys218Trp,Cys,218,Trp,TGC,TGG
p.Cys218Tyr,Cys,218,Tyr,TGC,TAC
p.Cys218Gly,Cys,218,Gly,TGC,GGC
p.Cys218Ser,Cys,218,Ser,TGC,AGC
p.Gln219Lys,Gln,219,Lys,CAG,AAG
p.Gln219Glu,Gln,219,Glu,CAG,GAG
p.Gln219Pro,Gln,219,Pro,CAG,CCG
p.Gln219His,Gln,219,His,CAG,CAT
p.Gln219Ter,Gln,219,Ter,CAG,TAG
p.Gln219Arg,Gln,219,Arg,CAG,CGG
p.Gln219Leu,Gln,219,Leu,CAG,CTG
p.Leu220Ile,Leu,220,Ile,CTA,ATA
p.Leu220Gln,Leu,220,Gln,CTA,CAA
p.Leu220Arg,Leu,220,Arg,CTA,CGA
p.Leu220Val,Leu,220,Val,CTA,GTA
p.Leu220Pro,Leu,220,Pro,CTA,CCA
p.Lys221Gln,Lys,221,Gln,AAG,CAG
p.Lys221Glu,Lys,221,Glu,AAG,GAG
p.Lys221Asn,Lys,221,Asn,AAG,AAT
p.Lys221Thr,Lys,221,Thr,AAG,ACG
p.Lys221Ter,Lys,221,Ter,AAG,TAG
p.Lys221Met,Lys,221,Met,AAG,ATG
p.Lys221Arg,Lys,221,Arg,AAG,AGG
p.Val222Glu,Val,222,Glu,GTG,GAG
p.Val222Leu,Val,222,Leu,GTG,TTG
p.Val222Met,Val,222,Met,GTG,ATG
p.Val222Ala,Val,222,Ala,GTG,GCG
p.Val222Gly,Val,222,Gly,GTG,GGG
p.Lys223Gln,Lys,223,Gln,AAG,CAG
p.Lys223Glu,Lys,223,Glu,AAG,GAG
p.Lys223Asn,Lys,223,Asn,AAG,AAT
p.Lys223Thr,Lys,223,Thr,AAG,ACG
p.Lys223Ter,Lys,223,Ter,AAG,TAG
p.Lys223Met,Lys,223,Met,AAG,ATG
p.Lys223Arg,Lys,223,Arg,AAG,AGG
p.Ile224Lys,Ile,224,Lys,ATA,AAA
p.Ile224Arg,Ile,224,Arg,ATA,AGA
p.Ile224Val,Ile,224,Val,ATA,GTA
p.Ile224Met,Ile,224,Met,ATA,ATG
p.Ile224Thr,Ile,224,Thr,ATA,ACA
p.Ile224Leu,Ile,224,Leu,ATA,TTA
p.Tyr225Ser,Tyr,225,Ser,TAT,TCT
p.Tyr225Asn,Tyr,225,Asn,TAT,AAT
p.Tyr225Cys,Tyr,225,Cys,TAT,TGT
p.Tyr225His,Tyr,225,His,TAT,CAT
p.Tyr225Ter,Tyr,225,Ter,TAT,TAA
p.Tyr225Asp,Tyr,225,Asp,TAT,GAT
p.Tyr225Phe,Tyr,225,Phe,TAT,TTT
p.Ser226Thr,Ser,226,Thr,TCC,ACC
p.Ser226Cys,Ser,226,Cys,TCC,TGC
p.Ser226Phe,Ser,226,Phe,TCC,TTC
p.Ser226Pro,Ser,226,Pro,TCC,CCC
p.Ser226Ala,Ser,226,Ala,TCC,GCC
p.Ser226Tyr,Ser,226,Tyr,TCC,TAC
p.Ser227Thr,Ser,227,Thr,TCC,ACC
p.Ser227Cys,Ser,227,Cys,TCC,TGC
p.Ser227Phe,Ser,227,Phe,TCC,TTC
p.Ser227Pro,Ser,227,Pro,TCC,CCC
p.Ser227Ala,Ser,227,Ala,TCC,GCC
p.Ser227Tyr,Ser,227,Tyr,TCC,TAC
p.Asn228Lys,Asn,228,Lys,AAT,AAA
p.Asn228His,Asn,228,His,AAT,CAT
p.Asn228Ile,Asn,228,Ile,AAT,ATT
p.Asn228Ser,Asn,228,Ser,AAT,AGT
p.Asn228Asp,Asn,228,Asp,AAT,GAT
p.Asn228Tyr,Asn,228,Tyr,AAT,TAT
p.Asn228Thr,Asn,228,Thr,AAT,ACT
p.Ser229Ala,Ser,229,Ala,TCA,GCA
p.Ser229Thr,Ser,229,Thr,TCA,ACA
p.Ser229Ter,Ser,229,Ter,TCA,TAA
p.Ser229Pro,Ser,229,Pro,TCA,CCA
p.Ser229Leu,Ser,229,Leu,TCA,TTA
p.Gly230Ala,Gly,230,Ala,GGA,GCA
p.Gly230Glu,Gly,230,Glu,GGA,GAA
p.Gly230Ter,Gly,230,Ter,GGA,TGA
p.Gly230Arg,Gly,230,Arg,GGA,CGA
p.Gly230Val,Gly,230,Val,GGA,GTA
p.Pro231Ser,Pro,231,Ser,CCC,TCC
p.Pro231Thr,Pro,231,Thr,CCC,ACC
p.Pro231Arg,Pro,231,Arg,CCC,CGC
p.Pro231Ala,Pro,231,Ala,CCC,GCC
p.Pro231His,Pro,231,His,CCC,CAC
p.Pro231Leu,Pro,231,Leu,CCC,CTC
p.Thr232Ile,Thr,232,Ile,ACA,ATA
p.Thr232Ala,Thr,232,Ala,ACA,GCA
p.Thr232Lys,Thr,232,Lys,ACA,AAA
p.Thr232Ser,Thr,232,Ser,ACA,TCA
p.Thr232Arg,Thr,232,Arg,ACA,AGA
p.Thr232Pro,Thr,232,Pro,ACA,CCA
p.Arg233Gly,Arg,233,Gly,CGA,GGA
p.Arg233Ter,Arg,233,Ter,CGA,TGA
p.Arg233Gln,Arg,233,Gln,CGA,CAA
p.Arg233Leu,Arg,233,Leu,CGA,CTA
p.Arg233Pro,Arg,233,Pro,CGA,CCA
p.Arg234Gln,Arg,234,Gln,CGG,CAG
p.Arg234Pro,Arg,234,Pro,CGG,CCG
p.Arg234Trp,Arg,234,Trp,CGG,TGG
p.Arg234Leu,Arg,234,Leu,CGG,CTG
p.Arg234Gly,Arg,234,Gly,CGG,GGG
p.Glu235Gly,Glu,235,Gly,GAA,GGA
p.Glu235Ala,Glu,235,Ala,GAA,GCA
p.Glu235Asp,Glu,235,Asp,GAA,GAT
p.Glu235Lys,Glu,235,Lys,GAA,AAA
p.Glu235Gln,Glu,235,Gln,GAA,CAA
p.Glu235Val,Glu,235,Val,GAA,GTA
p.Glu235Ter,Glu,235,Ter,GAA,TAA
p.Asp236Asn,Asp,236,Asn,GAC,AAC
p.Asp236Glu,Asp,236,Glu,GAC,GAA
p.Asp236Val,Asp,236,Val,GAC,GTC
p.Asp236Ala,Asp,236,Ala,GAC,GCC
p.Asp236Tyr,Asp,236,Tyr,GAC,TAC
p.Asp236His,Asp,236,His,GAC,CAC
p.Asp236Gly,Asp,236,Gly,GAC,GGC
p.Lys237Gln,Lys,237,Gln,AAG,CAG
p.Lys237Glu,Lys,237,Glu,AAG,GAG
p.Lys237Asn,Lys,237,Asn,AAG,AAT
p.Lys237Thr,Lys,237,Thr,AAG,ACG
p.Lys237Ter,Lys,237,Ter,AAG,TAG
p.Lys237Met,Lys,237,Met,AAG,ATG
p.Lys237Arg,Lys,237,Arg,AAG,AGG
p.Phe238Ser,Phe,238,Ser,TTC,TCC
p.Phe238Ile,Phe,238,Ile,TTC,ATC
p.Phe238Cys,Phe,238,Cys,TTC,TGC
p.Phe238Tyr,Phe,238,Tyr,TTC,TAC
p.Phe238Val,Phe,238,Val,TTC,GTC
p.Phe238Leu,Phe,238,Leu,TTC,CTC
p.Met239Lys,Met,239,Lys,ATG,AAG
p.Met239Thr,Met,239,Thr,ATG,ACG
p.Met239Leu,Met,239,Leu,ATG,TTG
p.Met239Ile,Met,239,Ile,ATG,ATT
p.Met239Val,Met,239,Val,ATG,GTG
p.Met239Arg,Met,239,Arg,ATG,AGG
p.Tyr240Asn,Tyr,240,Asn,TAC,AAC
p.Tyr240Ser,Tyr,240,Ser,TAC,TCC
p.Tyr240Cys,Tyr,240,Cys,TAC,TGC
p.Tyr240Phe,Tyr,240,Phe,TAC,TTC
p.Tyr240Asp,Tyr,240,Asp,TAC,GAC
p.Tyr240Ter,Tyr,240,Ter,TAC,TAA
p.Tyr240His,Tyr,240,His,TAC,CAC
p.Phe241Ser,Phe,241,Ser,TTT,TCT
p.Phe241Cys,Phe,241,Cys,TTT,TGT
p.Phe241Leu,Phe,241,Leu,TTT,CTT
p.Phe241Ile,Phe,241,Ile,TTT,ATT
p.Phe241Val,Phe,241,Val,TTT,GTT
p.Phe241Tyr,Phe,241,Tyr,TTT,TAT
p.Glu242Lys,Glu,242,Lys,GAG,AAG
p.Glu242Gln,Glu,242,Gln,GAG,CAG
p.Glu242Asp,Glu,242,Asp,GAG,GAT
p.Glu242Ter,Glu,242,Ter,GAG,TAG
p.Glu242Val,Glu,242,Val,GAG,GTG
p.Glu242Ala,Glu,242,Ala,GAG,GCG
p.Glu242Gly,Glu,242,Gly,GAG,GGG
p.Phe243Ser,Phe,243,Ser,TTC,TCC
p.Phe243Ile,Phe,243,Ile,TTC,ATC
p.Phe243Cys,Phe,243,Cys,TTC,TGC
p.Phe243Tyr,Phe,243,Tyr,TTC,TAC
p.Phe243Val,Phe,243,Val,TTC,GTC
p.Phe243Leu,Phe,243,Leu,TTC,CTC
p.Pro244Ser,Pro,244,Ser,CCT,TCT
p.Pro244Ala,Pro,244,Ala,CCT,GCT
p.Pro244His,Pro,244,His,CCT,CAT
p.Pro244Leu,Pro,244,Leu,CCT,CTT
p.Pro244Arg,Pro,244,Arg,CCT,CGT
p.Pro244Thr,Pro,244,Thr,CCT,ACT
p.Gln245Lys,Gln,245,Lys,CAG,AAG
p.Gln245Glu,Gln,245,Glu,CAG,GAG
p.Gln245Pro,Gln,245,Pro,CAG,CCG
p.Gln245His,Gln,245,His,CAG,CAT
p.Gln245Ter,Gln,245,Ter,CAG,TAG
p.Gln245Arg,Gln,245,Arg,CAG,CGG
p.Gln245Leu,Gln,245,Leu,CAG,CTG
p.Pro246Gln,Pro,246,Gln,CCG,CAG
p.Pro246Thr,Pro,246,Thr,CCG,ACG
p.Pro246Arg,Pro,246,Arg,CCG,CGG
p.Pro246Leu,Pro,246,Leu,CCG,CTG
p.Pro246Ala,Pro,246,Ala,CCG,GCG
p.Pro246Ser,Pro,246,Ser,CCG,TCG
p.Leu247Ile,Leu,247,Ile,TTA,ATA
p.Leu247Ser,Leu,247,Ser,TTA,TCA
p.Leu247Val,Leu,247,Val,TTA,GTA
p.Leu247Ter,Leu,247,Ter,TTA,TAA
p.Leu247Phe,Leu,247,Phe,TTA,TTT
p.Pro248Ser,Pro,248,Ser,CCT,TCT
p.Pro248Ala,Pro,248,Ala,CCT,GCT
p.Pro248His,Pro,248,His,CCT,CAT
p.Pro248Leu,Pro,248,Leu,CCT,CTT
p.Pro248Arg,Pro,248,Arg,CCT,CGT
p.Pro248Thr,Pro,248,Thr,CCT,ACT
p.Val249Glu,Val,249,Glu,GTG,GAG
p.Val249Leu,Val,249,Leu,GTG,TTG
p.Val249Met,Val,249,Met,GTG,ATG
p.Val249Ala,Val,249,Ala,GTG,GCG
p.Val249Gly,Val,249,Gly,GTG,GGG
p.Cys250Ter,Cys,250,Ter,TGT,TGA
p.Cys250Trp,Cys,250,Trp,TGT,TGG
p.Cys250Ser,Cys,250,Ser,TGT,AGT
p.Cys250Gly,Cys,250,Gly,TGT,GGT
p.Cys250Phe,Cys,250,Phe,TGT,TTT
p.Cys250Arg,Cys,250,Arg,TGT,CGT
p.Cys250Tyr,Cys,250,Tyr,TGT,TAT
p.Gly251Ala,Gly,251,Ala,GGT,GCT
p.Gly251Cys,Gly,251,Cys,GGT,TGT
p.Gly251Ser,Gly,251,Ser,GGT,AGT
p.Gly251Val,Gly,251,Val,GGT,GTT
p.Gly251Asp,Gly,251,Asp,GGT,GAT
p.Gly251Arg,Gly,251,Arg,GGT,CGT
p.Asp252Glu,Asp,252,Glu,GAT,GAA
p.Asp252Ala,Asp,252,Ala,GAT,GCT
p.Asp252Asn,Asp,252,Asn,GAT,AAT
p.Asp252His,Asp,252,His,GAT,CAT
p.Asp252Val,Asp,252,Val,GAT,GTT
p.Asp252Gly,Asp,252,Gly,GAT,GGT
p.Asp252Tyr,Asp,252,Tyr,GAT,TAT
p.Ile253Asn,Ile,253,Asn,ATC,AAC
p.Ile253Thr,Ile,253,Thr,ATC,ACC
p.Ile253Phe,Ile,253,Phe,ATC,TTC
p.Ile253Met,Ile,253,Met,ATC,ATG
p.Ile253Val,Ile,253,Val,ATC,GTC
p.Ile253Ser,Ile,253,Ser,ATC,AGC
p.Ile253Leu,Ile,253,Leu,ATC,CTC
p.Lys254Ile,Lys,254,Ile,AAA,ATA
p.Lys254Glu,Lys,254,Glu,AAA,GAA
p.Lys254Asn,Lys,254,Asn,AAA,AAT
p.Lys254Gln,Lys,254,Gln,AAA,CAA
p.Lys254Arg,Lys,254,Arg,AAA,AGA
p.Lys254Thr,Lys,254,Thr,AAA,ACA
p.Lys254Ter,Lys,254,Ter,AAA,TAA
p.Val255Ile,Val,255,Ile,GTA,ATA
p.Val255Ala,Val,255,Ala,GTA,GCA
p.Val255Gly,Val,255,Gly,GTA,GGA
p.Val255Glu,Val,255,Glu,GTA,GAA
p.Val255Leu,Val,255,Leu,GTA,TTA
p.Glu256Lys,Glu,256,Lys,GAG,AAG
p.Glu256Gln,Glu,256,Gln,GAG,CAG
p.Glu256Asp,Glu,256,Asp,GAG,GAT
p.Glu256Ter,Glu,256,Ter,GAG,TAG
p.Glu256Val,Glu,256,Val,GAG,GTG
p.Glu256Ala,Glu,256,Ala,GAG,GCG
p.Glu256Gly,Glu,256,Gly,GAG,GGG
p.Phe257Ser,Phe,257,Ser,TTC,TCC
p.Phe257Ile,Phe,257,Ile,TTC,ATC
p.Phe257Cys,Phe,257,Cys,TTC,TGC
p.Phe257Tyr,Phe,257,Tyr,TTC,TAC
p.Phe257Val,Phe,257,Val,TTC,GTC
p.Phe257Leu,Phe,257,Leu,TTC,CTC
p.Phe258Ser,Phe,258,Ser,TTC,TCC
p.Phe258Ile,Phe,258,Ile,TTC,ATC
p.Phe258Cys,Phe,258,Cys,TTC,TGC
p.Phe258Tyr,Phe,258,Tyr,TTC,TAC
p.Phe258Val,Phe,258,Val,TTC,GTC
p.Phe258Leu,Phe,258,Leu,TTC,CTC
p.His259Asn,His,259,Asn,CAC,AAC
p.His259Gln,His,259,Gln,CAC,CAA
p.His259Arg,His,259,Arg,CAC,CGC
p.His259Asp,His,259,Asp,CAC,GAC
p.His259Pro,His,259,Pro,CAC,CCC
p.His259Tyr,His,259,Tyr,CAC,TAC
p.His259Leu,His,259,Leu,CAC,CTC
p.Lys260Ile,Lys,260,Ile,AAA,ATA
p.Lys260Glu,Lys,260,Glu,AAA,GAA
p.Lys260Asn,Lys,260,Asn,AAA,AAT
p.Lys260Gln,Lys,260,Gln,AAA,CAA
p.Lys260Arg,Lys,260,Arg,AAA,AGA
p.Lys260Thr,Lys,260,Thr,AAA,ACA
p.Lys260Ter,Lys,260,Ter,AAA,TAA
p.Gln261Lys,Gln,261,Lys,CAG,AAG
p.Gln261Glu,Gln,261,Glu,CAG,GAG
p.Gln261Pro,Gln,261,Pro,CAG,CCG
p.Gln261His,Gln,261,His,CAG,CAT
p.Gln261Ter,Gln,261,Ter,CAG,TAG
p.Gln261Arg,Gln,261,Arg,CAG,CGG
p.Gln261Leu,Gln,261,Leu,CAG,CTG
p.Asn262Thr,Asn,262,Thr,AAC,ACC
p.Asn262Lys,Asn,262,Lys,AAC,AAA
p.Asn262Asp,Asn,262,Asp,AAC,GAC
p.Asn262Tyr,Asn,262,Tyr,AAC,TAC
p.Asn262Ile,Asn,262,Ile,AAC,ATC
p.Asn262His,Asn,262,His,AAC,CAC
p.Asn262Ser,Asn,262,Ser,AAC,AGC
p.Lys263Gln,Lys,263,Gln,AAG,CAG
p.Lys263Glu,Lys,263,Glu,AAG,GAG
p.Lys263Asn,Lys,263,Asn,AAG,AAT
p.Lys263Thr,Lys,263,Thr,AAG,ACG
p.Lys263Ter,Lys,263,Ter,AAG,TAG
p.Lys263Met,Lys,263,Met,AAG,ATG
p.Lys263Arg,Lys,263,Arg,AAG,AGG
p.Met264Lys,Met,264,Lys,ATG,AAG
p.Met264Thr,Met,264,Thr,ATG,ACG
p.Met264Leu,Met,264,Leu,ATG,TTG
p.Met264Ile,Met,264,Ile,ATG,ATT
p.Met264Val,Met,264,Val,ATG,GTG
p.Met264Arg,Met,264,Arg,ATG,AGG
p.Leu265Ile,Leu,265,Ile,CTA,ATA
p.Leu265Gln,Leu,265,Gln,CTA,CAA
p.Leu265Arg,Leu,265,Arg,CTA,CGA
p.Leu265Val,Leu,265,Val,CTA,GTA
p.Leu265Pro,Leu,265,Pro,CTA,CCA
p.Lys266Ile,Lys,266,Ile,AAA,ATA
p.Lys266Glu,Lys,266,Glu,AAA,GAA
p.Lys266Asn,Lys,266,Asn,AAA,AAT
p.Lys266Gln,Lys,266,Gln,AAA,CAA
p.Lys266Arg,Lys,266,Arg,AAA,AGA
p.Lys266Thr,Lys,266,Thr,AAA,ACA
p.Lys266Ter,Lys,266,Ter,AAA,TAA
p.Lys267Gln,Lys,267,Gln,AAG,CAG
p.Lys267Glu,Lys,267,Glu,AAG,GAG
p.Lys267Asn,Lys,267,Asn,AAG,AAT
p.Lys267Thr,Lys,267,Thr,AAG,ACG
p.Lys267Ter,Lys,267,Ter,AAG,TAG
p.Lys267Met,Lys,267,Met,AAG,ATG
p.Lys267Arg,Lys,267,Arg,AAG,AGG
p.Asp268Asn,Asp,268,Asn,GAC,AAC
p.Asp268Glu,Asp,268,Glu,GAC,GAA
p.Asp268Val,Asp,268,Val,GAC,GTC
p.Asp268Ala,Asp,268,Ala,GAC,GCC
p.Asp268Tyr,Asp,268,Tyr,GAC,TAC
p.Asp268His,Asp,268,His,GAC,CAC
p.Asp268Gly,Asp,268,Gly,GAC,GGC
p.Lys269Ile,Lys,269,Ile,AAA,ATA
p.Lys269Glu,Lys,269,Glu,AAA,GAA
p.Lys269Asn,Lys,269,Asn,AAA,AAT
p.Lys269Gln,Lys,269,Gln,AAA,CAA
p.Lys269Arg,Lys,269,Arg,AAA,AGA
p.Lys269Thr,Lys,269,Thr,AAA,ACA
p.Lys269Ter,Lys,269,Ter,AAA,TAA
p.Met270Lys,Met,270,Lys,ATG,AAG
p.Met270Thr,Met,270,Thr,ATG,ACG
p.Met270Leu,Met,270,Leu,ATG,TTG
p.Met270Ile,Met,270,Ile,ATG,ATT
p.Met270Val,Met,270,Val,ATG,GTG
p.Met270Arg,Met,270,Arg,ATG,AGG
p.Phe271Ser,Phe,271,Ser,TTT,TCT
p.Phe271Cys,Phe,271,Cys,TTT,TGT
p.Phe271Leu,Phe,271,Leu,TTT,CTT
p.Phe271Ile,Phe,271,Ile,TTT,ATT
p.Phe271Val,Phe,271,Val,TTT,GTT
p.Phe271Tyr,Phe,271,Tyr,TTT,TAT
p.His272Asn,His,272,Asn,CAC,AAC
p.His272Gln,His,272,Gln,CAC,CAA
p.His272Arg,His,272,Arg,CAC,CGC
p.His272Asp,His,272,Asp,CAC,GAC
p.His272Pro,His,272,Pro,CAC,CCC
p.His272Tyr,His,272,Tyr,CAC,TAC
p.His272Leu,His,272,Leu,CAC,CTC
p.Phe273Ser,Phe,273,Ser,TTT,TCT
p.Phe273Cys,Phe,273,Cys,TTT,TGT
p.Phe273Leu,Phe,273,Leu,TTT,CTT
p.Phe273Ile,Phe,273,Ile,TTT,ATT
p.Phe273Val,Phe,273,Val,TTT,GTT
p.Phe273Tyr,Phe,273,Tyr,TTT,TAT
p.Trp274Cys,Trp,274,Cys,TGG,TGT
p.Trp274Ter,Trp,274,Ter,TGG,TAG
p.Trp274Leu,Trp,274,Leu,TGG,TTG
p.Trp274Arg,Trp,274,Arg,TGG,CGG
p.Trp274Ser,Trp,274,Ser,TGG,TCG
p.Trp274Gly,Trp,274,Gly,TGG,GGG
p.Val275Ile,Val,275,Ile,GTA,ATA
p.Val275Ala,Val,275,Ala,GTA,GCA
p.Val275Gly,Val,275,Gly,GTA,GGA
p.Val275Glu,Val,275,Glu,GTA,GAA
p.Val275Leu,Val,275,Leu,GTA,TTA
p.Asn276Lys,Asn,276,Lys,AAT,AAA
p.Asn276His,Asn,276,His,AAT,CAT
p.Asn276Ile,Asn,276,Ile,AAT,ATT
p.Asn276Ser,Asn,276,Ser,AAT,AGT
p.Asn276Asp,Asn,276,Asp,AAT,GAT
p.Asn276Tyr,Asn,276,Tyr,AAT,TAT
p.Asn276Thr,Asn,276,Thr,AAT,ACT
p.Thr277Ile,Thr,277,Ile,ACA,ATA
p.Thr277Ala,Thr,277,Ala,ACA,GCA
p.Thr277Lys,Thr,277,Lys,ACA,AAA
p.Thr277Ser,Thr,277,Ser,ACA,TCA
p.Thr277Arg,Thr,277,Arg,ACA,AGA
p.Thr277Pro,Thr,277,Pro,ACA,CCA
p.Phe278Ser,Phe,278,Ser,TTC,TCC
p.Phe278Ile,Phe,278,Ile,TTC,ATC
p.Phe278Cys,Phe,278,Cys,TTC,TGC
p.Phe278Tyr,Phe,278,Tyr,TTC,TAC
p.Phe278Val,Phe,278,Val,TTC,GTC
p.Phe278Leu,Phe,278,Leu,TTC,CTC
p.Phe279Ser,Phe,279,Ser,TTC,TCC
p.Phe279Ile,Phe,279,Ile,TTC,ATC
p.Phe279Cys,Phe,279,Cys,TTC,TGC
p.Phe279Tyr,Phe,279,Tyr,TTC,TAC
p.Phe279Val,Phe,279,Val,TTC,GTC
p.Phe279Leu,Phe,279,Leu,TTC,CTC
p.Ile280Lys,Ile,280,Lys,ATA,AAA
p.Ile280Arg,Ile,280,Arg,ATA,AGA
p.Ile280Val,Ile,280,Val,ATA,GTA
p.Ile280Met,Ile,280,Met,ATA,ATG
p.Ile280Thr,Ile,280,Thr,ATA,ACA
p.Ile280Leu,Ile,280,Leu,ATA,TTA
p.Pro281Ala,Pro,281,Ala,CCA,GCA
p.Pro281Gln,Pro,281,Gln,CCA,CAA
p.Pro281Ser,Pro,281,Ser,CCA,TCA
p.Pro281Arg,Pro,281,Arg,CCA,CGA
p.Pro281Thr,Pro,281,Thr,CCA,ACA
p.Pro281Leu,Pro,281,Leu,CCA,CTA
p.Gly282Ala,Gly,282,Ala,GGA,GCA
p.Gly282Glu,Gly,282,Glu,GGA,GAA
p.Gly282Ter,Gly,282,Ter,GGA,TGA
p.Gly282Arg,Gly,282,Arg,GGA,CGA
p.Gly282Val,Gly,282,Val,GGA,GTA
p.Pro283Ala,Pro,283,Ala,CCA,GCA
p.Pro283Gln,Pro,283,Gln,CCA,CAA
p.Pro283Ser,Pro,283,Ser,CCA,TCA
p.Pro283Arg,Pro,283,Arg,CCA,CGA
p.Pro283Thr,Pro,283,Thr,CCA,ACA
p.Pro283Leu,Pro,283,Leu,CCA,CTA
p.Glu284Lys,Glu,284,Lys,GAG,AAG
p.Glu284Gln,Glu,284,Gln,GAG,CAG
p.Glu284Asp,Glu,284,Asp,GAG,GAT
p.Glu284Ter,Glu,284,Ter,GAG,TAG
p.Glu284Val,Glu,284,Val,GAG,GTG
p.Glu284Ala,Glu,284,Ala,GAG,GCG
p.Glu284Gly,Glu,284,Gly,GAG,GGG
p.Glu285Gly,Glu,285,Gly,GAA,GGA
p.Glu285Ala,Glu,285,Ala,GAA,GCA
p.Glu285Asp,Glu,285,Asp,GAA,GAT
p.Glu285Lys,Glu,285,Lys,GAA,AAA
p.Glu285Gln,Glu,285,Gln,GAA,CAA
p.Glu285Val,Glu,285,Val,GAA,GTA
p.Glu285Ter,Glu,285,Ter,GAA,TAA
p.Thr286Asn,Thr,286,Asn,ACC,AAC
p.Thr286Ser,Thr,286,Ser,ACC,TCC
p.Thr286Pro,Thr,286,Pro,ACC,CCC
p.Thr286Ala,Thr,286,Ala,ACC,GCC
p.Thr286Ile,Thr,286,Ile,ACC,ATC
p.Ser287Ala,Ser,287,Ala,TCA,GCA
p.Ser287Thr,Ser,287,Thr,TCA,ACA
p.Ser287Ter,Ser,287,Ter,TCA,TAA
p.Ser287Pro,Ser,287,Pro,TCA,CCA
p.Ser287Leu,Ser,287,Leu,TCA,TTA
p.Glu288Gly,Glu,288,Gly,GAA,GGA
p.Glu288Ala,Glu,288,Ala,GAA,GCA
p.Glu288Asp,Glu,288,Asp,GAA,GAT
p.Glu288Lys,Glu,288,Lys,GAA,AAA
p.Glu288Gln,Glu,288,Gln,GAA,CAA
p.Glu288Val,Glu,288,Val,GAA,GTA
p.Glu288Ter,Glu,288,Ter,GAA,TAA
p.Lys289Ile,Lys,289,Ile,AAA,ATA
p.Lys289Glu,Lys,289,Glu,AAA,GAA
p.Lys289Asn,Lys,289,Asn,AAA,AAT
p.Lys289Gln,Lys,289,Gln,AAA,CAA
p.Lys289Arg,Lys,289,Arg,AAA,AGA
p.Lys289Thr,Lys,289,Thr,AAA,ACA
p.Lys289Ter,Lys,289,Ter,AAA,TAA
p.Val290Ile,Val,290,Ile,GTA,ATA
p.Val290Ala,Val,290,Ala,GTA,GCA
p.Val290Gly,Val,290,Gly,GTA,GGA
p.Val290Glu,Val,290,Glu,GTA,GAA
p.Val290Leu,Val,290,Leu,GTA,TTA
p.Glu291Gly,Glu,291,Gly,GAA,GGA
p.Glu291Ala,Glu,291,Ala,GAA,GCA
p.Glu291Asp,Glu,291,Asp,GAA,GAT
p.Glu291Lys,Glu,291,Lys,GAA,AAA
p.Glu291Gln,Glu,291,Gln,GAA,CAA
p.Glu291Val,Glu,291,Val,GAA,GTA
p.Glu291Ter,Glu,291,Ter,GAA,TAA
p.Asn292Lys,Asn,292,Lys,AAT,AAA
p.Asn292His,Asn,292,His,AAT,CAT
p.Asn292Ile,Asn,292,Ile,AAT,ATT
p.Asn292Ser,Asn,292,Ser,AAT,AGT
p.Asn292Asp,Asn,292,Asp,AAT,GAT
p.Asn292Tyr,Asn,292,Tyr,AAT,TAT
p.Asn292Thr,Asn,292,Thr,AAT,ACT
p.Gly293Ala,Gly,293,Ala,GGA,GCA
p.Gly293Glu,Gly,293,Glu,GGA,GAA
p.Gly293Ter,Gly,293,Ter,GGA,TGA
p.Gly293Arg,Gly,293,Arg,GGA,CGA
p.Gly293Val,Gly,293,Val,GGA,GTA
p.Ser294Asn,Ser,294,Asn,AGT,AAT
p.Ser294Cys,Ser,294,Cys,AGT,TGT
p.Ser294Ile,Ser,294,Ile,AGT,ATT
p.Ser294Gly,Ser,294,Gly,AGT,GGT
p.Ser294Arg,Ser,294,Arg,AGT,CGT
p.Ser294Thr,Ser,294,Thr,AGT,ACT
p.Leu295Ile,Leu,295,Ile,CTA,ATA
p.Leu295Gln,Leu,295,Gln,CTA,CAA
p.Leu295Arg,Leu,295,Arg,CTA,CGA
p.Leu295Val,Leu,295,Val,CTA,GTA
p.Leu295Pro,Leu,295,Pro,CTA,CCA
p.Cys296Ter,Cys,296,Ter,TGT,TGA
p.Cys296Trp,Cys,296,Trp,TGT,TGG
p.Cys296Ser,Cys,296,Ser,TGT,AGT
p.Cys296Gly,Cys,296,Gly,TGT,GGT
p.Cys296Phe,Cys,296,Phe,TGT,TTT
p.Cys296Arg,Cys,296,Arg,TGT,CGT
p.Cys296Tyr,Cys,296,Tyr,TGT,TAT
p.Asp297Glu,Asp,297,Glu,GAT,GAA
p.Asp297Ala,Asp,297,Ala,GAT,GCT
p.Asp297Asn,Asp,297,Asn,GAT,AAT
p.Asp297His,Asp,297,His,GAT,CAT
p.Asp297Val,Asp,297,Val,GAT,GTT
p.Asp297Gly,Asp,297,Gly,GAT,GGT
p.Asp297Tyr,Asp,297,Tyr,GAT,TAT
p.Gln298Lys,Gln,298,Lys,CAA,AAA
p.Gln298Glu,Gln,298,Glu,CAA,GAA
p.Gln298His,Gln,298,His,CAA,CAT
p.Gln298Arg,Gln,298,Arg,CAA,CGA
p.Gln298Leu,Gln,298,Leu,CAA,CTA
p.Gln298Ter,Gln,298,Ter,CAA,TAA
p.Gln298Pro,Gln,298,Pro,CAA,CCA
p.Glu299Gly,Glu,299,Gly,GAA,GGA
p.Glu299Ala,Glu,299,Ala,GAA,GCA
p.Glu299Asp,Glu,299,Asp,GAA,GAT
p.Glu299Lys,Glu,299,Lys,GAA,AAA
p.Glu299Gln,Glu,299,Gln,GAA,CAA
p.Glu299Val,Glu,299,Val,GAA,GTA
p.Glu299Ter,Glu,299,Ter,GAA,TAA
p.Ile300Asn,Ile,300,Asn,ATC,AAC
p.Ile300Thr,Ile,300,Thr,ATC,ACC
p.Ile300Phe,Ile,300,Phe,ATC,TTC
p.Ile300Met,Ile,300,Met,ATC,ATG
p.Ile300Val,Ile,300,Val,ATC,GTC
p.Ile300Ser,Ile,300,Ser,ATC,AGC
p.Ile300Leu,Ile,300,Leu,ATC,CTC
p.Asp301Glu,Asp,301,Glu,GAT,GAA
p.Asp301Ala,Asp,301,Ala,GAT,GCT
p.Asp301Asn,Asp,301,Asn,GAT,AAT
p.Asp301His,Asp,301,His,GAT,CAT
p.Asp301Val,Asp,301,Val,GAT,GTT
p.Asp301Gly,Asp,301,Gly,GAT,GGT
p.Asp301Tyr,Asp,301,Tyr,GAT,TAT
p.Ser302Asn,Ser,302,Asn,AGC,AAC
p.Ser302Thr,Ser,302,Thr,AGC,ACC
p.Ser302Cys,Ser,302,Cys,AGC,TGC
p.Ser302Arg,Ser,302,Arg,AGC,CGC
p.Ser302Ile,Ser,302,Ile,AGC,ATC
p.Ser302Gly,Ser,302,Gly,AGC,GGC
p.Ile303Asn,Ile,303,Asn,ATT,AAT
p.Ile303Leu,Ile,303,Leu,ATT,CTT
p.Ile303Met,Ile,303,Met,ATT,ATG
p.Ile303Val,Ile,303,Val,ATT,GTT
p.Ile303Ser,Ile,303,Ser,ATT,AGT
p.Ile303Phe,Ile,303,Phe,ATT,TTT
p.Ile303Thr,Ile,303,Thr,ATT,ACT
p.Cys304Ter,Cys,304,Ter,TGC,TGA
p.Cys304Arg,Cys,304,Arg,TGC,CGC
p.Cys304Phe,Cys,304,Phe,TGC,TTC
p.Cys304Trp,Cys,304,Trp,TGC,TGG
p.Cys304Tyr,Cys,304,Tyr,TGC,TAC
p.Cys304Gly,Cys,304,Gly,TGC,GGC
p.Cys304Ser,Cys,304,Ser,TGC,AGC
p.Ser305Asn,Ser,305,Asn,AGT,AAT
p.Ser305Cys,Ser,305,Cys,AGT,TGT
p.Ser305Ile,Ser,305,Ile,AGT,ATT
p.Ser305Gly,Ser,305,Gly,AGT,GGT
p.Ser305Arg,Ser,305,Arg,AGT,CGT
p.Ser305Thr,Ser,305,Thr,AGT,ACT
p.Ile306Lys,Ile,306,Lys,ATA,AAA
p.Ile306Arg,Ile,306,Arg,ATA,AGA
p.Ile306Val,Ile,306,Val,ATA,GTA
p.Ile306Met,Ile,306,Met,ATA,ATG
p.Ile306Thr,Ile,306,Thr,ATA,ACA
p.Ile306Leu,Ile,306,Leu,ATA,TTA
p.Glu307Lys,Glu,307,Lys,GAG,AAG
p.Glu307Gln,Glu,307,Gln,GAG,CAG
p.Glu307Asp,Glu,307,Asp,GAG,GAT
p.Glu307Ter,Glu,307,Ter,GAG,TAG
p.Glu307Val,Glu,307,Val,GAG,GTG
p.Glu307Ala,Glu,307,Ala,GAG,GCG
p.Glu307Gly,Glu,307,Gly,GAG,GGG
p.Arg308Cys,Arg,308,Cys,CGT,TGT
p.Arg308His,Arg,308,His,CGT,CAT
p.Arg308Leu,Arg,308,Leu,CGT,CTT
p.Arg308Pro,Arg,308,Pro,CGT,CCT
p.Arg308Ser,Arg,308,Ser,CGT,AGT
p.Arg308Gly,Arg,308,Gly,CGT,GGT
p.Ala309Gly,Ala,309,Gly,GCA,GGA
p.Ala309Glu,Ala,309,Glu,GCA,GAA
p.Ala309Ser,Ala,309,Ser,GCA,TCA
p.Ala309Val,Ala,309,Val,GCA,GTA
p.Ala309Thr,Ala,309,Thr,GCA,ACA
p.Ala309Pro,Ala,309,Pro,GCA,CCA
p.Asp310Glu,Asp,310,Glu,GAT,GAA
p.Asp310Ala,Asp,310,Ala,GAT,GCT
p.Asp310Asn,Asp,310,Asn,GAT,AAT
p.Asp310His,Asp,310,His,GAT,CAT
p.Asp310Val,Asp,310,Val,GAT,GTT
p.Asp310Gly,Asp,310,Gly,GAT,GGT
p.Asp310Tyr,Asp,310,Tyr,GAT,TAT
p.Asn311Lys,Asn,311,Lys,AAT,AAA
p.Asn311His,Asn,311,His,AAT,CAT
p.Asn311Ile,Asn,311,Ile,AAT,ATT
p.Asn311Ser,Asn,311,Ser,AAT,AGT
p.Asn311Asp,Asn,311,Asp,AAT,GAT
p.Asn311Tyr,Asn,311,Tyr,AAT,TAT
p.Asn311Thr,Asn,311,Thr,AAT,ACT
p.Asp312Asn,Asp,312,Asn,GAC,AAC
p.Asp312Glu,Asp,312,Glu,GAC,GAA
p.Asp312Val,Asp,312,Val,GAC,GTC
p.Asp312Ala,Asp,312,Ala,GAC,GCC
p.Asp312Tyr,Asp,312,Tyr,GAC,TAC
p.Asp312His,Asp,312,His,GAC,CAC
p.Asp312Gly,Asp,312,Gly,GAC,GGC
p.Lys313Gln,Lys,313,Gln,AAG,CAG
p.Lys313Glu,Lys,313,Glu,AAG,GAG
p.Lys313Asn,Lys,313,Asn,AAG,AAT
p.Lys313Thr,Lys,313,Thr,AAG,ACG
p.Lys313Ter,Lys,313,Ter,AAG,TAG
p.Lys313Met,Lys,313,Met,AAG,ATG
p.Lys313Arg,Lys,313,Arg,AAG,AGG
p.Glu314Gly,Glu,314,Gly,GAA,GGA
p.Glu314Ala,Glu,314,Ala,GAA,GCA
p.Glu314Asp,Glu,314,Asp,GAA,GAT
p.Glu314Lys,Glu,314,Lys,GAA,AAA
p.Glu314Gln,Glu,314,Gln,GAA,CAA
p.Glu314Val,Glu,314,Val,GAA,GTA
p.Glu314Ter,Glu,314,Ter,GAA,TAA
p.Tyr315Ser,Tyr,315,Ser,TAT,TCT
p.Tyr315Asn,Tyr,315,Asn,TAT,AAT
p.Tyr315Cys,Tyr,315,Cys,TAT,TGT
p.Tyr315His,Tyr,315,His,TAT,CAT
p.Tyr315Ter,Tyr,315,Ter,TAT,TAA
p.Tyr315Asp,Tyr,315,Asp,TAT,GAT
p.Tyr315Phe,Tyr,315,Phe,TAT,TTT
p.Leu316Ile,Leu,316,Ile,CTA,ATA
p.Leu316Gln,Leu,316,Gln,CTA,CAA
p.Leu316Arg,Leu,316,Arg,CTA,CGA
p.Leu316Val,Leu,316,Val,CTA,GTA
p.Leu316Pro,Leu,316,Pro,CTA,CCA
p.Val317Ile,Val,317,Ile,GTA,ATA
p.Val317Ala,Val,317,Ala,GTA,GCA
p.Val317Gly,Val,317,Gly,GTA,GGA
p.Val317Glu,Val,317,Glu,GTA,GAA
p.Val317Leu,Val,317,Leu,GTA,TTA
p.Leu318His,Leu,318,His,CTT,CAT
p.Leu318Ile,Leu,318,Ile,CTT,ATT
p.Leu318Pro,Leu,318,Pro,CTT,CCT
p.Leu318Val,Leu,318,Val,CTT,GTT
p.Leu318Phe,Leu,318,Phe,CTT,TTT
p.Leu318Arg,Leu,318,Arg,CTT,CGT
p.Thr319Ser,Thr,319,Ser,ACT,TCT
p.Thr319Ala,Thr,319,Ala,ACT,GCT
p.Thr319Asn,Thr,319,Asn,ACT,AAT
p.Thr319Ile,Thr,319,Ile,ACT,ATT
p.Thr319Pro,Thr,319,Pro,ACT,CCT
p.Leu320Ile,Leu,320,Ile,TTA,ATA
p.Leu320Ser,Leu,320,Ser,TTA,TCA
p.Leu320Val,Leu,320,Val,TTA,GTA
p.Leu320Ter,Leu,320,Ter,TTA,TAA
p.Leu320Phe,Leu,320,Phe,TTA,TTT
p.Thr321Ile,Thr,321,Ile,ACA,ATA
p.Thr321Ala,Thr,321,Ala,ACA,GCA
p.Thr321Lys,Thr,321,Lys,ACA,AAA
p.Thr321Ser,Thr,321,Ser,ACA,TCA
p.Thr321Arg,Thr,321,Arg,ACA,AGA
p.Thr321Pro,Thr,321,Pro,ACA,CCA
p.Lys322Ile,Lys,322,Ile,AAA,ATA
p.Lys322Glu,Lys,322,Glu,AAA,GAA
p.Lys322Asn,Lys,322,Asn,AAA,AAT
p.Lys322Gln,Lys,322,Gln,AAA,CAA
p.Lys322Arg,Lys,322,Arg,AAA,AGA
p.Lys322Thr,Lys,322,Thr,AAA,ACA
p.Lys322Ter,Lys,322,Ter,AAA,TAA
p.Asn323Lys,Asn,323,Lys,AAT,AAA
p.Asn323His,Asn,323,His,AAT,CAT
p.Asn323Ile,Asn,323,Ile,AAT,ATT
p.Asn323Ser,Asn,323,Ser,AAT,AGT
p.Asn323Asp,Asn,323,Asp,AAT,GAT
p.Asn323Tyr,Asn,323,Tyr,AAT,TAT
p.Asn323Thr,Asn,323,Thr,AAT,ACT
p.Asp324Glu,Asp,324,Glu,GAT,GAA
p.Asp324Ala,Asp,324,Ala,GAT,GCT
p.Asp324Asn,Asp,324,Asn,GAT,AAT
p.Asp324His,Asp,324,His,GAT,CAT
p.Asp324Val,Asp,324,Val,GAT,GTT
p.Asp324Gly,Asp,324,Gly,GAT,GGT
p.Asp324Tyr,Asp,324,Tyr,GAT,TAT
p.Leu325His,Leu,325,His,CTT,CAT
p.Leu325Ile,Leu,325,Ile,CTT,ATT
p.Leu325Pro,Leu,325,Pro,CTT,CCT
p.Leu325Val,Leu,325,Val,CTT,GTT
p.Leu325Phe,Leu,325,Phe,CTT,TTT
p.Leu325Arg,Leu,325,Arg,CTT,CGT
p.Asp326Asn,Asp,326,Asn,GAC,AAC
p.Asp326Glu,Asp,326,Glu,GAC,GAA
p.Asp326Val,Asp,326,Val,GAC,GTC
p.Asp326Ala,Asp,326,Ala,GAC,GCC
p.Asp326Tyr,Asp,326,Tyr,GAC,TAC
p.Asp326His,Asp,326,His,GAC,CAC
p.Asp326Gly,Asp,326,Gly,GAC,GGC
p.Lys327Ile,Lys,327,Ile,AAA,ATA
p.Lys327Glu,Lys,327,Glu,AAA,GAA
p.Lys327Asn,Lys,327,Asn,AAA,AAT
p.Lys327Gln,Lys,327,Gln,AAA,CAA
p.Lys327Arg,Lys,327,Arg,AAA,AGA
p.Lys327Thr,Lys,327,Thr,AAA,ACA
p.Lys327Ter,Lys,327,Ter,AAA,TAA
p.Ala328Gly,Ala,328,Gly,GCA,GGA
p.Ala328Glu,Ala,328,Glu,GCA,GAA
p.Ala328Ser,Ala,328,Ser,GCA,TCA
p.Ala328Val,Ala,328,Val,GCA,GTA
p.Ala328Thr,Ala,328,Thr,GCA,ACA
p.Ala328Pro,Ala,328,Pro,GCA,CCA
p.Asn329Lys,Asn,329,Lys,AAT,AAA
p.Asn329His,Asn,329,His,AAT,CAT
p.Asn329Ile,Asn,329,Ile,AAT,ATT
p.Asn329Ser,Asn,329,Ser,AAT,AGT
p.Asn329Asp,Asn,329,Asp,AAT,GAT
p.Asn329Tyr,Asn,329,Tyr,AAT,TAT
p.Asn329Thr,Asn,329,Thr,AAT,ACT
p.Lys330Ile,Lys,330,Ile,AAA,ATA
p.Lys330Glu,Lys,330,Glu,AAA,GAA
p.Lys330Asn,Lys,330,Asn,AAA,AAT
p.Lys330Gln,Lys,330,Gln,AAA,CAA
p.Lys330Arg,Lys,330,Arg,AAA,AGA
p.Lys330Thr,Lys,330,Thr,AAA,ACA
p.Lys330Ter,Lys,330,Ter,AAA,TAA
p.Asp331Asn,Asp,331,Asn,GAC,AAC
p.Asp331Glu,Asp,331,Glu,GAC,GAA
p.Asp331Val,Asp,331,Val,GAC,GTC
p.Asp331Ala,Asp,331,Ala,GAC,GCC
p.Asp331Tyr,Asp,331,Tyr,GAC,TAC
p.Asp331His,Asp,331,His,GAC,CAC
p.Asp331Gly,Asp,331,Gly,GAC,GGC
p.Lys332Ile,Lys,332,Ile,AAA,ATA
p.Lys332Glu,Lys,332,Glu,AAA,GAA
p.Lys332Asn,Lys,332,Asn,AAA,AAT
p.Lys332Gln,Lys,332,Gln,AAA,CAA
p.Lys332Arg,Lys,332,Arg,AAA,AGA
p.Lys332Thr,Lys,332,Thr,AAA,ACA
p.Lys332Ter,Lys,332,Ter,AAA,TAA
p.Ala333Ser,Ala,333,Ser,GCC,TCC
p.Ala333Thr,Ala,333,Thr,GCC,ACC
p.Ala333Asp,Ala,333,Asp,GCC,GAC
p.Ala333Pro,Ala,333,Pro,GCC,CCC
p.Ala333Gly,Ala,333,Gly,GCC,GGC
p.Ala333Val,Ala,333,Val,GCC,GTC
p.Asn334Thr,Asn,334,Thr,AAC,ACC
p.Asn334Lys,Asn,334,Lys,AAC,AAA
p.Asn334Asp,Asn,334,Asp,AAC,GAC
p.Asn334Tyr,Asn,334,Tyr,AAC,TAC
p.Asn334Ile,Asn,334,Ile,AAC,ATC
p.Asn334His,Asn,334,His,AAC,CAC
p.Asn334Ser,Asn,334,Ser,AAC,AGC
p.Arg335Gly,Arg,335,Gly,CGA,GGA
p.Arg335Ter,Arg,335,Ter,CGA,TGA
p.Arg335Gln,Arg,335,Gln,CGA,CAA
p.Arg335Leu,Arg,335,Leu,CGA,CTA
p.Arg335Pro,Arg,335,Pro,CGA,CCA
p.Tyr336Asn,Tyr,336,Asn,TAC,AAC
p.Tyr336Ser,Tyr,336,Ser,TAC,TCC
p.Tyr336Cys,Tyr,336,Cys,TAC,TGC
p.Tyr336Phe,Tyr,336,Phe,TAC,TTC
p.Tyr336Asp,Tyr,336,Asp,TAC,GAC
p.Tyr336Ter,Tyr,336,Ter,TAC,TAA
p.Tyr336His,Tyr,336,His,TAC,CAC
p.Phe337Ser,Phe,337,Ser,TTT,TCT
p.Phe337Cys,Phe,337,Cys,TTT,TGT
p.Phe337Leu,Phe,337,Leu,TTT,CTT
p.Phe337Ile,Phe,337,Ile,TTT,ATT
p.Phe337Val,Phe,337,Val,TTT,GTT
p.Phe337Tyr,Phe,337,Tyr,TTT,TAT
p.Ser338Ala,Ser,338,Ala,TCT,GCT
p.Ser338Cys,Ser,338,Cys,TCT,TGT
p.Ser338Pro,Ser,338,Pro,TCT,CCT
p.Ser338Phe,Ser,338,Phe,TCT,TTT
p.Ser338Tyr,Ser,338,Tyr,TCT,TAT
p.Ser338Thr,Ser,338,Thr,TCT,ACT
p.Pro339Ala,Pro,339,Ala,CCA,GCA
p.Pro339Gln,Pro,339,Gln,CCA,CAA
p.Pro339Ser,Pro,339,Ser,CCA,TCA
p.Pro339Arg,Pro,339,Arg,CCA,CGA
p.Pro339Thr,Pro,339,Thr,CCA,ACA
p.Pro339Leu,Pro,339,Leu,CCA,CTA
p.Asn340Lys,Asn,340,Lys,AAT,AAA
p.Asn340His,Asn,340,His,AAT,CAT
p.Asn340Ile,Asn,340,Ile,AAT,ATT
p.Asn340Ser,Asn,340,Ser,AAT,AGT
p.Asn340Asp,Asn,340,Asp,AAT,GAT
p.Asn340Tyr,Asn,340,Tyr,AAT,TAT
p.Asn340Thr,Asn,340,Thr,AAT,ACT
p.Phe341Ser,Phe,341,Ser,TTT,TCT
p.Phe341Cys,Phe,341,Cys,TTT,TGT
p.Phe341Leu,Phe,341,Leu,TTT,CTT
p.Phe341Ile,Phe,341,Ile,TTT,ATT
p.Phe341Val,Phe,341,Val,TTT,GTT
p.Phe341Tyr,Phe,341,Tyr,TTT,TAT
p.Lys342Gln,Lys,342,Gln,AAG,CAG
p.Lys342Glu,Lys,342,Glu,AAG,GAG
p.Lys342Asn,Lys,342,Asn,AAG,AAT
p.Lys342Thr,Lys,342,Thr,AAG,ACG
p.Lys342Ter,Lys,342,Ter,AAG,TAG
p.Lys342Met,Lys,342,Met,AAG,ATG
p.Lys342Arg,Lys,342,Arg,AAG,AGG
p.Val343Glu,Val,343,Glu,GTG,GAG
p.Val343Leu,Val,343,Leu,GTG,TTG
p.Val343Met,Val,343,Met,GTG,ATG
p.Val343Ala,Val,343,Ala,GTG,GCG
p.Val343Gly,Val,343,Gly,GTG,GGG
p.Lys344Gln,Lys,344,Gln,AAG,CAG
p.Lys344Glu,Lys,344,Glu,AAG,GAG
p.Lys344Asn,Lys,344,Asn,AAG,AAT
p.Lys344Thr,Lys,344,Thr,AAG,ACG
p.Lys344Ter,Lys,344,Ter,AAG,TAG
p.Lys344Met,Lys,344,Met,AAG,ATG
p.Lys344Arg,Lys,344,Arg,AAG,AGG
p.Leu345Gln,Leu,345,Gln,CTG,CAG
p.Leu345Pro,Leu,345,Pro,CTG,CCG
p.Leu345Val,Leu,345,Val,CTG,GTG
p.Leu345Met,Leu,345,Met,CTG,ATG
p.Leu345Arg,Leu,345,Arg,CTG,CGG
p.Tyr346Asn,Tyr,346,Asn,TAC,AAC
p.Tyr346Ser,Tyr,346,Ser,TAC,TCC
p.Tyr346Cys,Tyr,346,Cys,TAC,TGC
p.Tyr346Phe,Tyr,346,Phe,TAC,TTC
p.Tyr346Asp,Tyr,346,Asp,TAC,GAC
p.Tyr346Ter,Tyr,346,Ter,TAC,TAA
p.Tyr346His,Tyr,346,His,TAC,CAC
p.Phe347Ser,Phe,347,Ser,TTC,TCC
p.Phe347Ile,Phe,347,Ile,TTC,ATC
p.Phe347Cys,Phe,347,Cys,TTC,TGC
p.Phe347Tyr,Phe,347,Tyr,TTC,TAC
p.Phe347Val,Phe,347,Val,TTC,GTC
p.Phe347Leu,Phe,347,Leu,TTC,CTC
p.Thr348Ile,Thr,348,Ile,ACA,ATA
p.Thr348Ala,Thr,348,Ala,ACA,GCA
p.Thr348Lys,Thr,348,Lys,ACA,AAA
p.Thr348Ser,Thr,348,Ser,ACA,TCA
p.Thr348Arg,Thr,348,Arg,ACA,AGA
p.Thr348Pro,Thr,348,Pro,ACA,CCA
p.Lys349Ile,Lys,349,Ile,AAA,ATA
p.Lys349Glu,Lys,349,Glu,AAA,GAA
p.Lys349Asn,Lys,349,Asn,AAA,AAT
p.Lys349Gln,Lys,349,Gln,AAA,CAA
p.Lys349Arg,Lys,349,Arg,AAA,AGA
p.Lys349Thr,Lys,349,Thr,AAA,ACA
p.Lys349Ter,Lys,349,Ter,AAA,TAA
p.Thr350Ile,Thr,350,Ile,ACA,ATA
p.Thr350Ala,Thr,350,Ala,ACA,GCA
p.Thr350Lys,Thr,350,Lys,ACA,AAA
p.Thr350Ser,Thr,350,Ser,ACA,TCA
p.Thr350Arg,Thr,350,Arg,ACA,AGA
p.Thr350Pro,Thr,350,Pro,ACA,CCA
p.Val351Ile,Val,351,Ile,GTA,ATA
p.Val351Ala,Val,351,Ala,GTA,GCA
p.Val351Gly,Val,351,Gly,GTA,GGA
p.Val351Glu,Val,351,Glu,GTA,GAA
p.Val351Leu,Val,351,Leu,GTA,TTA
p.Glu352Lys,Glu,352,Lys,GAG,AAG
p.Glu352Gln,Glu,352,Gln,GAG,CAG
p.Glu352Asp,Glu,352,Asp,GAG,GAT
p.Glu352Ter,Glu,352,Ter,GAG,TAG
p.Glu352Val,Glu,352,Val,GAG,GTG
p.Glu352Ala,Glu,352,Ala,GAG,GCG
p.Glu352Gly,Glu,352,Gly,GAG,GGG
p.Glu353Lys,Glu,353,Lys,GAG,AAG
p.Glu353Gln,Glu,353,Gln,GAG,CAG
p.Glu353Asp,Glu,353,Asp,GAG,GAT
p.Glu353Ter,Glu,353,Ter,GAG,TAG
p.Glu353Val,Glu,353,Val,GAG,GTG
p.Glu353Ala,Glu,353,Ala,GAG,GCG
p.Glu353Gly,Glu,353,Gly,GAG,GGG
p.Pro354Gln,Pro,354,Gln,CCG,CAG
p.Pro354Thr,Pro,354,Thr,CCG,ACG
p.Pro354Arg,Pro,354,Arg,CCG,CGG
p.Pro354Leu,Pro,354,Leu,CCG,CTG
p.Pro354Ala,Pro,354,Ala,CCG,GCG
p.Pro354Ser,Pro,354,Ser,CCG,TCG
p.Ser355Ala,Ser,355,Ala,TCA,GCA
p.Ser355Thr,Ser,355,Thr,TCA,ACA
p.Ser355Ter,Ser,355,Ter,TCA,TAA
p.Ser355Pro,Ser,355,Pro,TCA,CCA
p.Ser355Leu,Ser,355,Leu,TCA,TTA
p.Asn356Lys,Asn,356,Lys,AAT,AAA
p.Asn356His,Asn,356,His,AAT,CAT
p.Asn356Ile,Asn,356,Ile,AAT,ATT
p.Asn356Ser,Asn,356,Ser,AAT,AGT
p.Asn356Asp,Asn,356,Asp,AAT,GAT
p.Asn356Tyr,Asn,356,Tyr,AAT,TAT
p.Asn356Thr,Asn,356,Thr,AAT,ACT
p.Pro357Ala,Pro,357,Ala,CCA,GCA
p.Pro357Gln,Pro,357,Gln,CCA,CAA
p.Pro357Ser,Pro,357,Ser,CCA,TCA
p.Pro357Arg,Pro,357,Arg,CCA,CGA
p.Pro357Thr,Pro,357,Thr,CCA,ACA
p.Pro357Leu,Pro,357,Leu,CCA,CTA
p.Glu358Lys,Glu,358,Lys,GAG,AAG
p.Glu358Gln,Glu,358,Gln,GAG,CAG
p.Glu358Asp,Glu,358,Asp,GAG,GAT
p.Glu358Ter,Glu,358,Ter,GAG,TAG
p.Glu358Val,Glu,358,Val,GAG,GTG
p.Glu358Ala,Glu,358,Ala,GAG,GCG
p.Glu358Gly,Glu,358,Gly,GAG,GGG
p.Ala359Ser,Ala,359,Ser,GCT,TCT
p.Ala359Pro,Ala,359,Pro,GCT,CCT
p.Ala359Val,Ala,359,Val,GCT,GTT
p.Ala359Gly,Ala,359,Gly,GCT,GGT
p.Ala359Asp,Ala,359,Asp,GCT,GAT
p.Ala359Thr,Ala,359,Thr,GCT,ACT
p.Ser360Asn,Ser,360,Asn,AGC,AAC
p.Ser360Thr,Ser,360,Thr,AGC,ACC
p.Ser360Cys,Ser,360,Cys,AGC,TGC
p.Ser360Arg,Ser,360,Arg,AGC,CGC
p.Ser360Ile,Ser,360,Ile,AGC,ATC
p.Ser360Gly,Ser,360,Gly,AGC,GGC
p.Ser361Asn,Ser,361,Asn,AGT,AAT
p.Ser361Cys,Ser,361,Cys,AGT,TGT
p.Ser361Ile,Ser,361,Ile,AGT,ATT
p.Ser361Gly,Ser,361,Gly,AGT,GGT
p.Ser361Arg,Ser,361,Arg,AGT,CGT
p.Ser361Thr,Ser,361,Thr,AGT,ACT
p.Ser362Ala,Ser,362,Ala,TCA,GCA
p.Ser362Thr,Ser,362,Thr,TCA,ACA
p.Ser362Ter,Ser,362,Ter,TCA,TAA
p.Ser362Pro,Ser,362,Pro,TCA,CCA
p.Ser362Leu,Ser,362,Leu,TCA,TTA
p.Thr363Ser,Thr,363,Ser,ACT,TCT
p.Thr363Ala,Thr,363,Ala,ACT,GCT
p.Thr363Asn,Thr,363,Asn,ACT,AAT
p.Thr363Ile,Thr,363,Ile,ACT,ATT
p.Thr363Pro,Thr,363,Pro,ACT,CCT
p.Ser364Ala,Ser,364,Ala,TCT,GCT
p.Ser364Cys,Ser,364,Cys,TCT,TGT
p.Ser364Pro,Ser,364,Pro,TCT,CCT
p.Ser364Phe,Ser,364,Phe,TCT,TTT
p.Ser364Tyr,Ser,364,Tyr,TCT,TAT
p.Ser364Thr,Ser,364,Thr,TCT,ACT
p.Val365Ile,Val,365,Ile,GTA,ATA
p.Val365Ala,Val,365,Ala,GTA,GCA
p.Val365Gly,Val,365,Gly,GTA,GGA
p.Val365Glu,Val,365,Glu,GTA,GAA
p.Val365Leu,Val,365,Leu,GTA,TTA
p.Thr366Ile,Thr,366,Ile,ACA,ATA
p.Thr366Ala,Thr,366,Ala,ACA,GCA
p.Thr366Lys,Thr,366,Lys,ACA,AAA
p.Thr366Ser,Thr,366,Ser,ACA,TCA
p.Thr366Arg,Thr,366,Arg,ACA,AGA
p.Thr366Pro,Thr,366,Pro,ACA,CCA
p.Pro367Ala,Pro,367,Ala,CCA,GCA
p.Pro367Gln,Pro,367,Gln,CCA,CAA
p.Pro367Ser,Pro,367,Ser,CCA,TCA
p.Pro367Arg,Pro,367,Arg,CCA,CGA
p.Pro367Thr,Pro,367,Thr,CCA,ACA
p.Pro367Leu,Pro,367,Leu,CCA,CTA
p.Asp368Glu,Asp,368,Glu,GAT,GAA
p.Asp368Ala,Asp,368,Ala,GAT,GCT
p.Asp368Asn,Asp,368,Asn,GAT,AAT
p.Asp368His,Asp,368,His,GAT,CAT
p.Asp368Val,Asp,368,Val,GAT,GTT
p.Asp368Gly,Asp,368,Gly,GAT,GGT
p.Asp368Tyr,Asp,368,Tyr,GAT,TAT
p.Val369Ala,Val,369,Ala,GTT,GCT
p.Val369Leu,Val,369,Leu,GTT,CTT
p.Val369Ile,Val,369,Ile,GTT,ATT
p.Val369Gly,Val,369,Gly,GTT,GGT
p.Val369Asp,Val,369,Asp,GTT,GAT
p.Val369Phe,Val,369,Phe,GTT,TTT
p.Ser370Asn,Ser,370,Asn,AGT,AAT
p.Ser370Cys,Ser,370,Cys,AGT,TGT
p.Ser370Ile,Ser,370,Ile,AGT,ATT
p.Ser370Gly,Ser,370,Gly,AGT,GGT
p.Ser370Arg,Ser,370,Arg,AGT,CGT
p.Ser370Thr,Ser,370,Thr,AGT,ACT
p.Asp371Asn,Asp,371,Asn,GAC,AAC
p.Asp371Glu,Asp,371,Glu,GAC,GAA
p.Asp371Val,Asp,371,Val,GAC,GTC
p.Asp371Ala,Asp,371,Ala,GAC,GCC
p.Asp371Tyr,Asp,371,Tyr,GAC,TAC
p.Asp371His,Asp,371,His,GAC,CAC
p.Asp371Gly,Asp,371,Gly,GAC,GGC
p.Asn372Lys,Asn,372,Lys,AAT,AAA
p.Asn372His,Asn,372,His,AAT,CAT
p.Asn372Ile,Asn,372,Ile,AAT,ATT
p.Asn372Ser,Asn,372,Ser,AAT,AGT
p.Asn372Asp,Asn,372,Asp,AAT,GAT
p.Asn372Tyr,Asn,372,Tyr,AAT,TAT
p.Asn372Thr,Asn,372,Thr,AAT,ACT
p.Glu373Gly,Glu,373,Gly,GAA,GGA
p.Glu373Ala,Glu,373,Ala,GAA,GCA
p.Glu373Asp,Glu,373,Asp,GAA,GAT
p.Glu373Lys,Glu,373,Lys,GAA,AAA
p.Glu373Gln,Glu,373,Gln,GAA,CAA
p.Glu373Val,Glu,373,Val,GAA,GTA
p.Glu373Ter,Glu,373,Ter,GAA,TAA
p.Pro374Ser,Pro,374,Ser,CCT,TCT
p.Pro374Ala,Pro,374,Ala,CCT,GCT
p.Pro374His,Pro,374,His,CCT,CAT
p.Pro374Leu,Pro,374,Leu,CCT,CTT
p.Pro374Arg,Pro,374,Arg,CCT,CGT
p.Pro374Thr,Pro,374,Thr,CCT,ACT
p.Asp375Glu,Asp,375,Glu,GAT,GAA
p.Asp375Ala,Asp,375,Ala,GAT,GCT
p.Asp375Asn,Asp,375,Asn,GAT,AAT
p.Asp375His,Asp,375,His,GAT,CAT
p.Asp375Val,Asp,375,Val,GAT,GTT
p.Asp375Gly,Asp,375,Gly,GAT,GGT
p.Asp375Tyr,Asp,375,Tyr,GAT,TAT
p.His376Asn,His,376,Asn,CAT,AAT
p.His376Gln,His,376,Gln,CAT,CAA
p.His376Leu,His,376,Leu,CAT,CTT
p.His376Pro,His,376,Pro,CAT,CCT
p.His376Asp,His,376,Asp,CAT,GAT
p.His376Arg,His,376,Arg,CAT,CGT
p.His376Tyr,His,376,Tyr,CAT,TAT
p.Tyr377Ser,Tyr,377,Ser,TAT,TCT
p.Tyr377Asn,Tyr,377,Asn,TAT,AAT
p.Tyr377Cys,Tyr,377,Cys,TAT,TGT
p.Tyr377His,Tyr,377,His,TAT,CAT
p.Tyr377Ter,Tyr,377,Ter,TAT,TAA
p.Tyr377Asp,Tyr,377,Asp,TAT,GAT
p.Tyr377Phe,Tyr,377,Phe,TAT,TTT
p.Arg378Gly,Arg,378,Gly,AGA,GGA
p.Arg378Ile,Arg,378,Ile,AGA,ATA
p.Arg378Lys,Arg,378,Lys,AGA,AAA
p.Arg378Ter,Arg,378,Ter,AGA,TGA
p.Arg378Ser,Arg,378,Ser,AGA,AGT
p.Arg378Thr,Arg,378,Thr,AGA,ACA
p.Tyr379Ser,Tyr,379,Ser,TAT,TCT
p.Tyr379Asn,Tyr,379,Asn,TAT,AAT
p.Tyr379Cys,Tyr,379,Cys,TAT,TGT
p.Tyr379His,Tyr,379,His,TAT,CAT
p.Tyr379Ter,Tyr,379,Ter,TAT,TAA
p.Tyr379Asp,Tyr,379,Asp,TAT,GAT
p.Tyr379Phe,Tyr,379,Phe,TAT,TTT
p.Ser380Ala,Ser,380,Ala,TCT,GCT
p.Ser380Cys,Ser,380,Cys,TCT,TGT
p.Ser380Pro,Ser,380,Pro,TCT,CCT
p.Ser380Phe,Ser,380,Phe,TCT,TTT
p.Ser380Tyr,Ser,380,Tyr,TCT,TAT
p.Ser380Thr,Ser,380,Thr,TCT,ACT
p.Asp381Asn,Asp,381,Asn,GAC,AAC
p.Asp381Glu,Asp,381,Glu,GAC,GAA
p.Asp381Val,Asp,381,Val,GAC,GTC
p.Asp381Ala,Asp,381,Ala,GAC,GCC
p.Asp381Tyr,Asp,381,Tyr,GAC,TAC
p.Asp381His,Asp,381,His,GAC,CAC
p.Asp381Gly,Asp,381,Gly,GAC,GGC
p.Thr382Asn,Thr,382,Asn,ACC,AAC
p.Thr382Ser,Thr,382,Ser,ACC,TCC
p.Thr382Pro,Thr,382,Pro,ACC,CCC
p.Thr382Ala,Thr,382,Ala,ACC,GCC
p.Thr382Ile,Thr,382,Ile,ACC,ATC
p.Thr383Ser,Thr,383,Ser,ACT,TCT
p.Thr383Ala,Thr,383,Ala,ACT,GCT
p.Thr383Asn,Thr,383,Asn,ACT,AAT
p.Thr383Ile,Thr,383,Ile,ACT,ATT
p.Thr383Pro,Thr,383,Pro,ACT,CCT
p.Asp384Asn,Asp,384,Asn,GAC,AAC
p.Asp384Glu,Asp,384,Glu,GAC,GAA
p.Asp384Val,Asp,384,Val,GAC,GTC
p.Asp384Ala,Asp,384,Ala,GAC,GCC
p.Asp384Tyr,Asp,384,Tyr,GAC,TAC
p.Asp384His,Asp,384,His,GAC,CAC
p.Asp384Gly,Asp,384,Gly,GAC,GGC
p.Ser385Ala,Ser,385,Ala,TCT,GCT
p.Ser385Cys,Ser,385,Cys,TCT,TGT
p.Ser385Pro,Ser,385,Pro,TCT,CCT
p.Ser385Phe,Ser,385,Phe,TCT,TTT
p.Ser385Tyr,Ser,385,Tyr,TCT,TAT
p.Ser385Thr,Ser,385,Thr,TCT,ACT
p.Asp386Glu,Asp,386,Glu,GAT,GAA
p.Asp386Ala,Asp,386,Ala,GAT,GCT
p.Asp386Asn,Asp,386,Asn,GAT,AAT
p.Asp386His,Asp,386,His,GAT,CAT
p.Asp386Val,Asp,386,Val,GAT,GTT
p.Asp386Gly,Asp,386,Gly,GAT,GGT
p.Asp386Tyr,Asp,386,Tyr,GAT,TAT
p.Pro387Ala,Pro,387,Ala,CCA,GCA
p.Pro387Gln,Pro,387,Gln,CCA,CAA
p.Pro387Ser,Pro,387,Ser,CCA,TCA
p.Pro387Arg,Pro,387,Arg,CCA,CGA
p.Pro387Thr,Pro,387,Thr,CCA,ACA
p.Pro387Leu,Pro,387,Leu,CCA,CTA
p.Glu388Lys,Glu,388,Lys,GAG,AAG
p.Glu388Gln,Glu,388,Gln,GAG,CAG
p.Glu388Asp,Glu,388,Asp,GAG,GAT
p.Glu388Ter,Glu,388,Ter,GAG,TAG
p.Glu388Val,Glu,388,Val,GAG,GTG
p.Glu388Ala,Glu,388,Ala,GAG,GCG
p.Glu388Gly,Glu,388,Gly,GAG,GGG
p.Asn389Lys,Asn,389,Lys,AAT,AAA
p.Asn389His,Asn,389,His,AAT,CAT
p.Asn389Ile,Asn,389,Ile,AAT,ATT
p.Asn389Ser,Asn,389,Ser,AAT,AGT
p.Asn389Asp,Asn,389,Asp,AAT,GAT
p.Asn389Tyr,Asn,389,Tyr,AAT,TAT
p.Asn389Thr,Asn,389,Thr,AAT,ACT
p.Glu390Gly,Glu,390,Gly,GAA,GGA
p.Glu390Ala,Glu,390,Ala,GAA,GCA
p.Glu390Asp,Glu,390,Asp,GAA,GAT
p.Glu390Lys,Glu,390,Lys,GAA,AAA
p.Glu390Gln,Glu,390,Gln,GAA,CAA
p.Glu390Val,Glu,390,Val,GAA,GTA
p.Glu390Ter,Glu,390,Ter,GAA,TAA
p.Pro391Ser,Pro,391,Ser,CCT,TCT
p.Pro391Ala,Pro,391,Ala,CCT,GCT
p.Pro391His,Pro,391,His,CCT,CAT
p.Pro391Leu,Pro,391,Leu,CCT,CTT
p.Pro391Arg,Pro,391,Arg,CCT,CGT
p.Pro391Thr,Pro,391,Thr,CCT,ACT
p.Phe392Ser,Phe,392,Ser,TTT,TCT
p.Phe392Cys,Phe,392,Cys,TTT,TGT
p.Phe392Leu,Phe,392,Leu,TTT,CTT
p.Phe392Ile,Phe,392,Ile,TTT,ATT
p.Phe392Val,Phe,392,Val,TTT,GTT
p.Phe392Tyr,Phe,392,Tyr,TTT,TAT
p.Asp393Glu,Asp,393,Glu,GAT,GAA
p.Asp393Ala,Asp,393,Ala,GAT,GCT
p.Asp393Asn,Asp,393,Asn,GAT,AAT
p.Asp393His,Asp,393,His,GAT,CAT
p.Asp393Val,Asp,393,Val,GAT,GTT
p.Asp393Gly,Asp,393,Gly,GAT,GGT
p.Asp393Tyr,Asp,393,Tyr,GAT,TAT
p.Glu394Gly,Glu,394,Gly,GAA,GGA
p.Glu394Ala,Glu,394,Ala,GAA,GCA
p.Glu394Asp,Glu,394,Asp,GAA,GAT
p.Glu394Lys,Glu,394,Lys,GAA,AAA
p.Glu394Gln,Glu,394,Gln,GAA,CAA
p.Glu394Val,Glu,394,Val,GAA,GTA
p.Glu394Ter,Glu,394,Ter,GAA,TAA
p.Asp395Glu,Asp,395,Glu,GAT,GAA
p.Asp395Ala,Asp,395,Ala,GAT,GCT
p.Asp395Asn,Asp,395,Asn,GAT,AAT
p.Asp395His,Asp,395,His,GAT,CAT
p.Asp395Val,Asp,395,Val,GAT,GTT
p.Asp395Gly,Asp,395,Gly,GAT,GGT
p.Asp395Tyr,Asp,395,Tyr,GAT,TAT
p.Gln396Lys,Gln,396,Lys,CAG,AAG
p.Gln396Glu,Gln,396,Glu,CAG,GAG
p.Gln396Pro,Gln,396,Pro,CAG,CCG
p.Gln396His,Gln,396,His,CAG,CAT
p.Gln396Ter,Gln,396,Ter,CAG,TAG
p.Gln396Arg,Gln,396,Arg,CAG,CGG
p.Gln396Leu,Gln,396,Leu,CAG,CTG
p.His397Asn,His,397,Asn,CAT,AAT
p.His397Gln,His,397,Gln,CAT,CAA
p.His397Leu,His,397,Leu,CAT,CTT
p.His397Pro,His,397,Pro,CAT,CCT
p.His397Asp,His,397,Asp,CAT,GAT
p.His397Arg,His,397,Arg,CAT,CGT
p.His397Tyr,His,397,Tyr,CAT,TAT
p.Thr398Ile,Thr,398,Ile,ACA,ATA
p.Thr398Ala,Thr,398,Ala,ACA,GCA
p.Thr398Lys,Thr,398,Lys,ACA,AAA
p.Thr398Ser,Thr,398,Ser,ACA,TCA
p.Thr398Arg,Thr,398,Arg,ACA,AGA
p.Thr398Pro,Thr,398,Pro,ACA,CCA
p.Gln399Lys,Gln,399,Lys,CAA,AAA
p.Gln399Glu,Gln,399,Glu,CAA,GAA
p.Gln399His,Gln,399,His,CAA,CAT
p.Gln399Arg,Gln,399,Arg,CAA,CGA
p.Gln399Leu,Gln,399,Leu,CAA,CTA
p.Gln399Ter,Gln,399,Ter,CAA,TAA
p.Gln399Pro,Gln,399,Pro,CAA,CCA
p.Ile400Asn,Ile,400,Asn,ATT,AAT
p.Ile400Leu,Ile,400,Leu,ATT,CTT
p.Ile400Met,Ile,400,Met,ATT,ATG
p.Ile400Val,Ile,400,Val,ATT,GTT
p.Ile400Ser,Ile,400,Ser,ATT,AGT
p.Ile400Phe,Ile,400,Phe,ATT,TTT
p.Ile400Thr,Ile,400,Thr,ATT,ACT
p.Thr401Ile,Thr,401,Ile,ACA,ATA
p.Thr401Ala,Thr,401,Ala,ACA,GCA
p.Thr401Lys,Thr,401,Lys,ACA,AAA
p.Thr401Ser,Thr,401,Ser,ACA,TCA
p.Thr401Arg,Thr,401,Arg,ACA,AGA
p.Thr401Pro,Thr,401,Pro,ACA,CCA
p.Lys402Ile,Lys,402,Ile,AAA,ATA
p.Lys402Glu,Lys,402,Glu,AAA,GAA
p.Lys402Asn,Lys,402,Asn,AAA,AAT
p.Lys402Gln,Lys,402,Gln,AAA,CAA
p.Lys402Arg,Lys,402,Arg,AAA,AGA
p.Lys402Thr,Lys,402,Thr,AAA,ACA
p.Lys402Ter,Lys,402,Ter,AAA,TAA
p.Val403Asp,Val,403,Asp,GTC,GAC
p.Val403Ala,Val,403,Ala,GTC,GCC
p.Val403Phe,Val,403,Phe,GTC,TTC
p.Val403Ile,Val,403,Ile,GTC,ATC
p.Val403Gly,Val,403,Gly,GTC,GGC
p.Val403Leu,Val,403,Leu,GTC,CTC
p.Ter404Gly,Ter,404,Gly,TGA,GGA
p.Ter404Cys,Ter,404,Cys,TGA,TGT
p.Ter404Ser,Ter,404,Ser,TGA,TCA
p.Ter404Arg,Ter,404,Arg,TGA,CGA
p.Ter404Trp,Ter,404,Trp,TGA,TGG
p.Ter404Leu,Ter,404,Leu,TGA,TTA
