p.Gln1Lys,Gln,1,Lys,CAA,AAA
p.Gln1Glu,Gln,1,Glu,CAA,GAA
p.Gln1His,Gln,1,His,CAA,CAT
p.Gln1Arg,Gln,1,Arg,CAA,CGA
p.Gln1Leu,Gln,1,Leu,CAA,CTA
p.Gln1Ter,Gln,1,Ter,CAA,TAA
p.Gln1Pro,Gln,1,Pro,CAA,CCA
p.Gln2Lys,Gln,2,Lys,CAA,AAA
p.Gln2Glu,Gln,2,Glu,CAA,GAA
p.Gln2His,Gln,2,His,CAA,CAT
p.Gln2Arg,Gln,2,Arg,CAA,CGA
p.Gln2Leu,Gln,2,Leu,CAA,CTA
p.Gln2Ter,Gln,2,Ter,CAA,TAA
p.Gln2Pro,Gln,2,Pro,CAA,CCA
p.Arg3Gly,Arg,3,Gly,AGA,GGA
p.Arg3Ile,Arg,3,Ile,AGA,ATA
p.Arg3Lys,Arg,3,Lys,AGA,AAA
p.Arg3Ter,Arg,3,Ter,AGA,TGA
p.Arg3Ser,Arg,3,Ser,AGA,AGT
p.Arg3Thr,Arg,3,Thr,AGA,ACA
p.Leu4Ter,Leu,4,Ter,TTG,TAG
p.Leu4Trp,Leu,4,Trp,TTG,TGG
p.Leu4Met,Leu,4,Met,TTG,ATG
p.Leu4Val,Leu,4,Val,TTG,GTG
p.Leu4Phe,Leu,4,Phe,TTG,TTT
p.Leu4Ser,Leu,4,Ser,TTG,TCG
p.Ile5Asn,Ile,5,Asn,ATC,AAC
p.Ile5Thr,Ile,5,Thr,ATC,ACC
p.Ile5Phe,Ile,5,Phe,ATC,TTC
p.Ile5Met,Ile,5,Met,ATC,ATG
p.Ile5Val,Ile,5,Val,ATC,GTC
p.Ile5Ser,Ile,5,Ser,ATC,AGC
p.Ile5Leu,Ile,5,Leu,ATC,CTC
p.Phe6Ser,Phe,6,Ser,TTT,TCT
p.Phe6Cys,Phe,6,Cys,TTT,TGT
p.Phe6Leu,Phe,6,Leu,TTT,CTT
p.Phe6Ile,Phe,6,Ile,TTT,ATT
p.Phe6Val,Phe,6,Val,TTT,GTT
p.Phe6Tyr,Phe,6,Tyr,TTT,TAT
p.Ala7Ser,Ala,7,Ser,GCT,TCT
p.Ala7Pro,Ala,7,Pro,GCT,CCT
p.Ala7Val,Ala,7,Val,GCT,GTT
p.Ala7Gly,Ala,7,Gly,GCT,GGT
p.Ala7Asp,Ala,7,Asp,GCT,GAT
p.Ala7Thr,Ala,7,Thr,GCT,ACT
p.Gly8Ala,Gly,8,Ala,GGT,GCT
p.Gly8Cys,Gly,8,Cys,GGT,TGT
p.Gly8Ser,Gly,8,Ser,GGT,AGT
p.Gly8Val,Gly,8,Val,GGT,GTT
p.Gly8Asp,Gly,8,Asp,GGT,GAT
p.Gly8Arg,Gly,8,Arg,GGT,CGT
p.Lys9Gln,Lys,9,Gln,AAG,CAG
p.Lys9Glu,Lys,9,Glu,AAG,GAG
p.Lys9Asn,Lys,9,Asn,AAG,AAT
p.Lys9Thr,Lys,9,Thr,AAG,ACG
p.Lys9Ter,Lys,9,Ter,AAG,TAG
p.Lys9Met,Lys,9,Met,AAG,ATG
p.Lys9Arg,Lys,9,Arg,AAG,AGG
